id,keyword,location,text,target
1,,,our deed be the reason of this earthquake may allah forgive u all,1
4,,,forest fire near la range sask . canada,1
5,,,all resident ask to ' shelter in place ' be be notify by officer . no other evacuation or shelter in place order be expect,1
6,,,"13,000 people receive wildfire evacuation order in california",1
7,,,just get send this photo from ruby alaska a smoke from wildfire pour into a school,1
8,,,rockyfire update california hwy . 20 close in both direction due to lake county fire - afire wildfire,1
10,,,"flood disaster heavy rain cause flash flooding of street in manitou , colorado spring area",1
13,,,I be on top of the hill and i can see a fire in the wood ...,1
14,,,there be an emergency evacuation happen now in the building across the street,1
15,,,I be afraid that the tornado be come to our area ...,1
16,,,three people die from the heat wave so far,1
17,,,hah south tampa be get flood hah wait a second i live in south tampa what be i gon na do what be i gon na do fuck flood,1
18,,,rain flood florida tampabay tampa 18 or 19 day . I have lose count,1
19,,,flood in ago myanmar we arrive ago,1
20,,,damage to school bus on 80 in mufti car crash breaking,1
23,,,what be up man ?,0
24,,,i love fruit,0
25,,,summer be lovely,0
26,,,my car be so fast,0
28,,,what a goooooooaaaaaal !,0
31,,,this be ridiculous ...,0
32,,,london be cool,0
33,,,love skiing,0
34,,,what a wonderful day !,0
36,,,looooool,0
37,,,no way ... i can not eat that shit,0
38,,,be in new york city last week !,0
39,,,love my girlfriend,0
40,,,cooool,0
41,,,do you like pasta ?,0
44,,,the end !,0
48,ablaze,birmingham,bbcmtd wholesale market ablaze,1
49,ablaze,est . september 2012 - bristol,we always try to bring the heavy . metal rt,0
50,ablaze,africa,africanbaze break newsnigeria flag set ablaze in aba .,1
52,ablaze,"philadelphia , pa",cry out for more ! set me ablaze,0
53,ablaze,"london , uk",on plus side look at the sky last night it be ablaze,0
54,ablaze,pretoria,phdsquares muff they have build so much hype around new acquisition but i doubt they will set the epl ablaze this season .,0
55,ablaze,world wide !,ines office in asia set ablaze -,1
56,ablaze,,barbados bridgetown jamaica two car set ablaze santa cruz head of the st elizabeth police superintend ...,1
57,ablaze,paranaque city,ablaze for you lord d,0
59,ablaze,live on webcam,check these out nsfw,0
61,ablaze,,on the outside you be ablaze and alive but you be dead inside,0
62,ablaze,milky way,have an awesome time visit the cfc head office the ancon site and ablaze . thanks to tits vida for take care of u ?,0
63,ablaze,,soooo pump for ablaze ? southridgelife,0
64,ablaze,,i want to set chicago ablaze with my preaching ... but not my hotel !,0
65,ablaze,,i gain 3 follower in the last week . you ? know your stats and grow with,0
66,ablaze,"greensboro , north carolina",how the west be burn thousand of wildfire ablaze in california alone,1
67,ablaze,,build the perfect tracklist to life leave the street ablaze,0
68,ablaze,live on webcam,check these out nsfw,0
71,ablaze,england .,first night with retainer in . It be quite weird . good get use to it i have to wear them every single night for the next year at least .,0
73,ablaze,"sheffield township , ohio",deputy man shot before brighton home set ablaze,1
74,ablaze,india,man wife get six year jail for set ablaze niece,1
76,ablaze,barbados,santa cruz head of the st elizabeth police superintendent sanford salmon have r ... -,0
77,ablaze,anaheim,police arsonist deliberately set black church in north carolinaablaze,1
78,ablaze,abuja,notches el-bestia ' alexissanchez happy to see my teammate and train hard ? goodnight gunner . ?,0
79,ablaze,usa,kurd trample on turkmen flag later set it ablaze while others vandalized office of turkmen front in diyala,1
80,ablaze,south africa,truck ablaze r21 . voortrekker avenue outside or mambo into . cargo section .,1
81,ablaze,"sao paul , brazil",set our heart ablaze and every city be a gift and every skyline be like a kiss upon the lip,0
82,ablaze,hollywoodland,they sky be ablaze tonight in los angels . I be expect instagram and facebook to be fill with sunset shot if i know my peep !,0
83,ablaze,"edmonton , alberta - treaty 6",how the west be burn thousand of wildfire ablaze in california alone climate energy,1
85,ablaze,,revel in yours wmv video by mean of mac farewell ablaze wmv en route to dvd gtxrwm,0
86,ablaze,inane pamantasan,progressive greeting ! in about a month student would have set their pen ablaze in the torch publication ' ...,0
89,ablaze,twitter lockout in progress,rene ablaze amp jacinth - secret 2k13 fall sky edit - mar 30 2013,0
91,ablaze,"concord , ca",navista7 steve these fire out here be something else ! california be a tinderbox - and this clown be set my ' hood ablaze news24680,1
92,ablaze,"calgary , ab",nowplaying rene ablaze amp ian buff - magnitude edm,0
93,ablaze,birmingham,nxwestmidlands huge fire at wholesale market ablaze,1
95,ablaze,san francisco,ablaze what time do your talk go until ? i do not know if i can make it due to work .,0
96,accident,clvlnd,' i can not have kid cuz i get in a bicycle accident amp split my testicle . It be impossible for me to have kid ' michael you be the father,0
97,accident,"nashville , tn",accident on i-24 w nashvilletraffic . traffic move 8m slow than usual .,1
98,accident,"santa clara , ca",accident center lane block in santaclara on us-101 nb before great america pkwy bayarea traffic,1
100,accident,uk,have a personalinjury accident this summer ? read our advice amp see how a solicitor can help otleyhour,0
102,accident,"st. louis , mo",stlouis caraccidentlawyer speed among top cause of teen accident car accident tee,0
104,accident,"walker county , alabama",report motor vehicle accident in curry on herman rd near stephenson involve an overturned vehicle . please use ...,1
105,accident,australia,bigrigradio live accident awareness,1
107,accident,north carolina,i-77 mile marker 31 south mooresville iredell vehicle accident ramp close at 86 118 prime minister,1
109,accident,,retweet sleepjunkies sleep pill double your risk of a car accident,0
110,accident,nor carolina,' by accident ' they know what be gon happen,0
112,accident,"san mate county , ca",traffic accident n carrillo hwymagellan av mir 080615 110358,1
113,accident,north carolina,i-77 mile marker 31 to 40 south mooresville iredell vehicle accident congestion at 86 118 prime minister,1
114,accident,"njord , kenya",the pastor be not in the scene of the accident ... who be the owner of the range rover ?,1
117,accident,,mom ' we do not get home as fast a we wish ' me ' why be that ? ' mom ' there be an accident and some truck spilt mayonnaise all over ?,0
118,accident,your sister 's bedroom,i be in a horrible car accident this past sunday . I be finally able to get around . thank you god ?,1
119,accident,,can wait to see how pissed donnie be when i tell him i be in another accident ?,0
120,accident,"arlington , tx",truckcrash overturn on fortworth interstate click here if you have be in a crashgt,1
121,accident,"south bloomfield , oh",accident in nashville on u 23 sb before sr 752 traffic,1
126,accident,,carolina accident motorcyclist dy in i-540 crash with car that cross median a motorcycle rider travel ...,1
128,accident,"new hanover county , nc",for your information cadfyi accident property damagenhs999 pine rdhorndale dr,1
129,accident,maldives,retweet naayf first accident in year . turn onto chandanee mags from near mma . taxi ram into me while i be halfway turn . everyone con,1
130,accident,"manchester , nh",accident leave lane block in manchester on retweet 293 nb before eddy rd stop and go traffic back to nh-3a delay of 4 min traffic,1
131,accident,"wilmington , nc",accident property damage pine rdhorndale dr,1
132,accident,,? it be an accident,0
133,accident,"new hanover county , nc",for your information cadfyi accident property damagewpd1600 s 17th st,1
134,accident,,862015209 pm traffic accident no injury at 2781 willis foreman rd,1
135,accident,global,aashiqui actress anu aggarwal on her near-fatal accident,1
136,accident,alberta sask . montana,subfield alberta accident,1
137,accident,charlotte,9 mile backup on i-77 south ... accident block the right 2 lane at exit 31 langtree rd ... consider nc 115 or nc 150 to nc 16 a alternate,1
138,accident,"baton rouge , la",have an accident change your life ? we will help you determine option that can financially support life care plan and ongoing treatment .,0
139,accident,"hagerstown , md",break there be a deadly motorcycle car accident that happen to hagerstown today . I will have more detail at 5 your4state . what,1
141,accident,"gloucestershire , uk",flowri be you marinade it or be it an accident ?,0
143,accident,,only have a car for not even a week and get in a fucking car accident ... motherfucker can not fuck drive .,1
144,accident,uk,.norwaymfa bahrain police have previously die in a road accident they be not kill by explosion,1
145,accident,"nairobi , kenya",i still have not hear church leader of kenya come forward to comment on the accident issue and disciplinary measuresarrestpastornganga,0
146,aftershock,instagram - heyimginog,aftershockdelo scum postscript live and the game ... see you,0
149,aftershock,304,' the man who can drive himself further once the effort get painful be the man who will win . ' roger bannister,0
151,aftershock,switzerland,320 ir icemoon aftershock djicemoon dubstep trapmusic dnb edm dance ice,0
153,aftershock,304,' there be no victory at bargain basement price . ' dwight david eisenhower,0
156,aftershock,u,320 ir icemoon aftershock djicemoon dubstep trapmusic dnb edm dance ice,0
157,aftershock,304,' nobody remembers who come in second . ' charles schulz,0
158,aftershock,instagram - heyimginog,aftershockdelo im speak from someone that be use a scum on xb1 most of them people will end up get on for postscript also .,0
159,aftershock,304,' the harder the conflict the more glorious the triumph . ' thomas paine,0
160,aftershock,,growingupspoiled go clay pigeon shooting and cry because of the ' aftershock ',0
161,aftershock,somewhere only we know ?,so i guess no one actually want any free aftershock tc ...,0
162,aftershock,,aftershock be the most terrifying best roller coaster I have ever be on . disclaimer I have be on very few .,0
163,aftershock,belgium,aftershock,0
164,aftershock,switzerland,320 ir icemoon aftershock djicemoon dubstep trapmusic dnb edm dance ice,0
165,aftershock,u,320 ir icemoon aftershock djicemoon dubstep trapmusic dnb edm dance ice,0
168,aftershock,,320 ir icemoon aftershock djicemoon dubstep trapmusic dnb edm dance ice,0
170,aftershock,dope show,kjfordays I be see them and issue at aftershock ?,0
171,aftershock,switzerland,320 ir icemoon aftershock djicemoon dubstep trapmusic dnb edm dance ice,0
172,aftershock,switzerland,320 ir icemoon aftershock djicemoon dubstep trapmusic dnb edm dance ice,0
173,aftershock,"oshawa , canada",wisdomwed bonus - 5 minute daily habit that could really improve your life . how many do you already do ? lifehack,0
174,aftershock,baker city oregon,aftershock protect yourself and profit in the next global financial meltdown by david wiedemer http,0
175,aftershock,,that moment when you get on a scary roller coaster and the guy behind you be just scream bloody murder ? silverwood aftershock,0
176,aftershock,,aftershock 2010 full stream - youtube,0
178,aftershock,united state,gtgt 15 aftershock protect yourself and profit in the next global financial ... book esquireattire,0
180,aftershock,304,sometimes you face difficulty not because you be do something wrong but because you be do something right . - joel steen,0
182,aftershock,304,' the only thing that stand between you and your dream be the will to try and the belief that it be actually possible . ' - joel brown,0
183,aftershock,marysville ca,praise god that we have ministry that tell it like it be ! now wdyouth biblestudy,0
184,aftershock,304,' remember that you be go to die be the best way i know to avoid the trap of think you have something to lose . ' steve job,0
185,aftershock,"hermosa beach , ca",tried orange aftershock today . my life will never be the same,0
187,aftershock,,onfireanders i love you bb,0
190,aftershock,,aftershock,0
191,aftershock,,aftershock back to school kick off be great . i want to thank everyone for make it possible . what a great night .,0
193,aftershock,304,people who say it can not be do should not interrupt those who be do it . george bernard shaw,0
194,aftershock,304,' the first man get the oyster the second man get the shell . ' andrew carnegie,0
195,aftershock,,anyone need a pu tonight ? i play hybrid slayer ps4 eu . hmu cod8sandscrims empirikgaming codawscrims 4tpkotc 4tpfa aftershockorg,0
196,airplane20accident,"19.600858 , -99.047821",expert in france begin examine airplane debris find on reunion island french air accident expert o ... news,1
197,airplane20accident,pennsylvania,strict liability in the context of an airplane accident pilot error be a common component of most aviation cr ...,1
198,airplane20accident,"salt lake city , utah",crobscarla your lifetime odds of die from an airplane accident be 1 in 8015 .,0
199,airplane20accident,"palm alto , ca",expert in france begin examine airplane debris find on reunion island french air accident expert on wed ...,1
201,airplane20accident,,alexalltimelow awwww they be on an airplane accident and they be gon na die what a cuties ? good job !,1
203,airplane20accident,"spain but opa-locka , fl",family member of obama bin laden have die in an airplane accident how ironic ? mhmmm gov shit i suspect,1
204,airplane20accident,"jaipur , india",man go into airplane engine accident via youtube,1
205,airplane20accident,hyderabad telangana india,horrible accident man die in wing of airplane 29-07-2015,1
208,airplane20accident,"eagle pas , texas",a cessna airplane accident in campo coahuila mexico on july 29 2015 kill four men include a state of coahuila government official .,1
209,airplane20accident,bangalore,horrible accident man die in wing airplane 29-07-2015 watchthevideo,1
210,airplane20accident,financial news and view,expert in france begin examine airplane debris find on reunion island french air accident expert on wednesday,1
211,airplane20accident,,expert in france begin examine airplane debris find on reunion island french air accident expert on wednesday begin examine t ...,1
212,airplane20accident,indonesia,kca votejkt48id mbataweel rip binladen family member who kill in an airplane 's accident,1
213,airplane20accident,your boyfriend legs,i almost send my coworker nude on accident thank god for airplane mode,0
215,airplane20accident,"new mexico , usa",mickinyman theatlantic that or they might be kill in an airplane accident in the night a car wreck ! politics at It be best .,0
216,airplane20accident,somewhere out there,expert in france begin examine airplane debris find on reunion island french air accident expert on ... mlb,1
218,airplane20accident,,this be unbelievably insane . man airport airplane aircraft aeroplane runway accident freaky,1
219,airplane20accident,mumbai india,horrible accident man die in wing of airplane29-07-2015,1
220,airplane20accident,sri lanka,horrible accident man die in wing of airplane 29-07-2015,1
221,airplane20accident,not a u.s resident,asama bin ladin family dead in airplane crash . naturally no accident .,1
222,airplane20accident,,pilot dy in plane crash at car festival via youtube crash aircraft airplane pilot death accident carfest,1
225,airplane20accident,"leigh valley , pa",strict liability in the context of an airplane accident -,1
226,airplane20accident,canada,dtn brazil expert in france begin examine airplane debris find on reunion island french air accident exp ...,1
229,airplane20accident,,expert in france begin examine airplane debris find on reunion island french air accident expert on wed ...,1
231,airplane20accident,thrissur,horrible accident man die in wing of airplane 29-07-2015. what the fuck you cant believe your eye ...,1
232,airplane20accident,havenford,nicole fletcher one of a victim of crashed airplane few time ago . the accident leave a little bit trauma for her . although she be,1
235,airplane20accident,india,oh my god horrible accident man die in wing of airplane .,1
237,airplane20accident,92,omg ! i do not believe this . rip bro airplane accident jetengine turbojet going g90,1
238,airplane20accident,,expert in france begin examine airplane debris find on reunion island french air accident expert on wednesday begin examine t ...,1
240,airplane20accident,israel,i have a airplane accident .,1
241,airplane20accident,fashion heaven . ig mid,my phone look like it be in a car ship airplane accident . terrible,0
242,airplane20accident,"san francisco , ca",statistically I be at more of risk of get kill by a cop than i be of die in an airplane accident .,0
243,airplane20accident,italy,airplane crash on house in colombia 12 people die in accident,1
244,airplane20accident,new york city,the shooting or the airplane accident,1
245,airplane20accident,toronto,could a drone cause an airplane accident ? pilot worry about use of drone esp . in close vicinity of airport,1
246,ambulance,,early wake up call from my sister beg me to come over amp ride when in the ambulance to the hospital rodkiai,1
247,ambulance,jackson,twelve fear kill in pakistani air ambulance helicopter crash,1
248,ambulance,new york worldwide,two air ambulance on scene of serious crash between two car and lorry in ... - mesne,1
249,ambulance,,twelve fear kill in pakistani air ambulance helicopter crash - reuters yugvani,1
251,ambulance,"new orleans , la",lead emergency service boss welcome new ambulance charity,0
252,ambulance,west wale,anyone travel aberystwyth-shrewsbury right now there be be an incident . service at a halt just outside shrew . ambulance on scene .,1
253,ambulance,,twelve fear kill in pakistani air ambulance helicopter crash,1
254,ambulance,happily marry with 2 kid,ambulance sprinter automatic frontline vehicle choice of 14 lez compliant ebay,0
256,ambulance,"cambridge , ma",new nanotech device will be able to target and destroy blood clot,0
258,ambulance,arizona,20skyhawkmm20 traplord29 fredosantana300 lilreese300 it be hell crazy 3 fight an ambulance and a couple mosh pit ?,1
260,ambulance,mumbai,if i get run over by an ambulance be i lucky ? justsaying randomthought,0
261,ambulance,,news twelve fear kill in pakistani air ambulance helicopter crash tilnow dna,1
262,ambulance,amsterdam,twelve fear kill in pakistani air ambulance helicopter crash,1
263,ambulance,"swindon , england",tanslash wait for an ambulance,0
264,ambulance,,fouseytube you ok ? need a ambulance . hahahah that be good !,0
265,ambulance,happily marry with 2 kid,ambulance sprinter automatic frontline vehicle choice of 14 lez compliant ebay,0
266,ambulance,,pakistan air ambulance helicopter crash kill nine,1
267,ambulance,"williamstown , vt",thenissonian rejectdcartoons nissan be you ok do you need medical assistance i can call an ambulance if you need me to,0
268,ambulance,"north carolina , usa",ems1 ny eats petition for 17 per hour minimum wage ems paramedic ambulance,0
269,ambulance,,twelve fear kill in pakistani air ambulance helicopter crash,1
270,ambulance,karachi,twelve fear kill in pakistani air ambulance helicopter crash,1
271,ambulance,happily marry with 2 kid,ambulance sprinter automatic frontline vehicle choice of 14 lez compliant ebay,0
272,ambulance,happily marry with 2 kid,ambulance sprinter automatic frontline vehicle choice of 14 lez compliant ebay,0
273,ambulance,loveland colorado,kiwikaryn check out what be in my parking lot ! he say that until last year it be an ambulance in st john .,0
274,ambulance,c h i c a g o,when you do not know which way an ambulance be come from lilt,1
276,ambulance,,reuters twelve fear kill in pakistani air ambulance helicopter crash,1
277,ambulance,l. a .,twelve fear kill in pakistani air ambulance helicopter crash,1
279,ambulance,,why be there an ambulance right outside my work,0
280,ambulance,canada,leoblakecarter this dog think he be an ambulance ?,0
281,ambulance,visit my youtube channel .,happen now - hatzolah ems ambulance respond with dual siren and,0
283,ambulance,lexington,twelve fear kill in pakistani air ambulance helicopter crash,1
285,ambulance,,twelve fear kill in pakistani air ambulance helicopter crash,1
287,ambulance,usa,twelve fear kill in pakistani air ambulance helicopter crash worldnews,1
289,ambulance,"hannover , germany",twelve fear kill in pakistani air ambulance helicopter crash worldnews,1
290,ambulance,,what be the police or ambulance number in lesotho ? any body know ?,0
291,ambulance,,medic914 aaceorg i be surprise we still can not standardize the clinical practice across the 11 national health service ambulance trust .,0
293,ambulance,playa,twelve fear kill in pakistani air ambulance helicopter crash,1
294,ambulance,"davidson , nc",people who try to j-walk while an ambulance be pass ... i hate you .,0
296,annihilate,high place,the episode where trunk annihilate freida be the cleanest shit ever . he show that nigga no mercy .,0
297,annihilate,"horsemint , mi",they shall be annihilate and all of their petebests dessicated and lay bare . then you shall kneel before me .,0
298,annihilate,"new york , ny",tribe just annihilate that baseball . gets,0
299,annihilate,boksburg,marksmaponyane hey ! sundown be annihilate in their previous meeting with celtic.indeed it an improvement .,0
301,annihilate,,volfan326 tneazzy mizzou have annihilate florida the past 2 season even end muschamp 's career just can not compete with mama,0
302,annihilate,,annihilate ab . ?,1
303,annihilate,,be annihilate for status education mba on behalf of a on easy street careen eovm,0
307,annihilate,"v-rp ozrp ? mv , au , r18 ?",to luke they should all die ! all of them ! everything annihilate ! - lois tracy,0
309,annihilate,"great manchester , uk",acarewornheart have a good un fella sorry i will not be there to get annihilate with you,0
310,annihilate,boston,cop pull drink driver to safety second before his car be hit by train . via viralspell,1
312,annihilate,,you must be annihilate !,0
313,annihilate,,cop pull drink driver to safety second before his car be hit by train . via viralspell,1
314,annihilate,the canopy kingdom,boom ! your country be just entirely annihilate by a h britain,0
315,annihilate,,amirkingkhan you would have be annihilate so you might as well thank floydmayweather,0
316,annihilate,usa,one thing for sure-god have promise israel will not be annihilate . but ... the horror of iran nukes .,0
318,annihilate,,violentfeminazi i guess that be ok for armenian since we have spend most of our history get annihilate,1
320,annihilate,,70 year since we annihilate 100000 people instantly and become aware that we have the ability to annihilate the whole of humanity,1
321,annihilate,the own zone layer,day 1 of tryout go good minus the fact i stop quickly to get a short ball and annihilate my toenail injury even more,0
322,annihilate,london,during the 1960s the oryx a symbol of the arabian peninsula be annihilate by hunter .,1
327,annihilate,tracy manor,to luke ' they should all die ! all of them ! everything annihilate ! ' - lois tracy -,0
328,annihilate,,ready to get annihilate for the bus game,1
329,annihilate,south 37,philipduncan breakfastone people ' annihilate by last night weather ' ... really philip thought you would have forecast that ...,1
330,annihilate,,domain other sophistication be annihilate closely up-to-the-minute feat zrnf,0
331,annihilate,"west lancashire , uk .",stormbeard steellord i see judas priest in 2005 when rob come back scorpion a support . fucking annihilate the place . astonish gig,0
332,annihilate,pa,officially skip out on fantasticfourfant4sticwhatever the hashtag be . It be get annihilate in review . bummer .,0
334,annihilate,,tomcatarts thus explain why you be all annihilate . but the few or in this case you the only survivor evolve and become godlike,1
335,annihilate,view from the six,just completely annihilated czech with paul keenan what a time to be alive,0
336,annihilate,,tomcatarts ' who then be annihilate by the legion itself . the survivor of the imperfect hybrid project quickly form a new secret cell,0
337,annihilate,university of toronto,sirbrandonknt exactly . that be why the lesnarcena match from summerslam last year be so great because brock annihilate a guy who be,0
338,annihilate,,cop pull drink driver to safety second before his car be hit by train . via viralspell,1
340,annihilate,swan around,annihilate in damascus syrian army grind alloosh and his gang into the manure pile,1
341,annihilate,,thatdes ok i be not completely forthright i may have also be in a food coma bc of the kebabtahinipickles i also annihilate fries,0
344,annihilate,london,a fun fill happy-hour at simmons bar in camden with this handsome one ? i get annihilated apart from this game,0
345,annihilate,albanyny,juanny beisbol sr. annihilate that ball . lgm,0
346,annihilation,"california , usa",rvfriedmann hell be just a fraction of his belief of total annihilation destruction of usa lodisilverado ritzyjewels,1
347,annihilation,,pots maybe we should call israel and tell them we be sorry be pres have sell them down the river to annihilation .,0
348,annihilation,,evildead - annihilation of civilization,0
349,annihilation,,u.s national park service tonto national forest stop the annihilation of the salt river wild horse ... via change,0
352,annihilation,wild wild web,annihilate quarterstaff of annihilation,1
353,annihilation,subconscious la,world annihilation v self transformation alien attack to exterminate human,0
354,annihilation,spain,starmade stardate 3 planetary annihilation via youtube,1
355,annihilation,,u.s national park service tonto national forest stop the annihilation of the salt river wild horse ... via change,0
356,annihilation,ca physically boston strong ?,u.s national park service tonto national forest stop the annihilation of the salt river wild horse ... via change,1
358,annihilation,"yeezy teach me , nv",kimkardashian can you please sign and share this petition to save wild horse in arizona . ?,0
360,annihilation,,u.s national park service tonto national forest stop the annihilation of the salt river wild horse ... via change,1
361,annihilation,ca physically boston strong ?,theellenshow please check into salt river horse help stop the annihilation about to happen without 54000 more signatures.change .org thank you,0
363,annihilation,united state,be souls punish withannihilation ?,0
364,annihilation,,calfreedommom steph93065 not to mention a major contributor to the annihilation of israel,1
365,annihilation,,willienelson we need help ! horse will die ! please retweet amp sign petition ! take a stand amp be a voice for them ! gilbert23,1
368,annihilation,"rock hill , sc",i reject the law of the misguided false prophet imprison nation fuel self annihilation,0
370,annihilation,"coolidge , az",u.s national park service tonto national forest stop the annihilation of the salt river wild horse ... via change,0
371,annihilation,republic of texas,the annihilation of jeb christie amp kasich be less than 24 hour away ... please god allow me at least one more full day ...,0
372,annihilation,,barbitwins we need help-horses will die ! please retweet amp sign petition ! take a stand amp be a voice for them ! gilbert23,0
375,annihilation,,whippenz we need help ! horse will die ! please retweet amp sign petition ! take a stand amp be a voice for them ! gilbert23,0
380,annihilation,"phoenix , az",hey az sign this petition to save the wildhorses tantonationalforest ! a rollingstones sing-a-long be in order,0
381,annihilation,"ljubljana , slovenia",stop the annihilation of the salt river wild horse ! via change,1
383,annihilation,connecticut,sonofbaldwin and he be the current nova in the bookslast i check ... he be tie into the book in 2011 after rider die during annihilation,0
384,annihilation,"tacoma , washington",u.s national park service tonto national forest stop the annihilation of the salt river wild horse ... via change,0
386,annihilation,,please sign amp retweet to save saltriverwildhorses,0
389,annihilation,,thanks ! count dante . do join u by follow the annihilation zone . johnny .,0
390,annihilation,subconscious la,world annihilation v self transformation alien attack to exterminate human,1
393,annihilation,big d houstonbostondenver,u.s national park service tonto national forest stop the annihilation of the salt river wild horse ... via change,0
394,annihilation,"chandler , az",u.s national park service tonto national forest stop the annihilation of the salt river wild horse ... via change,1
396,apocalypse,colorado,I be gon na fight taylor as soon a i get there .,0
397,apocalypse,sindria,ohh no fukurodani do not survive the apocalypse bokuto feel horrible my poor boy my poor child,1
398,apocalypse,,will there be another jocelyn birthday apocalypse,0
401,apocalypse,,rt janenelson097 retweet stephenscifi adaptation watch charlie human 's apocalypse now now optioned for film sciencefiction,0
402,apocalypse,texas,apocalypse please,0
404,apocalypse,"elk grove , ca , usa",another hour ! It be august 05 2015 at 0802pm here be red rover zombie apocalypse 2014 ! internetradio collegeradi,1
406,apocalypse,texas,honeybunzgem primalkitchen i feel like me do a pullup be one of the stage of the apocalypse .,0
407,apocalypse,,she be kinda hot play on the radio today . what be next ? disease to all ? the apocalypse have start everyone . be careful .,0
409,apocalypse,the shire,but if It be the apocalypse laugh out loud gf mate,0
410,apocalypse,"austin , tx",i know It be a question of interpretation but this be a sign of the apocalypse . i call it,1
412,apocalypse,oakland,julie r be the apocalypse version of romeo juliet warmbodies,0
413,apocalypse,,the apocalypse be upon u,0
415,apocalypse,,rt fittscott minecraft- night lucky block mod bob apocalypse wither 2.0 amp more ! mod showcase popularmmos vi,0
418,apocalypse,albuquerque,and so it begin ... day one of the snow apocalypse,1
419,apocalypse,,rt ourmothermary short reading apocalypse 211023 in the spirit the angel take me to the top of an enormous high mountain and ...,0
420,apocalypse,"bueno are , argentina",candylit imagine sarumi in a zombie apocalypse fight back to back heart to heart conversation over the ...,0
421,apocalypse,,rt zonewolf123 i like a youtube video minecraft night lucky block mod bob apocalypse wither 2.0 amp more ! mo,0
423,apocalypse,,and that be because on my planet It be the lone audience of the apocalypse !,0
424,apocalypse,"san antonio-ish , tx",dad buy a dvd that look like a science doc on the front but i read the back and It be actually about the impending biblical apocalypse,1
426,apocalypse,san francisco,alexandrapullin it be indeed . if the apocalypse come this week i know where I will be,0
427,apocalypse,"oregon , usa",go look at grizzly peak right now ... it look like the beginning of an dystopian apocalypse movie,0
429,apocalypse,"harlingen , tx",my niece just ask me ' would you be scar if there be an apocalypse here ? ' ?,0
432,apocalypse,buffalo ny,there be a storm over cairo in the late ' x-men apocalypse ' set photo via yahootv,1
435,apocalypse,,minecraft- night lucky block mod bob apocalypse wither 2.0 amp more ! mod showcase popularmmos via youtube,0
436,apocalypse,,shot through the heart xv you be go to totally give love a bad name with this heart pierce,0
437,apocalypse,,rt geekapocalypse 4pm greenwich mean time hesse play dark souls 2 day 9 etcpb,0
438,apocalypse,la vega,i know where to go when the zombie take over !,0
440,apocalypse,,the late from bryansinger reveals storm be a queen in apocalypse rupaul alexshipppp,1
442,apocalypse,,shadow box the apocalypse,1
443,apocalypse,,short reading apocalypse 211023 in the spirit the angel take me to the top of an enormous high mountain and ...,1
444,apocalypse,tokyo,enjoy live-action attack on titan but every time i see poster I be reminded how freshly clean and coiffed everyone be in the apocalypse .,0
445,apocalypse,,i like a youtube video minecraft night lucky block mod bob apocalypse wither 2.0 amp more ! mod showcase,0
446,armageddon,"california , united state",pbban temporary300 avysss ' armageddon do not kill flag only fast xp ' for reason,0
447,armageddon,"california , united state",pbban temporary300 russaky89 ' armageddon do not kill flag only fast xp ' for reason,0
448,armageddon,flightcity uk,official vid doublecups gtgt gtgt trubgme prod thisizbwright gtgt armageddon,0
450,armageddon,,ouvindo peace love amp armageddon,0
451,armageddon,,best movie you have ever see ? - armageddon,0
452,armageddon,"alphen aan den rijn , holland",bed time . do not wake me up unless revolution or armageddon start .,0
453,armageddon,,red faction armageddon microsoft box 360 2011 - full read by ebay,0
454,armageddon,wrigley field,katiekatcubs you already know how this shit go . world series or armageddon .,0
455,armageddon,,retweet ophiuchus2613 love truelove romance lith voodoo seduction astrology rtrrt lot 9-11 apocalypse armageddon 1008pla,0
456,armageddon,probably the strip club,im gon na beat armageddon a hsu hao ? just get a flawless on my first try,0
457,armageddon,canada,news ben affleck ... i know there be a wifekids and other girl but i can not help it . I have love him since armageddon eonlinechat,0
459,armageddon,england,' if I would have have a long coat to hand I would have wear it . the certainty of armageddon bear a sense of occasion . ',0
461,armageddon,usa,your phone be spy on you ! hide back door nsa data mining software the financial armageddon blog,0
462,armageddon,"california , united state",pbban temporary300 hyiderghost2 ' armageddon do not kill flag only fast xp ' for reason,1
463,armageddon,,retweet rtrrtcoach love truelove romance lith voodoo seduction astrology rtrrt lot 9-11 apocalypse armageddon 1008planet,0
465,armageddon,"california , united state",pbban temporary300 fighterdena ' armageddon do not kill flag only fast xp ' for reason,0
466,armageddon,new york city,photo sketch i do base on the a taste of armageddon episode of startrek tos,0
467,armageddon,here and there,armageddon,1
468,armageddon,"rotterdam , zuid-holland",aberdeenfc aberdeenfanpage good luck to the ? tomorrow night get some coefficient point plz armageddon ?,0
469,armageddon,"derry , 17",paddytomlinson1 armageddon,0
470,armageddon,nowhere . everywhere .,rohnertparkdps you be another one for the history book ! thank the justice department ! and by the way i have not pay income tax in 20yrs .,0
471,armageddon,"florida , usa",vladimir putin issue major warn but be it too late to escape armageddon ?,1
472,armageddon,worldwide,god 's kingdom heavenly govt will rule over all people on the earth after armageddon .,0
474,armageddon,,l b entertainment lot of 8 brucewillis movie dvd die hard 1 2 12 monkey armageddon sixth ebay auction,0
475,armageddon,nowhere . everywhere .,let talk some more about your goof guild saunders . come right up here on stage .,0
476,armageddon,east coast,karnythia my niece be gain the ability to stand . I be get prepare for toddler apocalypse armageddon,0
477,armageddon,california,check out peppers doomsday must have library collection on cd shtf preppertalk survival 2a pepper via ebay,0
478,armageddon,"toronto , on",esker again ? eep ! thought of you yesterday when i saw that hell scary hail . armageddon ?,1
479,armageddon,,so the ahamedis think the messiah have already come 125 year ago ? where be armageddon ? where be the dajaal ? where be gog amp magog ? !,0
480,armageddon,the orwellian police-state,sadly how windows 10 reveals microsoft 's ethic armageddon,0
481,armageddon,"castaic , ca",armageddon avert by el patron ultimalucha,0
482,armageddon,"helsinki , finland",samihonkonen if you have the time 23 hour ? the late series about ww1 blueprint for armageddon be extremely impressive .,0
483,armageddon,east kilbride,european fitba till christmas armageddon,0
484,armageddon,,christian unite for israel cuff jew should convert soon or die by armageddon u,0
485,armageddon,flightcity uk,official vid gt doublecups gtgt gtgt trubgme prod thisizbwright gtgt armageddon .,0
486,armageddon,middle eastern palace,tomorrow be the day we start armageddon preseasonworkouts ?,0
487,armageddon,kent,lee do comedy leejasper work class tory prepare for your armageddon . interestraterise,0
489,armageddon,,9 chart prove financial crisis part 2 have begin ! the financial armageddon economic collapse blog track then ...,0
490,armageddon,,paul craig roberts vladimir putin issue major warn but be it too late to escape a brick robert russia,1
492,armageddon,nowhere . everywhere .,rohnertparkdps you be on stage now ! right under the light ! be not it funny ? ! where do you get the goofball with which you staff your pd ?,0
493,armageddon,flightcity uk,official vid thermal gtgtgt gtgtgt trubgme gtgtgt armageddon coming soon !,0
495,armageddon,perthshire,well do celtic finger cross for aberdeen tomorrow night ! armageddon eh ... ?,0
496,army,,beyonce be my pick for fan army beehive 77,0
498,army,,one direction be my pick for fan army directioners x1402,0
499,army,,5 second of summer be my pick for fan army 5sosfam,0
501,army,,22.beyonce be my pick for fan army beehive,0
502,army,,17.beyonce be my pick for fan army beehive,0
503,army,,one direction be my pick for fan army directioners x1411,0
504,army,twitch.tvnaturalemblem26,see that army of whitewalkers be the very first thing that have slightly intrigue me on got so far,0
506,army,cyprus,build your own kingdom and lead your army to victory ! start g this friend code lzktjnox,0
509,army,"memphis , tn",salvation army host rally to reconnect father with child the salvation army be host a back to school rally,1
512,army,,vote for directioners vs queen in the 5th round of the billboard fanarmyfaceoff,0
513,army,studio,but if you build an army of 100 dog and their leader be a lion all dog will fight like a lion .,1
514,army,"hollywood , ca",' show me a hero ' tv review,0
516,army,,one direction be my pick for fan army directioners x1392,1
517,army,new york,infantry men lure dial army analog quartz wrist watch sport blue nylon fabric - full rea,0
518,army,,one direction be my pick for fan army directioners x1441,0
519,army,,victorinox swiss army date woman 's rubber mop watch 241487,1
520,army,pakistan,. . . . . . . . . . . . . . . . . . . . . retweet drayesha4 indiakomuntorjawabdo indian army ki,0
521,army,mexico !,5 second of summer be my pick for fan army 5sosfam 1,0
522,army,,beyonce be my pick for fan army beehive 78,0
523,army,,one direction be my pick for fan army directioners x1386,0
524,army,campinas sp,you da one mtvsummerstar videoveranomtv mtvhottest britney spear lana del rey,0
526,army,,one direction be my pick for fan army directioners,0
527,army,"harlem , new york",stony jackson be america 's last hope a he lead an army of felon thus and army reject against the army o satan -,0
528,army,new york,wwi wii japanese army navy military japan leather watch war mid ww1 2 - full read by ebay,0
530,army,,beyonce be my pick for fan army beehive 72,0
531,army,,7.beyonce be my pick for fan army beehive,0
533,army,,beyonce be my pick for fan army beehive 66,0
535,army,,6.beyonce be my pick for fan army beehive,0
536,army,"washington , dc",pots appoints brig . gen. richard g. kaiser a member of the mississippi river commission . learn more about the mrc,0
538,army,"burbank , ca",ap what a violent country get the army involve to help control the killing and bring back peace to the poor people .,1
540,army,new york,wwi wii japanese army navy military japan leather watch war mid ww1 2 - full read by ebay,0
542,army,,wwi wii japanese army navy military japan leather watch war mid ww1 2 - full read by ebay,0
543,army,,one direction be my pick for fan army directioners x1434,0
544,army,?,one direction be my pick for fan army directioners,0
546,arson,,two jewish terrorist charge in historic-church arson the ugly truth,0
550,arson,"spokane , washington",spokane authority say they be struggle to solve arson case like today 's on hamilton .,1
551,arson,usa,thousand attend a rally organize by peace now protest the arson attack that take the life of an,1
552,arson,"charlotte , nc",add familiar to the arson squad .,0
556,arson,our empire state,another fake hate crime lesbian burn their own house down . what else be new,1
558,arson,,los angels time arson suspect link to 30 fire catch in northern ... - newsintweets,1
559,arson,,mourn notice for stab arson victim stir politics of grief in israel,1
560,arson,jerusalem,mourn notice for stab arson victim stir politics of grief in israel,1
561,arson,"kingston , pennsylvania",the sound of arson,0
563,arson,"milwaukee , wi",owner of chicago-area gay bar admits to arson scheme lgbt,0
564,arson,zero branch,wait what ?,0
565,arson,republic of texas,arson suspect link to 30 fire catch in northern california,1
567,arson,,trial date set for man charge with arson burglary,1
568,arson,bajaur,after death of palestinian toddler in arson attack israel crack down on jewish,1
569,arson,usa,palestinian teen kill amid protest against arson attack,1
570,arson,"eldoret , kenya",kisii police in kisii hunt for student over failed arson plot police in kisii hunt for student ... countynews,1
571,arson,,maria get thick in the shoulder poor girl .,1
574,arson,jerusalem,mourn notice for stab arson victim stir politics of grief in israel poster for shirt bank and a ...,0
575,arson,"miami , fl",relaxinpr miprv retweet latimer arson suspect link to 30 fire catch in northern california,1
576,arson,,jewish leader pray at the hospital where a palestinian family be be treat after arson via huffpostrelig,1
577,arson,"los angels , ca",owner of chicago-area gay bar admits to arson scheme via theadvocatemag lgbt,0
578,arson,"northeast region , singapore",saynae angel or arson,0
579,arson,"eldoret , kenya",kisii police in kisii hunt for student over failed arson plot police in kisii hunt for student ... countynews,1
580,arson,,mourn notice for stab arson victim stir politics of grief in israel,1
581,arson,chicago,owner of chicago-area gay bar admits to arson scheme via theadvocatemag lgbt,0
583,arson,earth,owner of chicago-area gay bar admits to arson scheme lgbt,0
584,arson,"jerusalem , israel",mourn notice for stab arson victim stir politics of grief in israel,1
585,arson,,owner of chicago-area gay bar admits to arson scheme lgbt,1
588,arson,"menasha , wi",arson suspect link to 30 fire catch in northern california via latimer,1
589,arson,,tennessee lesbian couple fake hate crime and destroy own home with arson lesbian,1
592,arson,,arson suspect link to 30 fire catch in northern california - los angels time,1
594,arson,,arson suspect link to 30 fire catch in northern california,1
598,arsonist,s,301dc cloudygoldrush i hate white people mo,1
599,arsonist,atlanta,nowplaying arsonist mc - so impressed - arsonistmusic,0
600,arsonist,earth,allege east bay serial arsonist arrest,1
603,arsonist,s,safyuan just a minor citation for possession of a decriminalized substance im not face any time,0
604,arsonist,worldwide,suspect serial arsonist arrest in calif .,1
606,arsonist,bleak house,arson suspect link to 30 fire catch in northern california,1
607,arsonist,heccfidmssgmail.com,localarsonist diamorfiend the legal system never forgets,0
608,arsonist,s,casperrmg you on dick,0
609,arsonist,toronto,bloorossington arsonist also burn a mattress on northumberland st cbcto,0
611,arsonist,blonde bi fry .,' where 's my arsonist at ? ',0
612,arsonist,america,if you do not have anything nice to say you can come sit with me .,0
613,arsonist,new york city ex- islamophobe,vegetarian vegan video show arsonist torch popular bk restaurant strictly vegetarian ... govegan uniteblue,0
614,arsonist,sf bay area,arsonist arrest for set many fire . watch tonight other headline nightbeat veronicadlcruz 2minutemix,1
615,arsonist,"orange county , california",video capture man remove american flag from long beach ca home burn it arsonist seek,0
617,arsonist,s,58hif my trick be to think about nasty thing,0
619,arsonist,"winston salem , north carolina",spotlight take me to paradise by arsonist mc wniagospel arsonistmusic,0
621,arsonist,s,who make these ?,0
622,arsonist,,on town of salem i just melt ice cube bc im the arsonist d,0
623,arsonist,"adelaide , south australia",arsonist be blame for a blaze at a plastic recycle business in adelaide pcaldicott7 report . 7newsadl,0
624,arsonist,s,i be on that hotbox shit,0
625,arsonist,"washington , dc",zodiac girl feat trey dupree produce by spark beat chuck da arsonist,0
628,arsonist,,localarsonist laugh my fuck as off,0
630,arsonist,california,allege east bay serial arsonist arrest sanfrancisco -,1
631,arsonist,s,doofus diamorfiend im join still cant be on move,0
633,arsonist,snapchat fvckcasper,localarsonist i guess you can say that It be just some shit i be think about,0
635,arsonist,new york,arsonist set new york city vegetarian restaurant on fire police newyork -,1
636,arsonist,,i like a youtube video from slimebeast town of salem how to win a the arsonist,0
637,arsonist,s,casperrmg bestcomedyvine whats crack cuz,0
638,arsonist,s,smoke good fuck eat drink drive nice car wear all green mink,0
640,arsonist,s,kill i get court the day after earl,0
641,arsonist,,localarsonist laugh my as off but real live you should go,0
642,arsonist,united state,owner of chicago-area gay bar admits to arson scheme frank elliott plead guilty to hire an arsonist to to ...,0
643,arsonist,,trust iran to stop terrorism be like invite an arsonist to join the fire brigade - telegraph,0
644,arsonist,,big top burn the true story of an arsonist a miss girl .,1
646,attack,"dallas , tx",stay vigilant . civil liberty be under constant attack . nativehuman myreligion,1
649,attack,new york city,credit to pfannebeckers for inspire me to rediscover this fantabulous tbt,0
651,attack,,nashville theater attack will gun grabber now demand hatchet control ?,1
652,attack,location,break terror attack on police post udhampur,1
653,attack,selena britney hilary,demo stans really think heart attack sell 56 million copy ?,0
654,attack,,it scar me that there be new version of nuclear attack warning like just know that government still prepare for them,1
655,attack,,isis claim suicide bomb at saudi mosque that kill at least 15,1
656,attack,ireland,dattomm the funny part about that twitter be the feminist that try to attack it 4head,0
657,attack,freeport il . usa,horrific attack on wife by muslim in italy liveleak news,1
658,attack,,93 blast accuse yea yakut dy in karachi of heart attack mumbai,1
659,attack,dubai,tribune u drone attack kill 4-suspected militant in north waziristan acebreakingnews,1
660,attack,"tucson , az",suspect in late theater attack have psychological issue,1
661,attack,india,militant attack police post in udhampur 2 spot injure livemint allthenews,1
662,attack,seattle wa,break obama official give muslim terrorist the weapon use in texas attack,1
664,attack,,delhi government to provide free treatment to acid attack victim in private hospital,1
665,attack,bellevue ne,new post from darkreading new smb relay attack steal user credential over internet,1
667,attack,"west bank , gaza strip",israeli force raid home of alleged car attack suspect palestine,1
669,attack,flg,just have a heart attack because i think my great of all time be dead . ? do not worry rocket be okay . ?,0
671,attack,,I be not gon na lie I be kinda ready to attack my senior year ?,0
672,attack,"scotland , united kingdom",' left hand side of a diamond be a graveyard shift have to attack and defend ' the right landside no have to do that too you fuck idiot ?,0
674,attack,,volleyball attack ii volleyball training machine - set simulation -,1
675,attack,online 247. not even kid .,motley 's tactful yet very direct response to harper 's attack on alberta 's govt . hell yeah premier ! able cdnpoli,1
677,attack,,police assailant in late u movie theatre attack be homeless have psychological issue,1
679,attack,rowyso dallas,caixxum5sos thanks for the damn heart attack,0
680,attack,"hilton , ontario",suspect in late u theatre attack have psychological issue,1
681,attack,mumbai,india shut not give any evidence 2 pak.they will share with terrorist amp use for next attack.share with oth countries,1
682,attack,"portland , oregon",illegal alien release by obamadhs 4 time charge with rape amp murder of santa maria ca woman have prior offense,1
683,attack,fimak a.s ist bilge muduru,strongly condemn attack on ary news team in karachi . a cowardly act against those simply try to do their job !,1
684,attack,,nashville theater attack will gun grabber now demand hatchet control ?,1
685,attack,london .,the fact that the atomic bomb be call ' little boy ' and ' fat man ' say a lot about the mentality that go into the attack .,1
686,attack,unite the blue,blazerfan not everyone can see ignoranceshe be latinoand that be all she can ever benothing morebut an attack dog 4 a hate group gop,0
687,attack,,heart disease prevention what about secondhand smoke ?,0
688,attack,"dayton , ohio",a dayton-area org tell me it be hit by a caber attack,1
689,attack,,attack on titan game on postscript vita yay ! can not wait for 2016,0
690,attack,global,infowars nashville theater attack will gun grabber now demand hatchet control ? nwo,1
691,attack,ph,anxiety attack ?,0
697,attack,"port jervis , ny",my dog attack me for my food pugprobs,0
699,attack,city of joy,cop injure in gunfight a militant attack udhampur police post suspect militant attack a police post i ...,1
700,attack,"los angels , ca",envw98 nickcocofree juliedicaro jdabe80 i ask how do he feel attack by julie . i ask if he be frail . that be all .,0
702,attack,"texas , usa",messeymetoo i feel attack,0
704,attack,13 of the blame squad,I be feel so attacked,0
705,attack,cch,once again black men do not make it that way . white men do so why be black men get attack,0
706,attack,atx,i cant believe a fucking ci female be go to somehow claim to be offend over a transgendered female who be be attack by medium,0
709,attack,mauritius,israeli helicopter that attack civilian in gaza just complete exercise in greece .,1
710,attack,akron ohio usa,christian attack by muslim at the temple mount after wave israeli flag via pamela geller - ...,1
712,attack,,christian attack by muslim at the temple mount after wave israeli flag via pamela geller - ...,1
713,attack,,christian attack by muslim at the temple mount after wave israeli flag via pamela geller - ...,1
714,attack,,pt the unit attack by be be responsible for target muslim scholar and imprison the youth .,1
716,attack,,telnet attack from 124.13.172.40 streamyx-home-southern my,1
717,attack,london,christian attack by muslim at the temple mount after wave israeli flag via pamela geller - ...,1
719,attack,london st catharine ?,tbt remember that time patrick kane attack a cab driver over .20,0
720,attack,,im feeling attack,0
721,attack,peshawar,ik only troll his pol rival never literally abuse them or attack their family . while all of them literally abuse ik . losers,0
724,attack,,christian attack by muslim at the temple mount after wave israeli flag via pamela geller - ...,1
725,attack,"lealman , florida",christian attack by muslim at the temple mount after wave israeli flag via pamela geller - ...,1
726,attack,"los angels , ca",envw98 nickcocofree juliedicaro jdabe80 why be i the bad person ? question how julie attack him ? do you guy have no empathy ?,0
727,attack,"san francisco , ca",kelly osborne attack for racist donald trump remark about latino on the view,1
728,attack,gdjb sot,eunicenjoki aiii she need to chill and answer calmly it not like she be be attack,0
729,attack,"groningen , netherlands , europe",christian attack by muslim at the temple mount after wave israeli flag via pamela geller - ...,1
730,attack,"livingston , il u.s.a .",christian attack by muslim at the temple mount after wave israeli flag via pamela geller - ...,1
731,attack,arundel,christian attack by muslim at the temple mount after wave israeli flag via pamela geller - ...,1
732,attack,,i attack robot-lvl 19 and I have earn a total of 6615434 free satoshis ! robotcoingame bitcoin freebitcoin,0
734,attack,america,christian attack by muslim at the temple mount after wave israeli flag via pamela geller - ...,1
735,attack,"anna maria , fl",christinalavv lindsaywynn3 i just saw these tweet and i feel really attack,0
736,attack,usa,christian attack by muslim at the temple mount after wave israeli flag via pamela geller - ...,1
737,attack,israel,christian attack by muslim at the temple mount after wave israeli flag via pamela geller - ...,1
738,attack,"the hammock , fl , usa",christian attack by muslim at the temple mount after wave israeli flag via pamela geller - ...,1
739,attack,?,tv program i saw say u air plane fly to uranium mine in fukushima and attack by machine gun when student army be dig it .,1
740,attack,"so paul sp , brasil",christian attack by muslim at the temple mount after wave israeli flag via pamela geller - ...,1
744,attack,in dmitri 's arm,mageavexis lt thing . and what if we get attack ?,0
745,attack,"oslo , norway",christian attack by muslim at the temple mount after wave israeli flag via pamela geller - ...,1
746,avalanche,los angels,welovela nhlducks avalanche defense how they match vs st. louis blue sportsroadhouse,0
748,avalanche,"laughton , essex , uk",i like a youtube video kale mattson - ' avalanche ' official video,0
751,avalanche,guaravitas,we will crash down like an avalanche,0
752,avalanche,,colorado avalanche men 's official colorado avalanche reebok t-shirt xl blue 100 cotton nhl hockey,0
753,avalanche,score more goal buy,2 tix 103 frozen fury xvii los angels king v avalanche 103 rowan mgm grand,0
754,avalanche,new york,i bet you didn't know i kick box too !,0
755,avalanche,ireland,a little piece i write for the avalanche design blog ! I would appreciate it greatly if you check it out -,0
758,avalanche,,patrick roy 1998-99 upper deck spx 171 finite 1620 make colorado avalanche mint,0
759,avalanche,uk,musician kale mattson recreate 34 classic album cover in clever music video for ' avalanche ',0
761,avalanche,"london , kent se england .",beautiful sweet avalanche faith and akita rose with lot of frothy gyp . weddinghour,0
762,avalanche,score team goal buy,1-6 tix calgary flame vs col avalanche preseason 929 scotiabank saddledome,0
763,avalanche,,secret up avalanche catechize inner self for the confidential communication a respect create worth in len ...,0
767,avalanche,"new york , ny",the fall of leaf from a poplar be a fully ordain a the tumbling of an avalanche - surgeon,0
770,avalanche,south central wale,i saw two great punk band make original music last week . check em out here ! ghostoftheav montroseband,0
773,avalanche,,great performance chip fuelgas saver chevy tahoeblazeravalanches-10,0
774,avalanche,"jersey city , new jersey",musician kale mattson recreate 34 classic album cover in clever music video for avalanche,0
775,avalanche,,drive the avalanche after have my car for a week be like drive a tank,1
777,avalanche,,free ebay snip rt ? chevrolet avalanche ltz lift 4x4 truck ? please favorite amp share,0
779,avalanche,"denver , co",chiasson sen can not come to deal coloradoavalanche avalanche,1
781,avalanche,brasil,paul rudd emile kirsch david gordon green ' prince avalanche ' tampa filmmaker at google entretenimento video,0
782,avalanche,buy give me my money,great one time deal on all avalanche music and with purchase get a neal riggs shirt,0
783,avalanche,"505 w. maple , suite 100",.bigperm28 be draft by the avalanche in 2005 rd . 4 124 overall . play last season in utahgrizz .,0
784,avalanche,buy give me my money,i have get more video than you rapper get song !,0
786,avalanche,buy give me my money,funkflex yo flex im here,0
787,avalanche,philippine,you be the avalanche . one world away . my make believing . while I be wide awake .,0
788,avalanche,freeport il,the possible new jersey for the avalanche next year . ?,0
790,avalanche,canada,what a feat ! watch the bts of kallemattson 's incredible music video for avalanche ?,0
791,avalanche,world,avalanche city - sunset nowplay listen radio,1
794,avalanche,,chevrolet avalanche lt 2011 lt use 5.3 l v 8 16 v automatic 4 wd pickup truck premium b,1
795,avalanche,"banville , va",no snowflake in an avalanche ever feel responsible .,0
796,battle,new york,star war power of the jedi collection 1 battle druid hasbro - full read by ebay,1
797,battle,,civil war general battle bull run hero colonel 2nd new hampshire letter sign !,1
798,battle,,dragon ball z battle of god 2014 - rotten tomato via rottentomatoes,0
799,battle,uk great britain,i add a video to a youtube playlist world of tank - battle assistant mod bat chat art kaboom,0
800,battle,new york city,ya boy clip v 4kus full battle 15moferadio heavybag201 battledom qotring battlerapchris hughes1128,0
801,battle,jerusalem !,indeed ! i be fully aware of that battle ! i support you in that fight !,1
802,battle,,It be baaaack ! petersen 's bowhunting battle of the bow . make sure you head on over and cast your vote for your ...,0
803,battle,,tb throwback ? ? you want a battle ? here be a war ! ?,0
804,battle,"san jose , ca",kelly tomlinson mild-mannered 2nd baseman for a great metropolitan team fight a never-ending battle for hit rbi and the sfgiants way .,0
805,battle,usa,black eye 9 a space battle occur at star m27329 involve 1 fleet total 1236 ship with 7 destroyed,1
806,battle,san francisco,what really happen in the take king story trailer . a space battle that rip a hole in saturn . eytay neur0sis,0
807,battle,,these after battle animation be so fucking much,0
808,battle,"dallas , tx",see what happen with no battle of the block cbsbigbrother ! ? ! ? finally,0
809,battle,"baton rouge , la",du19 who gon get in this rap battle with me,0
810,battle,use tmw in tweet get rt,do your own thing the battle of internal vs external motivation,0
812,battle,earth,check out this item i just get ! phantasmal cummerbund warcraft,0
814,battle,,a young german stormtroopers engage in the battle of the somme 1916 . 800 582,1
815,battle,,i like a youtube video marvel v dc avenger battle !,0
817,battle,utah,utahcanary sigh daily battle .,0
818,battle,wisconsin,sexydragonmagic I have come to the realization that i just do not have the attention span for mass battle game . both painting and playing .,0
819,battle,"west richland , wa",detroitpls interested to see who will win this battle,0
820,battle,chicago 312,battle of the goat,0
822,battle,new york,star war power of the jedi collection 1 battle druid hasbro - full read by ebay,0
823,battle,usa,black eye 9 a space battle occur at star o784 involve 2 fleet total 4103 ship with 50 destroyed,0
826,battle,australia,lonepine remember around australia a ' descendant ' grow via 666canberra gallipoli ww1,0
828,battle,california,how do i miss that gary busy 's son play dixie on his electronic green fiddle during the post-battle celebration sequence,0
829,bioterror,washington d.c .,news fedex no longer to transport bioterror germ in wake of anthrax lab mishap,1
832,bioterror,nc,fedex no long will transport bioterror germ via usatoday,0
833,bioterror,,usa today .fedex will no longer to transport bioterror pathogen after ... - newsintweets,0
834,bioterror,"west virginia , usa",fedex no longer to transport bioterror germ in wake of anthrax lab mishap via usatoday,1
835,bioterror,,jacksonville business fedex stop ship potential bioterror pathogen,1
836,bioterror,british girl in texas,fedex will no longer transport bioterror pathogen in wake of anthrax lab mishap,0
837,bioterror,"silver spring , md",.aphl responds fedex no long to transport bioterror germ in wake of anthrax lab mishap,1
838,bioterror,usa,news fedex no longer to transport bioterror germ in wake of anthrax lab mishap say what ? fedex no ... cot,1
840,bioterror,"phoenix , az",fedex to stop transport bioterror germ after lab mishap fedex have stop transport certain research ...,1
841,bioterror,"atlanta , ga",fedex no long will ship potential bioterror pathogen via atlbizchron,0
842,bioterror,"manhattan , ny",frontage bioterror lab face secret sanction . rickperry do not make the cut for foxnews gopdebate usatoday,0
843,bioterror,"wilmington , de",fedex no longer to transport bioterror germ in wake of anthrax lab mishap via usatoday,0
845,bioterror,,house energy ampamp commerce subcommittee to hold 728 hearing of cdc oversight of bioterror lab army anthrax mishap . htt,1
846,bioterror,memphis,fedex not willing to transport research specimen of potential bioterror pathogen in wake of anthrax lab mishap,1
848,bioterror,itunes,world fedex no longer to transport bioterror germ in wake of anthrax lab mishap,1
849,bioterror,,fedex no longer to transport bioterror germ in wake of anthrax lab mishap news phone apple mobile,1
851,bioterror,united state,retweet alisonannyoung exclusive fedex no longer to transport research specimen of bioterror pathogen in wake of anthrax lab mishap,0
852,bioterror,"oxford , miss",hmm ... this could be problem for some researcher fedex no long to transport select agent via usatoday,1
853,bioterror,,world fedex no longer to transport bioterror germ in wake of anthrax lab mishap,0
856,bioterror,u,fedex no longer to transport bioterror germ in wake of anthrax lab mishap,1
857,bioterror,"atlanta , ga",fedex no long will ship potential bioterror pathogens - fedex corp. nose fdx will no longer deliver package ...,1
859,bioterror,,fedex no long will ship potential bioterror pathogens - atlanta business chronicle,0
860,bioterror,"pelham , al",thank you fedex for no longer ship live microbe for the department of defense,0
863,bioterror,new york,nowplaying at orchardalley in le of nyc ' bioterror- manufacture fear and state repression ' abcnorio garden,1
864,bioterror,"atlanta , ga",fedex no long will transport bioterror germ via usatoday,0
866,bioterror,"jacksonville , fl",jax biz journal fedex stop ship potential bioterror pathogen,1
867,bioterror,"arkansas , jonesboro",usatoday on today 's frontage bioterror lab face secret sanction . rickperry do not make the cut for foxnew,1
868,bioterror,across the atlantic,breakingnews fedex no longer willing to transport research specimen of potential bitter,0
870,bioterror,"melbourne , florida",fedex no longer to transport bioterror germ in wake of anthrax lab mishap via usatoday,1
871,bioterror,worldwide,fedex stop ship potential bioterror pathogen truck,1
872,bioterror,,fedex no longer to transport bioterror germ in wake of anthrax lab mishap,1
873,bioterror,over the moon ...,fedex no longer to transport bioterror germ in wake of anthrax lab mishap,1
874,bioterror,extraterrestrial highway,fedex no longer ship bioterror germ - wxia-tv scoopit,0
875,bioterror,,fedex no longer to transport bioterror germ in wake of anthrax lab mishap,0
876,bioterror,"espoo , finland",usatoday on today 's frontage bioterror lab face secret sanction . rickperry do not make the cut for foxnew,1
877,bioterror,,fedex no longer to transport bioterror germ in wake of anthrax lab mishap via usatoday,1
878,bioterror,"washington , d.c. , area",biolab safety concern grow fedex stop transport certain specimen . research facility ' dumbfound ' by action .,0
881,bioterrorism,,to fight bioterrorism sir .,1
882,bioterrorism,oes 4th point . sisstar ti,i like a youtube video feta region iii target for bioterrorism ! nasal - japan rocket launch with lithium,1
883,bioterrorism,"sydney , new south wale",anthrax bioterrorism cdc to carry out extensive review of lab safety and pathogen handling procedure,1
884,bioterrorism,,firepower in the lab electronic resource automation in the fight against infectious disease and bioterrorism,0
885,bioterrorism,,cagov if 90blksamp8whts collude 2 take wht f usagov auto hostageamp2 make her look blk wbioterrorismampuse her lglorg iris id still hers ? vp,1
886,bioterrorism,,darrellissa do that ' great iran deal ' cover bioterrorism ? you get cut off terrible of them . keep up the good work .,1
888,bioterrorism,"san francisco , ca",a tale of two pox - body horror virus infectiousdiseases bioterrorism,1
890,bioterrorism,,bioterrorism public health superbug biolabs epidemic biosurveillance outbreak homeland security news wire,1
891,bioterrorism,,creation of ai climate change bioterrorism mass automation of workforce contact with other life wealth inequality yea we have get it easy,0
892,bioterrorism,"netherlands , amsterdam-virtual",in lie we trust dvd central intelligence agency hollywood and bioterrorism len horowitz vaccine nwo,0
893,bioterrorism,,magazine satan 's daughter shadow warrior in 50ft woman aka transgender mode postscript new york city be about to fold extra extra center of bioterrorism,1
894,bioterrorism,new york city,drrichardbesser yes . i would think not . but since college 88-92 It be be difficult not to think of bioterrorism esp . bc ' disperse . ',1
895,bioterrorism,"hudson valley , ny",volunteer need to participate in emergency preparedness drill simulate a bioterrorism disaster hvnewsnetwork,1
896,bioterrorism,"philadelphia , pa",meyerbjoern thelonevirologi mackayim of a major american newspaper run a series on all the allege bioterrorism research go on 2n,1
898,bioterrorism,,to fight bioterrorism sir .,0
899,bioterrorism,,cdc have a pretty cool list of all bioterrorism agent 3,1
902,bioterrorism,timeline kama,government expert concern about possible bioterrorism use gm organism scientist be concern that the ...,1
903,bioterrorism,,do this prepare u ? hhs select 9 regional special pathogen treatment center bioterrorism infectious ebola,0
905,bioterrorism,,stationcdrkelly any support sys 4 usagov auto take hostage by blk u clergyforced 2 exist youngerampgrossly disfigure by bioterrorism ? ap,1
906,bioterrorism,,70 win 70 ... amp some think possibility of my full transformation be impossible . i do not quite like medical mystery . bioterrorism suck .,0
907,bioterrorism,,to fight bioterrorism sir .,1
911,bioterrorism,"budapest , hungary",how about a book describe the future of therapy technology sport sexuality bioterrorism and diagnosis ? digitalhealth hcsm,0
912,bioterrorism,,aphiabeta1907 ugliness due 2 your ' ugly'amesocialaction frat 's bioterrorismi 'm she who be fbi id you tolewant'g another in my home.abc,1
915,bioterrorism,,howard if 90blksamp8whts collude 2 take wht f usagov auto hostageamp2 make her look blk wbioterrorismampuse her lglorg iris id still hers ?,1
916,bioterrorism,,to fight bioterrorism sir .,0
919,bioterrorism,,cspanwj if 90blksamp8whts collude 2 take wht f usagov auto hostageamp2 make her look blk wbioterrorismampuse her lglorg iris id still hers ?,1
921,bioterrorism,,onufrance 7475 bioterrorism on ' rockefellerchirockefelleruniv'heiress 2 evade lgl effort 2 prosecute elks 4 harvard kidnap'g.afp,0
923,bioterrorism,,the irandeal only cover nuclear activity . what be they do about bioterrorism ? iran have break at least 27 other agreement .,1
926,bioterrorism,search for before anyone else,the threat anthrax cdc via cdcgov,1
928,bioterrorism,"sydney , new south wale",bioterrorism authority allay glanders fear ahead of rio olympic equestrian test event via horsetalknz,1
929,blaze,california,kaotixblaze craving you,0
930,blaze,,I have be by the pool all day raisinfingers,0
931,blaze,,do you know anyone look to move to hammond or ? share this listing !,0
932,blaze,,life be amazing same time it crazy nigga dey wan na blaze me hate it because i make it all it take be dedication n some motivation,0
934,blaze,"eagle mountain , texas",blaze be my bro,0
935,blaze,columbus,shayoly yes i love it,0
936,blaze,,see a virtual tour of one of our listing on 547 fir st cannon beach or list by dormie caruana .,0
938,blaze,"temecula , ca",pendleton medium office say only fire on base right now be the horn blaze .,1
939,blaze,"atlanta , ga",welcome djryanwolf djcoreygrand djknyce djoneplustwo officialcoredjs family cleveland standup iamtonyneal,0
940,blaze,"fresno , ca",love living on my own . i can blaze inside my apt or on the balcony,1
941,blaze,,bellalinn alright hit me up and we will blaze !,0
942,blaze,,i blaze jay fuck the dutch slave trade .,0
944,blaze,,my hair be poverty at the moment need to get a fade before the weekend get here,0
945,blaze,australia,property loss from california wildfire nearly double a week-old blaze rage,1
946,blaze,"raleigh durham , nc",break firefighter battle blaze at east cary condo building,1
947,blaze,duck off . . .,niggas love hating .,0
948,blaze,,audacityjamesta do not be like that babes lt3 you will have a ball of fun with me at lan !,0
951,blaze,rio de janeiro,i like a youtube video from iamrrsb minecraft skyward - o blaze que usa hack e flechadas sinistrad !,0
952,blaze,,what demo do . blaze covered month ago.chicago police detain thousand of black american at interrogation facility,0
953,blaze,302,yo i get bar and I be not even a rapper,0
955,blaze,"columbus , oh",ugh y do blaze put the calorie by their pizza ? ok cool thisispublichealth,0
956,blaze,pa,pic of me and blaze in a fort when we be kid i look like a jackass stuffing my face like that ?,0
957,blaze,,look like a year of writing and computer be ahead .,0
958,blaze,mo.city,beautifuljuic1 just let you know,0
959,blaze,"tripsburg , m .",babysweet420 I be mad 420 in your name amp you do not blaze .,0
960,blaze,durham n.c,guiltygearxxacp yeah i know but blaze blue don't have a twitter laugh out loud i draw this a few week ago,0
961,blaze,delhi,socialmedia news - new facebook page feature seek to help personalize the customer experience,0
962,blaze,arizona,djjohnblaze shout out blaze the hot dj in the southwest,0
963,blaze,"penn hill , pa",i like a youtube video minecraft episode 2 ' blaze farm beginning ! ',0
964,blaze,karachi,property loss from california wildfire nearly double a week-old blaze rag the fire,1
965,blaze,seattle wa,christycroley not in the work yet . do you see the new vela short in blaze ?,0
968,blaze,,uabstephenlong courtlizcamp total tweet fail ! you be so beautiful inside and out blaze on !,0
971,blaze,mo.city,the mixtape be come i promise . we going in right now,0
972,blaze,,itzsteven xdojjjj whopperjr760 huh ? me you and leo start that last year and ever since people blaze it in the back ?,0
974,blaze,southern california desert,3 bedroom 1 bath for sale in 29 palm ca . youtube video ...,0
976,blaze,gotham city,? yes i do have 2 gun ? ?,0
977,blaze,,ace dam girl smooth asf c ?,0
978,blaze,my contact 27b80f7e 08170156520,artisteoftheweekfact say conversation by coast2coastdjs agree crystalblaz 's jiwonle be a hiphop clubbanger,0
979,blazing,"dallas , tx",bright amp blaze fireman birthday party wedding,0
981,blazing,,real vibe radio - blaze the best vibe ! nowplaying listenlive,0
982,blazing,"pig symbol , alabama",montgomery come for the blazing hot weather ... stay for the std . yet another reject city slogan .,1
983,blazing,"intramuros , manila",come and join u tomorrow ! august 7 2015 at transcendblazing the trail to the diversified world of marketing ...,0
984,blazing,,morgan silver dollar 1880 s gem bu dmpl cameo rev blaze ms high grade ! - full read,0
985,blazing,new york,morgan silver dollar 1880 s gem bu dmpl cameo rev blaze ms high grade ! - full read,0
986,blazing,,this bowl get me think ... damn I have be blaze for so damn long,0
987,blazing,,danryckert drewscanlon he be blaze through this game with the best stealth skill yet . nothing beat the silenced m4 .,0
990,blazing,,bit pacquiao v marquez 3 unfilled blazing swarm online durvod,0
991,blazing,the world t.g.g m.m.m,turn on your radio stoponesounds be live on your airwave amp 107.9 fm stickynyc 95roots blaze all your hit,0
992,blazing,,baseballquotes1 i have a 32 inch dynasty,0
993,blazing,between the world,I be the only weapon master here ! let u go in gun blaze ! hinatobot,0
994,blazing,state of georgia,blazingben pattyds50 gwfrazee joshuaassaraf not really . sadly i have come to expect that from obama .,0
996,blazing,,shouout to kasad1lla cause her vocal be blaze hot like the weather shes in,0
997,blazing,your screen,s3xleak ! ph0tos of 19yrs old ashwo lady in festal town from delta exp0sed on bbm 5 leaked picture ...,0
998,blazing,lima-peru,oh my heart racing and my temperature be blaze through the roof videoveranomtv fifth harmony,0
999,blazing,,omgbethersss bethanymota hah love this ?,0
1001,blazing,,dmac1043 colorado be a spanish word latin origin mean ' reddish ' or ' color ' all you dummy be pronounce it wrong !,0
1002,blazing,worldwide,why some traffic be freeze cold and some blazing hot and how to heat up some of your traffic,0
1004,blazing,,I be crazy enough to run in 95 degree midday heat under the blazing sun in a place where I be not,0
1005,blazing,,I be blaze rn and there be nothing you can do to stop me,0
1006,blazing,"saltillo , coahuila de zaragoza",still blaze ?,0
1008,blazing,,bekahw thanks ! i sweat bullet every time i get in with this blaze sun beat down on me .,0
1009,blazing,,acousticmaloley no he be blaze it,0
1010,blazing,suitland,officialtjonez your ' lose for word ' make me a new fan of yours fam . crazy skill beyond bless ! keep blaze dude make love and respect !,0
1015,blazing,everywhere,let - me - be - your - hot - blaze - fantasy escort gfe dubai,0
1017,blazing,konoha,srajapakse why thank you there missy ? think it suit the blazing hot summertime ? yee-haw ! ?,0
1018,blazing,swag francisco,asukager magical bag of blaze,0
1020,blazing,"saint mary , ga",the blazing elwood blazingelwoods - do not bother me doug 's song -tune,0
1021,blazing,new york,morgan silver dollar 1921 p ch gem bu pl blaze m satin rare proof like ! - full re,0
1022,blazing,nigeria,blaze hot ! etisalat free mb for complete 12 month etisalat be give out 100mb on techno q1 here be the ime ...,0
1023,blazing,essexbrighton,funkylilshack mariaf30 i want a full on bitch slapping gun blaze cake throw charles showdown ! now that will be worth the wait ?,0
1024,blazing,,follow edwelchmusic and check out his hit single ' unpacked ' man it blazing !,0
1026,blazing,"pennsylvania , pa",i still do not know how 8 hour of physical activity in the blazing sun be not a sport .,0
1029,bleeding,,way so archetype a bleed well-grounded readiness fpoj,0
1031,bleeding,"rockford , il",throw a chicken nugget at my sister lip and now It be bleed ?,0
1032,bleeding,,you could slit my throat and I would apologize for bleed on you,0
1035,bleeding,az,joe landolina this gel can make you stop bleed instantly arizona realestate,0
1036,bleeding,,now my nose be bleed . the last one be like 10 year ago,0
1037,bleeding,,i have be bleed into this typewriter all day but so far all I have write be a bunch of gunk .,0
1038,bleeding,"very beach , fl",jaydennotjared i can not help it . hope you be ok. text me if you need to talk . send hug your way . postscript no bleeding to death allow,0
1040,bleeding,in,you can stab me in the back but i promise you will be the one bleeding,1
1041,bleeding,,apparently if you be bleed people look at you weird laugh out loud well It be fine keep walking,0
1042,bleeding,in the middle of no where,eat takes then rub my eye with my hand now my eye be bleed tear,0
1043,bleeding,"baltimore , md",darrylb1979 yea hear about that ... not come out until 2017 and 2019 ? vampire be bleed,0
1044,bleeding,"florida , usa",coreyashe do that look broken or bleeding ?,0
1045,bleeding,dmv ? fashion school ksu .,i hit my foot now my toe be bleed ?,0
1048,bleeding,nice place,kingnaruto as long a i see madura bleed I be good ?,0
1049,bleeding,,keep think about it until i step on a broken glass pun tak sedan and i do not feel the pain also It be bleed . shit,0
1050,bleeding,"quantic , va",my ear be bleed,0
1051,bleeding,,i wait 2.5 hour to get a cab my foot be bleed,1
1052,bleeding,,It be not a cute dinner date today i learn cam nose start bleed,0
1054,bleeding,,uptownjorge head up like yo nose bleed,0
1057,bleeding,,I have be bleed in your silence i feel safer in your violence .,0
1058,bleeding,"island lake , il",jannet2208 i fell off someone 's back and hit my head on concrete i be bleed n shit,0
1061,bleeding,"live oak , tx",katramsland yes I be a bleeding heart liberal .,1
1062,bleeding,,deadpool be already one of my favorite marvel character and all i know be he wear a red suit so the bad guy can not tell if he be bleed,0
1065,bleeding,"gage lake , il",beckyfeigin i defy will when it stop bleed !,1
1066,bleeding,,sodamntrue we know who you be you be a bleeding heart wannabe pickup artist,0
1067,bleeding,madisonville tn,chaosmagician97 awesome ! i saw he be bleed pretty bad,0
1069,bleeding,"basketball city , usa",burberryant bleeding on the brain do not know the cause,0
1070,bleeding,aep,let see how good you be at soccer when you be bleed out yo face,0
1071,bleeding,,tammyw1997 elijahmallari bleed wild thing run around the apartment while he in work at the bar ?,0
1072,bleeding,alberta pack,coloiccarnality you be bleed my instinct kick in . she look away and scratch the back of her head,0
1073,bleeding,expelcly,my ear be bleed i hate stefan,0
1074,bleeding,my heart be a ghost town !,my ear start bleed again ...,0
1075,bleeding,the great state of texas,benjm1 tourofutah b1grego saw that pileup on tv keep race even bleed,1
1077,bleeding,,a rave wedding ? be i see this my eye be bleed,0
1078,bleeding,"alicante , valencia",they say bad thing happen for a reason but no wise word gon na stop te bleeding,0
1079,blew20up,,damnaarielle yo timeline blow up so damn fast,0
1080,blew20up,atlanta,mfalcon21 go look . just blow it up w atomic bomb .,0
1081,blew20up,,i blow up oof instagrams cause she be cute and she be an active follower,0
1082,blew20up,"greensboro , nc",b24fowler i see that ! crazy how this line blow up .,0
1083,blew20up,indiana,my instagram just blow up apparently i be feature on i be jazz tonight . how cool be that love her,0
1084,blew20up,the local dump,I would still be team usage even if she blow up the entire solar system by some airhead misstep,0
1085,blew20up,,benkin97 mili5499 remember when you be up like 4-0 and blow it in one game ? you probe do not because it be before the king win the cup,1
1088,blew20up,,i hate people who tweet ' receipt ' but know it wrong but they wont take it down bc it ' blow up ' literally gtfo you be that desperate,0
1090,blew20up,,i think i just blow up hopeinhearts notification . go check her out she be so encouraging to me ? love her ?,0
1091,blew20up,seattle,hw18 go 90-100. dude be keep up with me . take the same exit . pull to the side and tell me he blow his motor . loll 2fast2furious,0
1093,blew20up,southampton england,the universe might not actually exist scientist say ' the sun blow up and the earth begin ' ...,0
1094,blew20up,? 205 ? 478 ?,max blow tf up ! ? shot fire ? catfishmtv,0
1098,blew20up,waterford mi,rick and forty - they blow up,0
1099,blew20up,"iowa , usa",codythompson25 ty just blow up the motor go up in flame he get out ok,0
1102,blew20up,va,just realize my dude onlyftf be on that ' what be those ' way before it blow up the husky ? game robsimss cantmisskid,0
1103,blew20up,,this night just blow up rq,0
1104,blew20up,,i blow up snapchat for no reason ?,0
1105,blew20up,,queen gambit go well until anacin blow up the druid control ship . oh well still fun ! can not stop be next ! wbc2015,0
1106,blew20up,florida,phooey time ironically michele bachmann bring this up in ' 11 wrong paul amp everyone blow her off and call hoax . she be finally right,0
1109,blew20up,,catfish retweeted me amp my notification blow up ? .,0
1110,blew20up,california mermaid ?,some guy whistle at me in the parking lot amp it do not help that the wind blow my skirt up get in the car ?,0
1112,blew20up,new york ? atl,blew up those mention,0
1113,blew20up,usaso florida via brooklyn ny,the 1st time someone blow up my phone 30 time they would be block . believe it . catfish,0
1114,blew20up,,imawesome7986 like literally blow up,0
1117,blew20up,h pez sophia,freya video blow up everywhere,0
1118,blew20up,"brooklyn , ny",yahooschwab easy way to look good after the ray rice fiasco ... that blow up,0
1119,blew20up,"queen , ny",laugh my as off that light skin guy blow up on twitter by talk about how ugly he be a a kid ...,0
1120,blew20up,"vancouver , bc .",because you watch honey i blow up the economy we recommend the conservative shoppe of horror harperanetflixshow elxn42 stopharper,0
1122,blew20up,,do anyone else see that fireball fall to earth ? look like a plane blow up .,1
1123,blew20up,,ye do the same thing to big sean and he still blow up,0
1124,blew20up,"ottawa , canada",zany just blow up twitter .,0
1126,blew20up,wherever the at,bitch do blew my shit up,0
1128,blew20up,"purgatory , usa",weloverobdyrdek adrianpeel not a damn clue . try to see how many click i could get before i blow up . that be how i play .,0
1129,blight,"calgary , alberta",daorcey sit your a great pair . like a couple of graywardens fight the blight ...,0
1130,blight,kama 18 france,damidnighter there actually a theory out there that the magistery aren't the only reason for the blight that dwarves the one from the,0
1132,blight,sydney,a a cycling fan i feel sorry for world athletics dope be a blight exacerbate monetary reward . a lot of soul searching will be require,0
1134,blight,,kynespeace blight,0
1136,blight,london,poor jack ?,0
1138,blight,"maryland , usa",realhotcullen i agree but i know we would be go to the deep road again because they find blight in red lyrism . it be not over yet gtgt,0
1139,blight,daruka near tamworth nsw,get a load of this welfare love sponge ... a blight on society .,0
1141,blight,"ijmuiden , the netherlands",new post prysmian secures contract for blight bank wind farm,0
1142,blight,"university height , ohio",cleveland height shaker height fight blight the house next door,0
1143,blight,central illinois,toddcalfee so mattburgener want to see that info on blight you get,1
1145,blight,baton rouge,carl everest rob comes white blight frost leo snuff godly and a few others . i will drink a beer with them . someday .,0
1146,blight,,thea kick off anti-blight loan effort in memphis,0
1149,blight,usa,city program to help turn blight into greenspace the tennessee housing development news,0
1151,blight,psn pipbois,demetae12 yes i want to be the new blight leader,0
1152,blight,"colombo , sri lanka .",release on the plan level - 1. constellation - blight on gaia - clown 's drumstep remix 2.iclown - infinity ...,0
1153,blight,,- cleveland height shaker height fight blight the house next door,0
1154,blight,"johannesburg , south africa",' if you be go to achieve excellence in big thing you develop the habit in little matter ... ' don't know the author,0
1155,blight,me mammy 's belly,hendy21 sure the purdies will be alive with the blight ?,0
1156,blight,uk ibiza,tracy blight thank you for follow me !,0
1157,blight,,apperception bridgework blight xxhjesc,0
1160,blight,laventillemoorings,if you doltish to blight your car go right ahead . once It be not mine .,0
1162,blight,uk,sexual revolutionblight for woman be out ! story via acebabes healthweekly1 amateurnester,0
1164,blight,scotland,like i swear the secret we will uncover be the old god in a slumber . i think there gon na be another blight,0
1166,blight,london,willhillbet what be double result live on the app ?,0
1167,blight,"vancouver , bc",parksboardfacts first off it be the zippoline a no one want to use it and the community never ask for this blight on the park moveit,0
1168,blight,"cleveland , oh",look for my policy matter ohio report on cle and cuyahoga county blight and green vacant land soon !,0
1170,blight,kama 18 france,anellatulip and put the taint there and that all that the magistery do be to open the gate and let the blight get away from it,0
1173,blight,kama 18 france,anellatulip there be a theory that make way too much sense that say that the dwarf may be the actual origin of the blight,0
1174,blight,uk,the palestinian refugee tragedy be a blight on humanity amp should shame every israeli for live with it .,1
1175,blight,"detroit , mi , united state",article by michael hackman at metro time detroit the group later downgrade the estimate to 37 square mile of ...,0
1177,blight,,locksmithing-art respect elaboration only blight lock lpdkl,0
1178,blight,,jakeblight wealilknowa you cunt,0
1179,blizzard,,what if every 5000 win in ranked play give you a special card back ... would be cool for the long te,0
1181,blizzard,,amazon deal - wait or buy ?,0
1182,blizzard,guelph ontario canada,new print available on - ' wait too long ' by pamela blizzard -,0
1183,blizzard,waterfront,blizzarddraco give me free art damon,0
1185,blizzard,columbus ohio,stevenontwatter pussyxdestroyer just order a blizzard pay then put your nut in it say they have you ball flavor . boom free ice cream,0
1188,blizzard,canada,blizzard of auz 9 prime minister cst radioriffrocks 2 hr of rock to make your hump day complete !,0
1189,blizzard,"waukesha , wi",i really want a roll blizzard but mom say no so i guess no dq tonight,0
1190,blizzard,sydney,ashayo msmiggi hi ashayo ! i believe there will be gods on youtube after the presentation but there be nothing like see it live,1
1191,blizzard,,stats,0
1195,blizzard,himalayan mountain,tweet4taiji be a dolphin worship group base on superstition ! just take a look at their tweet !,1
1196,blizzard,,blizzardfans lucio ! let u get the overmatch hype train roll some more ! caution though there be not any break,0
1198,blizzard,coloradoworldwide,blizzardgamin right,0
1199,blizzard,,peanut butter cookie dough blizzard be ?,0
1201,blizzard,ontario canada,my mic and controller be not work one second,0
1202,blizzard,,tomorrow 's announcement gods,0
1203,blizzard,,update to window 10 now i get this error,0
1204,blizzard,,new expansion idea - bard class holy trinity 1,0
1206,blizzard,"california , usa",daborsch not really that shock blizzard lure their old fanbase back with wod and disappoint u hardcore so everyone leave again,0
1207,blizzard,,the best thing at dq be the cotton candy blizzard ?,0
1208,blizzard,,lizard wizard in a blizzard lwb,0
1209,blizzard,"houston , tx",blizzarddraco lonewolffur i need this .,0
1211,blizzard,lakewood colorado,fairx818x playoverwatch blizzards please blizzard we love you,0
1212,blizzard,the 6ix,a blizzard would be clutch asf ?,0
1213,blizzard,"washington , usa",blizzarddraco lonewolffur also me please i would very much like a link,0
1214,blizzard,the ? below ?,bubblycuteone ? ok ok okayyyyyy ima act right ... bout to get this blizzard though,1
1215,blizzard,united state,lonewolffur control yourself tora,0
1217,blizzard,,first time play hearthstone on pc thought,0
1218,blizzard,,i love the cotton candy blizzard ?,0
1219,blizzard,ontario canada,tcgreno just hard reset my box,0
1221,blizzard,,i really wan na brownie batter blizzard ?,0
1222,blizzard,,i call it a little bit of your blizzard ?,1
1223,blizzard,,market news activision blizzard cognizant technology first solar,0
1224,blizzard,,sean end career sg blizzard v knockout ...,0
1225,blizzard,,what be the big regret you have in hearthstone ?,0
1226,blizzard,,someone walk with me to dq ? i wan na butterfingers blizzard so bad ?,0
1227,blizzard,ideally under a big tree,that horrible moment when you open up the dryer and it look like a snowy blizzard cuz you leave a piece of paper in your jean pocket ?,0
1228,blizzard,united state,lonewolffur brush dy,0
1229,blood,,rip ? blood !,0
1230,blood,,chiefcg nah young blood that cook be go I be cut now .hah,0
1232,blood,converse in janet 's caf,off the wall invincible and history blood on the dance floor,0
1234,blood,,break my nailreal not fake this morning blood and all ah it hurt any idea how to treat it ? help me pretty please ? -,0
1235,blood,,4.5 out of 5 star by 290 reviewer for ' dragon blood ' boxset by lindsay broker kindle,0
1236,blood,"? , ? ' ?",blood group a ve be associate with gastric carcinoma say text book ... another fragile gene in my body ...,0
1237,blood,,a friend be like blood they be not beside u always . but they come out when we be wound .,0
1238,blood,dime 's palace,we go get it get it in blood,0
1239,blood,"cairo , egypt",people with a tattoo out there ... be you allow to donate blood and receive blood as well or not ?,1
1240,blood,,do dialysis to my grandpa and oh lord this blood make me light head,0
1241,blood,,setzorah dad why don't you claim me that mean that not right we look the same same eye same blood same box 360 shake my head -.-,0
1242,blood,,moron hem-712c automatic blood pressure monitor standard and large bp cuff,0
1243,blood,,my blood pressure be through the roof i do not need all this extra shit !,0
1244,blood,"seattle , wa",chamberedblood yeah you be ! speakingfromexperience,0
1245,blood,,can not believe more people in their mid 20 's do not have high blood pressure . life be stressful . decisionsondecisions,1
1249,blood,bug forest,guy . i have an imouto who be not actually relate to me by blood .,0
1250,blood,,brush white people buy the ugliest shoe and they them super tight no blood go to there foot,0
1251,blood,canberra,another day another excellent dangerousbeans porridge . seriously people . blood orange in porridge be phenomenal .,0
1252,blood,,scotto519 happy birthday young blood,0
1253,blood,international,if it be not for the blood ! ?,0
1254,blood,,no kinda in it that shit nasty blood . no pun intend,0
1259,blood,the world,be not no hoe in my blood,1
1262,blood,htx,today be such a castle from get drug test blood drown out tb shot to document filling ?,0
1263,blood,,man . somebody get ta stop see dude too fucking funny blood,0
1264,blood,,where will the wind take my gypsy blood this time ?,0
1267,blood,punpunlndia,loboparanoico mad men,0
1269,blood,?,private thirsty night ? sad blood rock's roll ? ?,1
1270,blood,"itirapina , so paul",rolandonabeats ellie golding - my blood acesse nosso site para ouvir !,0
1271,blood,north jersey,olrules welcome - read a free chapter of my new book encounter with jesus . It be full of hope .,0
1272,blood,"ewa beach , hi",anthxvy run in the blood,0
1273,blood,"biloxi , mississippi",sethalphaeus my personal favorite include paramore muse green day royal blood and 5sos,0
1275,blood,,shed innocent blood of their son and daughter and the land be pollute psalms 10638 help stop the sin of abortion .,0
1276,blood,bueno are,se pone a canter cry lightning,0
1277,blood,indonesia,it want a very big stab but it be a deep stab and there like blood everwhe,1
1278,blood,"brecksville , oh",add these item to your everyday eating habit . please do the research on how to take with your blood,0
1279,bloody,"walthamstow , london",looooooooooool who the bloody hell do that ?,0
1280,bloody,,infect bloody ear piercings be always fun ?,0
1282,bloody,malaysia,aggressif be so bloody aggressive,0
1283,bloody,ivano-frankivsk,i enter to win the entire set of butterlondon lip crayon via beram0s . - go enter ! bloggers,0
1284,bloody,"sunshine coast , queensland",slsandpet hey sally sorry have you email me ? be awol bloody work arch ! resigninshame,0
1287,bloody,dime 's palace,I be over here listen to bloody jay . ?,0
1288,bloody,"england , uk , europe , sol 3 .",lauradeholanda i have the forrest version from ' 83 that be bloody awful as well xxx,0
1289,bloody,,' a nightmare on elm street ' be get remade ... again -,0
1290,bloody,chicago,i can not bloody wait ! sony set a date for stephen king the dark tower stephenking thedarktower disgusting,0
1293,bloody,,get ta try to let go of so many bloody thing . shake my head,0
1294,bloody,nashua nh,tradcatknight 1 russia may have play into reason but that link be bs . okanowa be bloody and mainline invasion look like a bloody,1
1296,bloody,leicester,bloody insomnia again ! grrrr ! insomnia,1
1297,bloody,65,zhenghxn i try 11 eye kame ga kill and tokyo ghoul all damn bloody i don't dare watch ?,0
1298,bloody,westchester,fantosex now suck it up because that be all you be bloody get out of me by mean of amends .,0
1300,bloody,"lynnfield , ma",you call them weekend . i call them bloody mary time . this summer 's be full of them . my new,0
1301,bloody,"level 3 garrison , sector g",bloody hell what a day . i have not even really do anything . just . tired . of everything . think vac would help but it only do so much .,0
1302,bloody,singapore,damn bloody hot,0
1303,bloody,"adelaide , south australia",mrtophypup It be bloody sexy drool,0
1304,bloody,,you know how they say the side effect low amp really fast ? son the product be an acne cream ... why 1 of the side effect be bloody diarrhea ?,0
1305,bloody,la vega,ronda rouse would be ' close ' to make floyd mayweather 's money in 50 fight - bloody elbow box,0
1307,bloody,glasgow,I be awful at paint ... why do i agree to do an anytime anywhere anyplace landscape in bloody oil of all paint ?,0
1308,bloody,,all i need in this life of sin be just me and my girlfriend down to ride till the bloody end just me and my girlfriend,0
1309,bloody,shit land of northern ireland,itsmegss i think it be . well It be bloody bark now,0
1312,bloody,singapore,eh hello cover your bloody thighs your bloody clear ... eh hello ! since when do i expose my cleavage and i on ...,0
1315,bloody,christchurch new zealand,mariasherwood2 johnjcampbell mega bloody marvelous,0
1316,bloody,"peekskill . new york , 10566",bloody mary in the sink . beet juice,0
1317,bloody,,melrises gayler1969 wwwbigbaldhead jessienojoke melissaross9847 if my monty python be up to date a bloody far a he want to go .,0
1318,bloody,,meet the bloody rs5,0
1319,bloody,ph,friday suppose to be a happy day but It be a bloody friday hah zzz,0
1320,bloody,storybrooke,chxrmingprince jonesluna i should bloody hope so she say fold her arm sit back in her chair,0
1321,bloody,under the blanket,wait until i tell my college friend who reads bloody mary too about the drama cd,0
1324,bloody,isolated city in world perth,' i come to kill indian ... for fun ' video of smirk and remorseless pakistani killer show him boast .,1
1326,bloody,brazil,I have just watch episode s01e09 of bloody monday ! bloodymonday tvshowtime,0
1327,bloody,au,marlon williams gt elvis presley gt marlon williams gt steel panther . shuffle mode like a bloody legend .,0
1328,bloody,"santa cruz , ca",black friday turn bloody would rather be shop mystery,0
1331,blown20up,"inverness , nova scotia",ezralevant someone tell me all the soccer mom be get this pic blow up and put on their daughter 's bedroom wall . not !,0
1332,blown20up,lszlthchrasc,papcrdoll and i s2g if my mention get blow up over my choice i will deactivate and leave for good . respect my choice .,0
1334,blown20up,oklahoma,manutd emilymcfcheslop wow just wow ! if any other club have blow all that money and fuck up a player like that they would be pillory !,0
1335,blown20up,"801 sl , ut",damn greinke get blow up in that first inning,0
1337,blown20up,,wake up so blown laugh out loud,0
1338,blown20up,fluffy cloud,aunt marge you be blow up eheks,0
1340,blown20up,usa,troylercraft yeah it not worth it bc he already have so many spammer amp his twitter be probably blow up every second,0
1341,blown20up,the 5th dimension .,white family supposedly represent america 's great value get blow up in a horrible cgi nuclear strike ... lmfaoooo !,1
1343,blown20up,georgia,man why have not machinegunkelly blow up ? he be still underground .,0
1345,blown20up,"july 11th , 2015. ?",and my mention be blow up for what ? ? wtf .,0
1346,blown20up,the grey area,on thisdayinhistory in 1862 confederate ship blow up by crew . read more via history,1
1347,blown20up,,that moment when ur about to win a mini uhc and than get blow up by a creeper and get kick for fly ... so salty rn ... ! ?,0
1348,blown20up,"st paul , mn",libraryeliza he do get a taylorswift13 ' bump ' of approval which be probably why he be blow up musicadvisory,0
1349,blown20up,cobblestone,' if a truckload of soldier will be blow up nobody panic but when one little lion die everyone lose their mind ',1
1350,blown20up,"t 30.307558 , -81.403118",hey look ! cash 's foundation live for today get blow up on people magazine 's website ! todd blake ...,0
1351,blown20up,scotland,kaylak369 get it last month when i go into the ee shop . glad it have not blow up yet .,0
1352,blown20up,cosmic oneness,this be the first time a tweet have blow up almost half a day later ... re,0
1353,blown20up,"guildford , uk",' be blow away by this extension . nothing were see have as many option a this one . ',0
1354,blown20up,nowhere islandssmash manor,theboyofmasks ' thanks again for let me stay here since the manor be blow up ... anyways how be you do buddy ? ',0
1356,blown20up,kisumu,loner diary . the pattern on the sand may have be blow away . the photo in two all choke up in flame ...,0
1360,blown20up,los angels,even though bsg have be sufficiently hype up for me in all the year i somehow delay watch it i be utterly utterly blow away .,1
1361,blown20up,make worldwide change near you,vanessa 's game have officially blow up . lady and gentleman ... the real show be about to begin . bb17,0
1362,blown20up,,guarantee be bite by some mutant mosquito my ankle have blow up . little cunt,0
1363,blown20up,,thing you can pick up from toilet seat butt leprosy full-blown jerkface syndrome a lateral lisp amp toilet rickets .,0
1365,blown20up,,kalinandmyles kalinwhite my instagram be be blow up just with hacker i need it to stop givebackkalinwhiteaccount,0
1368,blown20up,atx,lukewinkie whoever be direct these video need to grab up nick mina or someone with u.s. recognition so mind can be blow .,0
1369,blown20up,laocvegas,princessduck last week want the 6th sense to get blow up so far so good . james could win but he be a huge target and will be go soon .,0
1371,blown20up,londonoutlaw country,orbette more like blow up amirite,0
1372,blown20up,"grimsby , england",my dog just blown his kennel up bloody yorkshire terrorist,0
1374,blown20up,,turn on espn2 and get blow up,0
1375,blown20up,gotham,hopefulbatgirl go down i be beat and blow up . then next thing i know ra al ghoul bring me back to life and i escape and for a-,1
1376,blown20up,,thebriankrause leos as just get metaphorically blow up again piperwearsthepants charm,0
1378,blown20up,"manchester , the world , england",anarchicteapot boironusa zeno001 glononium 6c also help with be blow up while bash a bottle of nitroglycerin against a book .,0
1379,body20bag,new york,new lady shoulder tote handbag woman cross body bag faux leather fashion purse - full re,0
1380,body20bag,new york,new lady shoulder tote handbag woman cross body bag faux leather fashion purse - full re,0
1381,body20bag,,if you have a son or a daughter would you like to see them go to a war with iran and come back in a body bag ? let the republican know,0
1382,body20bag,"sit on eddie venders lap ,",questergirl ditto but it all we have . and the way i feel if i drink vodka over ice they would have to body bag me,0
1383,body20bag,,handbag genuine mulberry antony cross body messenger bag dark oak soft buffalo leather 279.00end date w ...,0
1384,body20bag,new york,louis vuitton monogram sophie limited edition clutch cross body bag - full read by ebay,0
1385,body20bag,new york,louis vuitton monogram sophie limited edition clutch cross body bag - full read by ebay,0
1388,body20bag,new york city,louis vuitton cultsierre monogram shoulder bag cross body bag,0
1389,body20bag,"missouri , usa",check out ameribag healthy back bag shoulder cross body backpack khaki tan beige nylon ebay,0
1390,body20bag,u,photo bath amp body work cosmetic bag in periwinkle blue with copper pip along the top and four corner ...,0
1391,body20bag,,new lady shoulder tote handbag woman cross body bag faux leather fashion purse - full re,0
1393,body20bag,,new summer long thin body bag hip a word skirt blue,0
1394,body20bag,"california , usa",new lady shoulder tote handbag faux leather hobo purse cross body bag women retweet en,0
1395,body20bag,"grenville , sc",trjdavis brush you wan na fight I be down meet me in the cage bro well find out who you be deal with before you end up in a body bag,0
1396,body20bag,new york,new lady shoulder tote handbag faux leather hobo purse cross body bag women - full read,0
1399,body20bag,new york,auto louis vuitton brown saumur 35 cross body shoulder bag monogram 7.23 419-3 - full read,0
1401,body20bag,,check out vintage longaberger floral fabric shoulder cross body bag brown leather strap ebay,0
1402,body20bag,paignton,? new lady shoulder tote handbag faux leather hobo purse cross body bag women,0
1405,body20bag,,new summer long thin body bag hip a word skirt blue,0
1406,body20bag,"california , usa",? new lady shoulder tote handbag faux leather hobo purse cross body bag women retweet en,0
1407,body20bag,new york,louis vuitton monogram sophie limited edition clutch cross body bag - full read by ebay,0
1408,body20bag,,new woman handbag faux leather lady shoulder tote cross body bag large satchel - full re,0
1409,body20bag,paignton,? new lady shoulder tote handbag faux leather hobo purse cross body bag women,1
1411,body20bag,,one day this heart go get me zip up in a body bag .,0
1412,body20bag,,handbag fashion style authentic louis vuitton pochette bosphore shoulder cross body bag,0
1414,body20bag,paignton,? new lady shoulder tote handbag faux leather hobo purse cross body bag women,0
1415,body20bag,,handbag fashion style vintage coach purse camera bag cross body 9973 16.99 0 bid,0
1418,body20bag,new york,genuine leather man bag messenger fit ipad mini 4 tablet case cross body air jp - full rea,0
1419,body20bag,new york,louis vuitton monogram sophie limited edition clutch cross body bag - full read by ebay,0
1420,body20bag,paignton,? new lady shoulder tote handbag faux leather hobo purse cross body bag women,0
1421,body20bag,,nuu that fam ? fwt I be leave you in a body bag ?,0
1422,body20bag,new york,new lady shoulder tote handbag faux leather hobo purse cross body bag women - full read,0
1425,body20bag,,rhee1975 deliciousvomit no I be not I be say that they be lucky they can go home to their family not put in a body bag,0
1429,body20bagging,have car will travel,mattbez oh I be not bag her at all ! her body be banging ' . I be say she be go to get the rise .,0
1431,body20bagging,"sydney , new south wale",ohmyloz rondarousey who be bag her body ? she be smoke hot ?,0
1432,body20bagging,atl ? sea,drake be really body bag meek,0
1433,body20bagging,"t 39.982988 , -75.261624",fuckyeahcarey bornverified drake kill this dude and tea bag the dead body at this point,1
1436,body20bagging,,meekmill be wreck league ball drake be olympic level body bag him like his career be nothing trollingtilmeekdiss,0
1439,body20bagging,eaglewood chicago,i do not give a fuck who tough or who from canada and who from north philly meek be act like a bitch amp drake be body bag his as on track,0
1440,body20bagging,302 ? 815,yankee body bag motherfucker,1
1441,body20bagging,new your,broseidonrex dapurplesharpie i skim through twitter and miss this body bagging .,0
1443,body20bagging,texas,g body bag them lyrically !,0
1444,body20bagging,"new york , ny",bomairinge elutranscendent straight body bagging .,0
1445,body20bagging,,body bag bitch ?,0
1447,body20bagging,purple booth studio,no good feeling than see and be on stage with my day one ... 22 year friendship and we still body bag mics together .,0
1448,body20bagging,cloud 9,morpheme and bigstar johnson be a problem in this game body bag niggas vuzuhustle,0
1449,body20bagging,,i be body bag on the ? today ... 4got to post my score,0
1450,body20bagging,former yugoslav republic of macedonia,editaxohaze then let the bagging body 's begin laugh out loud ? i be not cuff yet so it should not be that bad !,0
1452,body20bagging,,ovofest drake straight body bag meek on that ovo stage . ziphimup !,0
1453,body20bagging,,I be not a drake fan but i enjoy see him body-bagging people . great marketing lol .,0
1454,body20bagging,,amaramin3 meek be definitely capable of body bag his as on the track drake be just smooth a fuck with it !,0
1455,body20bagging,3 ? 3 ? 7 ? slopelousas ? 2 ? 2 ? 5 ?,gate not body bag nobody ? nigga in br really know who he be ?,0
1456,body20bagging,,wwe 2k15 mycareer ep18 tyrone body bag dude via youtube,0
1458,body20bagging,316,' i do another one i do another one . you still be not do shit about the other one . ' nigga body bag meek .,1
1459,body20bagging,global,drake body bag meek . he must of hit a sensitive spot talk about a ' ghostwriter . ' he try 2 end his career .,0
1460,body20bagging,whereveri'mat,good dis bad beat and flow . mark my word meek mill be body bag him once he respond . patient patient . meek be a battle rapper !,0
1463,body20bagging,"huber height , oh",drake be body bag meek meanwhile he be on tour with nick all hush hush ... he be put 2 dis track out and meek 0 but dude start it laugh out loud,0
1464,body20bagging,,mzgraciebaby for the record im jumping out the window early ... i get officialrealrap body bag luck ... laugh out loud save the file,0
1466,body20bagging,miami ?,have body bag retweet lac drake be body bag meek,0
1467,body20bagging,"houston , tx",drake be keep it the most hip hop during this beef and he fuck body bag meek back to back ?,0
1470,body20bagging,every where,wake up to drake body bag meek again ! meek you can not out spit ya girlfriend ... just lay down man ... not right ...,0
1472,body20bagging,arizona,im2ad i be go to tell him but you be body bag him,0
1473,body20bagging,,macdaddyleo ? no caption need ? . freshman ... nigga stacey body bag nigga ! ?,1
1474,body20bagging,401 living ',aubrey really out here body-bagging meek .,1
1475,body20bagging,mi,8 hour of bag grocery an aching body,0
1477,body20bagging,eptx,slikrickdarula drake really body bag peeps man ? he really about it,0
1479,body20bags,"austin , texas",foxnews jengriffinfnc when you call to report dangerous activity tell em to have body bag on arrival .,1
1480,body20bags,oklahoma city,micom 2015 summer contrast candy color bowknot cross body tote shoulder bag for womengirls with micom zip po,0
1482,body20bags,ca,hobo hobo vintage shirt convertible b 238.00 bestseller,0
1483,body20bags,,child shoulder bag pvc shoulder book bag cartoon cross body bag for girl,0
1484,body20bags,united kingdom,women buckle casual stylish shoulder handbag pocket cross body bag green,0
1485,body20bags,westside of philly 7 ? block ?,be not no bag in the trunk It be a body,0
1486,body20bags,ca,bestseller ! fossil dawson mini cross body bag es 98.00,0
1487,body20bags,wisconsin,boomerangtime rskarim1 sopameer wattashit3 appear to already be arrive in ridah in body bag .,0
1488,body20bags,charlotte nc,the body bag have a show on 08072015 at 0730 prime minister fremont music hall in charlotte nc concert,0
1491,body20bags,"long island , ny",body bag !,0
1493,body20bags,,you know you hate your body when you buy 2 bag of chip and a variety pack of fruit snack and a redbull a a snack,0
1494,body20bags,"washington , d.c .",break fairfax county firefighter place on admit leave amid probe into facebook post about put police in ' body bag ' kept . say .,0
1495,body20bags,united kingdom,women buckle casual stylish shoulder handbag pocket cross body bag white,0
1497,body20bags,,attention all rchs football player there will be coffin and body bag by the locker room grab one tommorow because be gon na die,0
1498,body20bags,,women flower print shoulder handbag cross body metal chain satchel bag blue,0
1499,body20bags,,women cross body messenger bag clutch small shoulder zipper bag white,0
1500,body20bags,"waistdeep , tx",deeeznvtzzz bring the body bag though,0
1501,body20bags,swan around,u institute of peace chairman want russian body bag,0
1502,body20bags,d.c. - baltimore - annapolis,update va. firefighter on administrative leave after facebook post call for people to put officer in ' body bag . ',0
1503,body20bags,,scottwalker so you can send the poor and middle class child to war so they can come in body bag . typical gop,0
1504,body20bags,937 ? 734,baskgod body bag,0
1505,body20bags,,nine giant body size garbage bag later ... I be just go to start throw thing away . moving2k15 expertwhiner,0
1506,body20bags,,i love the body shop bag ? cutekitten catsofinstagram summerinsweden matt katterpinstagram duple dagens,0
1507,body20bags,,women tote faux leather handbag shoulder cross body top handle bag rise,0
1508,body20bags,,women satchel lattice chain stud cross body mufti color shoulder bag blue,0
1509,body20bags,"fife , wa",lab today ready for these body bag . ?,0
1510,body20bags,,bitch be takin pic with bag big than they whole body ?,0
1511,body20bags,,women buckle casual stylish shoulder handbag pocket cross body bag green,0
1513,body20bags,bushkill pa,irandeal most member of congress who do not want this deal do not have any kid who would b come home in body bag . war make them money,0
1514,body20bags,,party and body bag go together like drinking and driving .,0
1515,body20bags,in the shadow ...,limpar33 sweep leg ? or put people in body bag ?,0
1518,body20bags,"southwest , tx",shoot shit up till we see body bag,0
1519,body20bags,,' your body will heal the bag under your eye will go away you'll be so happy you'll smile and really ... ',0
1520,body20bags,"california , usa",women handbag cross body geometric pattern satchel tot shoulder bag white retweet gaspar,0
1521,body20bags,,woman messenger bag clutch bag handbag cross body shoulder bag bag lady designer handbags high quality ...,0
1522,body20bags,,women handbag cross body geometric pattern satchel tot shoulder bag white,0
1523,body20bags,anywhere !,status last see buy body bag .,0
1524,body20bags,venlo park . sfo . the world .,asymbina tithenai I be hamper by only like cross-body bag . i really like ella pickers bag machine washable .,0
1525,body20bags,,zicac vintage leather briefcase messenger satchel tote cross body handbag for women,0
1526,body20bags,speak the truth in love,fairfax investigate firefighter over facebook post say police should be put in body bag - the washington post,0
1527,body20bags,,men cross body canvas waist pack solid letter print sport zipper bag coffee,0
1530,bomb,"aarhus , central jutland",listen to this hit song . a summer bomb full of positive energy and youth do you like it ? norge2040,0
1531,bomb,,beforeitsnews global derivative 1.5 quadrillion time bomb v,0
1532,bomb,"lincoln , ne",thea comment on ' new evidence of japan 's effort to build atom bomb at the end of wii ' -,1
1533,bomb,wny,this be about to be a bomb as firework picture,0
1534,bomb,"bolton tewkesbury , uk",hiroshima prepares to remember the day the bomb drop,1
1535,bomb,,the guardian view on the hiroshima legacy still in the shadow of the bomb editorial the world long to cas ...,1
1537,bomb,travel to tae 's pant,namjoon 's fantastic be bomb bye oh my god,0
1538,bomb,deli x,halsey and trove collar would be bomb,0
1540,bomb,manchester,aaronthefm guy to scar to show his real name anyway he know I will bomb him,0
1543,bomb,canada,cranboonitz so go to make any bomb threat ? hereticofethics,0
1544,bomb,"knoxville , tn",dylanmcclure55 work at zumiez be the which location ?,0
1545,bomb,australia,new document find point to japan 's wii atomic bomb program,1
1546,bomb,chicagorobotz,jen you da bomb girl !,0
1547,bomb,whs ' 17,daniglasgow45 happy birthday big d ! i miss you girl hope you have a bomb one ?,0
1549,bomb,,smallforestelf umm because a gun stop the gunman with who be carry a bomb !,1
1553,bomb,nv,danielsahyounie it would be so bomb if you guy win ?,0
1554,bomb,,new document find point to japan 's wii atomic bomb program,1
1555,bomb,,hiroshima mark 70 year since bomb,1
1556,bomb,ireland,the crew on enolagay have nuclear bomb on board disarm . 15 min to hiroshima they get ready to arm little boy,1
1558,bomb,,dopeitsval ahh you be bomb baby ?,0
1559,bomb,,when you get a bomb as picture mail ?,0
1560,bomb,lagos nigeria,if i fall be men god praiz8 be d bomb well av always know dat since 2008 big you i pray sir,1
1561,bomb,"edmonton , alberta",i come up with an idea of a fragrance concept for a bath bomb call the blood of my enemy . so you can say that be what you bathe in .,1
1562,bomb,gia . kardashianempire,carajdeievingnc the bomb impact ratio hit beyond kyle j,0
1567,bomb,"sunrise manor , nv",swellyjetevo disneyland ! taco there be bomb !,1
1568,bomb,"oxford , oh",flat out bomb by flavafraz21 whatcanthedo,0
1569,bomb,,what would it look like if hiroshima bomb hit detroit ? thursday mark the 70-year anniversary of the united s ...,1
1570,bomb,,soul food sound so bomb right now ',0
1572,bomb,,the bomb be so appropriate ? see a my family and most jamaican love shout bullet !,0
1573,bomb,,the hatchet-wielding gunman have pepper spray and a fake bomb ? ! ? ! ?,1
1574,bomb,"odawara , japan",oops . h bomb lose 70 mile off the okinawan coast . fell off the ship 1965 .,1
1575,bomb,,the guardian view on the hiroshima legacy still in the shadow of the bomb editorial the world long to cas ...,1
1576,bomb,"chicago , il",the motherfucker life be a vocal and lyrical bomb . saw her live this summer . amazing vocalist . retweet themalemadonna melanie fiona be so slept on ?,0
1577,bomb,"de mines , ia",e-hutch be da bomb ?,0
1579,bombed,"sundas , ontario",jay rock mlb joeybats19 just bomb one out of rogers center . playoffs r ahead for the bluejays - bell mosey and garfield r back !,0
1580,bombed,,stankyboy88 i should have photo bomb,0
1582,bombed,,sweetiebirks mirrorlady2 slatukip so name all the country we have invadedbombed aside libya in north africa in last 5 year ...,1
1585,bombed,new york,the u.s. bombed hiroshima 70 year ago today . a look at how war have change since,1
1587,bombed,idn,london life photo of a beautiful bombed-out britain art,0
1588,bombed,,i can not believe myfriendmina photo bomb a screenshot,0
1590,bombed,netherlands,u drone bombs islamic state target in syria after take off from turkey a u arm drone have bomb a targe ...,1
1591,bombed,"dakounty , pa",cyhitheprynce bomb on kane in that elephantintheroom ?,1
1593,bombed,,the majority of those kill be civilian on the ground after the jet first bomb the city 's main street then dramatically plummet,1
1594,bombed,tokyo,70 year ago at this hour the usa a-bombed hiroshima therein kill 200000 civilian . never forget the crime and never repeat . peace ?,1
1595,bombed,"düsseldorf , germany",on 1st august turkish jet bomb the village zergele in qendil and kill 8 civilian and 15 others wound,1
1596,bombed,old blight,nicklee8 i go to school in a bomb out east end of london3 family to one house no bathroom outside loo amp poor so whats yr point,1
1597,bombed,,photo bomb ?,0
1599,bombed,,qpr1980 rorington95 nowt to do with money . fergie bomb out the big drinker at united within year of take over while winger,0
1600,bombed,?,' the third generation atomic bombed survivor ' photo exhibition 1100 to 1800 86. ? hiroshima,1
1601,bombed,,oooureli abubaraa1 you mean like the tolerance you show when share ' democracy ' with the iraqi ? wait you mutilate and bomb them .,0
1602,bombed,,brodyfrieling hannabrooksie photo bomb,0
1603,bombed,the land of new jersey .,shadowflame and the wraith bomb via amazon,1
1604,bombed,atlanta georgia,whitehorse pots just cos germany invade poland japan bomb pearl harbor preemptive suicide,1
1605,bombed,,cheetosarabia crude it feel like if i would try to grab one off he cheetos I will get bomb .,0
1607,bombed,my rts be not endorsement,christopherszen hunterlove1995 black yeah man ... that movie bomb hard,0
1608,bombed,"kabul , tuebingen , innsbruck",.raniakhalek true . i face everything from ' be bin laden your uncle ? ' to ' hopefully afghanistan will be bomb ' . child can be very ugly .,0
1609,bombed,"light and dark , form and void",kurtschlichter falphil this liberal compassion be bs . a specific feminist say the u bomb japan back to traditional sexist value .,0
1610,bombed,"nairobi , kenya",' nagasaki have to be forever the last city bomb with a nuclear weapon . ' bannukes,1
1611,bombed,,lady here be how to recover from a date you totally bomb ... accord to men,0
1613,bombed,,rlauren83199 xojademarie124 i hope you get batista bombed lauren,0
1614,bombed,erbil,.vagersedolla visit village recently bomb by turkey and find people feed up with the pkk,1
1615,bombed,stockton on tee teesside uk,antpips67 johnejefferson obviously I be aware that not all a be from country we have bomb but a lot be flee conflict,1
1617,bombed,"screwston , tx",' redskin wr roberts belly-bombed ' via teamstream,1
1618,bombed,,me try to pass lax with my family end up by me have to run after the ball after it get bomb over my head,0
1619,bombed,my old new england home,i like a youtube video benedict cumberbatch get video bombed,0
1621,bombed,melbourne,today japan mark 70 yr since the u.s a bombed 2 city kill over 120000 people but we have to worry about iran,1
1622,bombed,cape town,you just get gif bomb africansinsf beyondgps,0
1623,bombed,,she do not even notice me in the background I be a floating head bomb,1
1625,bombed,"ikea , nigeria",70 year ago today the united state of america bomb hiroshima in japan .,1
1626,bombed,"warwick , ri dollarocracy also",storm in ri bad than last hurricane . my cityamp3others hardest hit . my yard look like it be bomb . around 20000k still without power,1
1627,bombed,texas be university,a wasp just dive bombed my face,0
1628,bombed,ma,misfitrarity misfit get bombed,0
1631,bombing,,the united kingdom and france be bomb dash in syria - voltaire network,1
1632,bombing,shipwreck cove,It be be 70 year and one hour since the bombing of hiroshima . let u take this time to remember .,1
1633,bombing,,the cryptic word that guide pilot on the hiroshima bomb mission,1
1634,bombing,,japan on thursday mark the 70th anniversary of the atomic bombing of hiroshima with the most senior official from washington ever schedule,1
1636,bombing,"sydney , australia",today mark the 70th anniversary of the bombing of hiroshima a city i visit and be humble by in november 2013,1
1637,bombing,,moscowghost sayedridha aminakh congratulation on capture a besiege city after 3 month of indiscriminate bombing by land amp air,1
1638,bombing,,the only country claim the moral high ground be the only one to have drop atomic bomb . hiroshima banthebomb,1
1639,bombing,,the cryptic word that guide pilot on the hiroshima bomb mission canada,1
1643,bombing,,setting4success bell toll in hiroshima a japan mark 70 year since atomic bomb news smallbusiness entrepreneur,1
1644,bombing,worldwide,australia news japan mark 70th anniversary of hiroshima atomic bombing read more,1
1645,bombing,,nbcnews yea bomb pearlharbor not so good of an idea !,1
1646,bombing,,the cryptic word that guide pilot on the hiroshima bomb mission,1
1647,bombing,,70th anniversary of hiroshima atomic bombing mark,1
1648,bombing,,japan mark 70th anniversary of hiroshima atomic bombing,1
1649,bombing,"overland park , ks",japan mark 70th anniversary of hiroshima atomic bombing,1
1650,bombing,sumo,japan mark 70th anniversary of hiroshima atomic bombing,1
1652,bombing,puerto rico,japan mark 70th anniversary of hiroshima atomic bombing,1
1653,bombing,toronto-citizen of canada u,rinkydnk2 zaibatsunews neoprogressive1 when push2left talk'ecology'amp'human rts'amp'democracy ' . war afghetc'left ' humanitarian bombing,1
1654,bombing,silicon valley,hiroshima bomb justified majority american even today - hindustan time,1
1657,bombing,,snapharmony bell toll in hiroshima a japan mark 70 year since atomic bombing,1
1658,bombing,,japan mark 70th anniversary of hiroshima atomic bombing,1
1660,bombing,"washington , dc",japan mark 70th anniversary of hiroshima atomic bombing from ap,1
1661,bombing,,today be the day hiroshima get atomic bomb 70 year ago . - the ' sanitized narrative ' of hiroshima 's atomic bombing,1
1662,bombing,north east usa,what it be like to survive the atomic bombing of hiroshima,1
1663,bombing,"washington , d.c .",i think bomb iran would be kind ...,0
1665,bombing,singapore,japan on thursday mark the 70th anniversary of the atomic bombing of hiroshima with the most senior official from washington ever schedule,1
1666,bombing,,oh and fuck bill clinton for bomb u and fuck nate .,0
1669,bombing,london,japan mark 70th anniversary of hiroshima atomic bombing bell toll in hiroshima on thursday a japan mark 70,1
1670,bombing,united state,japan mark 70th anniversary of hiroshima atomic bombing generalnews,1
1671,bridge20collapse,vitoria es,a marshall plan for the united state by dambisa mojo via prosy oped via post,0
1672,bridge20collapse,mumbai,ameenshaikh3 by ur . logic if bridge didn't collapse then second train engine should cross bridge then sanjaynirupam sureshprabhu,1
1673,bridge20collapse,,australia 's ash disaster - how the collapse unfold at trent bridge ... cricket,1
1675,bridge20collapse,,sioux city fire official believe bridge collapse lead to cement truck roll over - siouxland matter siouxlan ...,1
1676,bridge20collapse,"new delhi , delhi",ash 2015 australia collapse at trent bridge among bad in history england bundle out australia for 60 ...,1
1677,bridge20collapse,buscame el tu melt,2 injured 1 miss in bridge collapse in central mexico,1
1679,bridge20collapse,,i never know about the relationship btwn kansas city wyatt bridge collapse amp aia 's cote . via huffpostarts,1
1683,bridge20collapse,wiltshire,what the fuck be go on at trent bridge ? ! remind me of england 's collapse out in the caribbean back in the 90 ...,1
1684,bridge20collapse,,swiss kosher hotel bridge collapse injure five people - jewishpress,1
1686,bridge20collapse,proud indian,bridge collapse not natural calamity but manmade mpp lambast congress - kanglaonline yugvani,1
1687,bridge20collapse,,two giant crane hold a bridge collapse into nearby home,1
1688,bridge20collapse,leicester,in case you miss it - ash 2015 australia collapse at trent bridge - how twitter react,1
1689,bridge20collapse,"mumbai , india",warn shock over australia 's epic collapse at trent bridge johannesburg aug 06 ani legendary australian ...,1
1690,bridge20collapse,,two giant crane hold a bridge collapse into nearby home,1
1691,bridge20collapse,pittsburgh pa,bloopandablast because i need to know if I be suppose to throw myself off a bridge for a collapse or plan the parade . there be no both,0
1692,bridge20collapse,,2 injured 1 miss in bridge collapse in central mexico - fox news latino,1
1693,bridge20collapse,boston,two giant crane hold a bridge collapse into nearby home via,1
1694,bridge20collapse,mum-del,traintragedy - happen in mp due to collapse of bridge now i m afraid to take a long distance train .,1
1698,bridge20collapse,"leeds , england",listen to blower and suffers on the aussie batting collapse at trent bridge remind me why i love bbctms ! wonderful stuff ! engvaus,0
1699,bridge20collapse,u,two giant crane hold a bridge collapse into nearby home,1
1700,bridge20collapse,,two giant crane hold a bridge collapse into nearby home,1
1701,bridge20collapse,california,computer gadget two giant crane hold a bridge collapse into nearby home slingnews,1
1702,bridge20collapse,uk,australia 's ash disaster - how the collapse unfold at trent bridge - telegraph,1
1703,bridge20collapse,nigeria,followlasg this be urgentthere be currently a 3 storey building at church stop oworoshoki third mainland bridge which likely to collapse,1
1705,bridge20collapse,"playa del carmen , mexico",two giant crane hold a bridge collapse into nearby home,1
1706,bridge20collapse,,two giant crane hold a bridge collapse into nearby home,1
1707,bridge20collapse,,ash 2015 australia collapse at trent bridge among bad in history england bundle out australia for 60 ...,0
1709,bridge20collapse,,ash 2015 australia collapse at trent bridge - how twitter react,1
1710,bridge20collapse,,mexico construction of bridge collapse killsone,1
1712,bridge20collapse,,two crane restore a bridge in the central dutch town of alphen aan den rijn collapse on to building with rescuer search for,1
1715,bridge20collapse,leicester,leicestermerc in case you miss it - ash 2015 australia collapse at trent bridge - how twitter rea,0
1716,bridge20collapse,,two giant crane hold a bridge collapse into nearby home,1
1718,bridge20collapse,"ny , ct greece",u wont upgrade it infrastructure ? it a bad situation and it go to get ugly very quickly usa sustainability,1
1719,bridge20collapse,,a marshall plan for the united state by dambisa mojo via prosy oped via post,0
1720,bridge20collapse,mumbai,ameenshaikh3 sir i just only want to make a point about sureshpprabhu you make and say he be lie about bridge collapse .,1
1721,buildings20burning,,sonofliberty357 all illuminate by the brightly burning building all around the town !,0
1722,buildings20burning,,' i 'm a gemini ' child scream building burn police siren in the distance,1
1723,buildings20burning,"mckay , qld , australia",mmmmmm I be burn ... I be burn building I be build ... oooooohhhh ooh ooh ...,1
1724,buildings20burning,quincy ma,dougmartin17 fireman ed run into burn building while others be run out doug he deserve your respect ?,1
1725,buildings20burning,nj,themagickidraps not upset with a rally upset with burning building business execute cop that have nothing to do with it and so on,1
1726,buildings20burning,,kou be like cash register building burn,0
1727,buildings20burning,"madison , ga",minimehh joyner i must be overlook the burning building ? blacklivesmatter,1
1728,buildings20burning,,fewmoretweets all life matter . just not a fan of burn down building and steal from your neighbor to ' protest ',1
1731,buildings20burning,kurvezgearheadcentral.net,the great female beat boxer ever now but It be we ... save baby outta burn building on my free time but ya know ... whatevs ...,0
1733,buildings20burning,"st charles , md",I be mentally prepare myself for a bomb as school year if It be not I be burn building ?,0
1735,buildings20burning,"denver , colorado",the rocky fire burning in northern california be still threaten more than 7000 building . It be the large in the state 9newsmornings,1
1737,buildings20burning,san francisco,? high sky - burning building ? nowplaying,0
1739,buildings20burning,liam af,mess have tattoo so he can not donate blood ronald run into burn building to save dog respect,1
1740,buildings20burning,,i can probably skip on these basic life maintenance thing for a few day . cut to burn building people scream in the street,1
1741,buildings20burning,go blue ! hail yes !,1acd4900c1424d1 foxnews no one be riot burn down building or looting .,1
1744,buildings20burning,"chicago , il",joshcorman infosec rather you know it or not your a firefighter now day you often run into burn building deal with it .,0
1745,buildings20burning,"outside the matrix , i think .",into burn fucking building 22,1
1747,buildings20burning,,ever since kelly 's burn i keep have dream about be inside burning building ?,0
1750,buildings20burning,in hell,school in western uganda still burn down building during strike ... strike in western uganda always light literally ...,1
1752,buildings20burning,"epic city , bb .",i pledge allegiance to the p.o.p.e . and the burning building of epic city . ?,0
1753,buildings20burning,somewhere over a rainbow,doctorfluxx stefanejones spinnellii themermacorn no burning building and rob during a riot . that be embarrass amp ruin this nation .,1
1754,buildings20burning,selma2oakland,people be more worried about the burning of building than black people lose their life disgust .,1
1755,buildings20burning,,bradford . back to do what we do best . burn down our own building . read it and weep leeds .,1
1756,buildings20burning,bombardment bay,epcotexplorer my jealous tear be burn with the fire of a thousand ransack building . so awesomeeeeeeee,1
1757,buildings20burning,,zourryart i forget to add the burning building and scream baby,1
1759,buildings20burning,"savannah , ga",sink ship burn building amp fall object be what remind me of the old u .,1
1760,buildings20burning,dallas,like for the music video i want some real action shit like burn building and police chase not some weak ben winston shit,1
1761,buildings20burning,"new orleans , louisiana",burn building ? medium outrage ?,1
1762,buildings20burning,"england , united kingdom",must get hot in burn building -loses followers,1
1763,buildings20burning,"dublin city , ireland",rockbottomradfm be one of the challenge on tough enough rescue people from burn building ?,0
1766,buildings20burning,"leeds , england",save baby from burn building soak cake in a shit tonne of alcohol mat be a man after my own heart ? gabo,0
1767,buildings20burning,,ppfa at least they be not burn building and loot store .,0
1768,buildings20burning,new hampshire,witness video show car explode behind burn building on 2nd st this afternoon manchester via mikecroninwmur,1
1769,buildings20burning,"washington , d.c .",watch bela firefighter struggle to save burning building last night with old equipment make me so grateful for dcfd chr3lyc iaff36,1
1770,buildings20burning,,croydon riots the next day burn building in high street amp crowd at reef corner croydonization august 2011,1
1771,buildings20on20fire,world wide,fire hazard associate with installation of noncompliant external cladding on - by,1
1772,buildings20on20fire,intermountain west,.greenbuildermag nipa to hold free webinar on wildfire mitigation 819 at 2pm et . firewise michelenfpa,1
1773,buildings20on20fire,world wide,fire hazard associate with installation of noncompliant external cladding on - by,0
1774,buildings20on20fire,new hampshire,video fire burn two apartment building and blow up car in manchester,1
1775,buildings20on20fire,"manchester , nh",fire destroy two building on 2nd street in manchester,1
1776,buildings20on20fire,"tulsa , oklahoma",multiple building on fire in downtown hinton,1
1779,buildings20on20fire,,building be on fire and they have time for a business meeting thestrain,1
1780,buildings20on20fire,"auburn , al",ton of smoke come out of one of the new apartment building at 160 ross in auburn . several fire truck on scene .,1
1784,buildings20on20fire,,square just let booty org write xv im sure we would do just fine building around me set on fire,0
1786,buildings20on20fire,,smoke detector not require in all building an office building on shevlin-hixon drive be on fire . there we ...,1
1787,buildings20on20fire,take by piper curd,someone mention gansey on fire me bust through the brick wall of seven different building,1
1789,buildings20on20fire,toronto,such beautiful architecture in nyc i love those fire escape route on the building . newyork,1
1790,buildings20on20fire,scotland,tweetlikeitsseptember11th2001 those two building be on fire,1
1791,buildings20on20fire,"nigeria , global",just in kenya several building be report to be on fire close to dam estate langata at 222pm .,1
1792,buildings20on20fire,"fort walton beach , fl",they be evacuate building in that area of state road 20. we still do not have confirmation of what be on fire .,1
1796,buildings20on20fire,sweden,shooting explosion hand grenade throw at car and house amp vehicle and building set on fire . it all just baffle me.is this sweden ?,1
1798,buildings20on20fire,"proton , ct",a change in the state fire code prohibit grill on deck at condo and apartment building . check with your ...,0
1799,buildings20on20fire,brisbane australia,fire hazard associate with installation of noncompliant external cladding on highrise building - insurance - aust,0
1802,buildings20on20fire,ny capital district,fire displaces family and damage two building in troy fire break out on fourth street in albany ny news,1
1803,buildings20on20fire,peoria,what news report be i missing ? be there building on fire people shot etc . due to videos ? ppsellsbabyparts,1
1804,buildings20on20fire,reading uk,so my band building on fire be play bbcintroducing purpleturtlerdg this wednesday with giantgiantsound rdg,0
1807,buildings20on20fire,uk,tweetlikeitsseptember11th2001 those two building be on fire,1
1808,buildings20on20fire,"concord , nh",now on photo flame rage through manchester building in 3-alarm fire nh1news,1
1809,buildings20on20fire,cornfield,bigsim50 nah philly pundit be half the cause . they set building on fire to report on building be on fire .,1
1810,buildings20on20fire,"worcester , ma",mafireems retweet wmur9 two building involve in fire on 2nd street in manchester . wmur9 via kcarosawmur,1
1811,buildings20on20fire,"roanoke , va",now on wsls fire burn multiple building in montgomery co tip to make childcare less expensive amp rain . join jennasjems patrickwsls,1
1812,buildings20on20fire,nj,i just want to watch paper town but the building on fire ?,1
1813,buildings20on20fire,,i hope the only time i end up on tv be when I be be arrest for light building on fire .,1
1814,buildings20on20fire,ma via pa,charred remains of home on 2nd st in manchester nh after fire rip through 2 building damage neighboring home,1
1815,buildings20on20fire,"boston , ma",three-alarm fire destroy two residential building a car in manchester n.h. on sunday afternoon,1
1816,buildings20on20fire,world wide,1943 poland - work party prisoner in the nazi death camp treblinka rebel seize small arm and set building on fire . history,1
1817,buildings20on20fire,new hampshire,17 people displace after 3-alarm fire tore through 2 apartment building on second street in manchester . - mht,1
1818,buildings20on20fire,"oklahoma city , ok",hinton city official confirm multiple building on fire currently evacuate people on main street . we be on our way okcfox,1
1821,burn,toronto dallas,i hate when im try to straighten my hair and my brother come swoop in behind me and scar me i just burn my finger,0
1822,burn,san diego ca,fire burning on pendleton have burn 300 acre smoke report drifting over temecula .,1
1823,burn,germany,i should probably stay away from hot glue gun ... i burn one finger pretty bad,0
1824,burn,,what progress we be make . in the middle age they would have burn me . now they be content with burn my book . -sigmund freud,0
1826,burn,massachusetts,hgf52611 uh huh . you only have to be burn once to know fire hurt . robbie ross should throw home run derby in the all star game redsox,0
1827,burn,nxgerxa,burn my popcorn ?,0
1831,burn,"erie , pa",wildlionx3 so others do not get burn,0
1832,burn,,when you be take a shower and someone flush the toilet and you have .1 second to gtfo or you get burn ?,0
1833,burn,"port charlotte , fl",always look for the silver lining ! my barn have burn to the ground i can now see the moon . mizuta ...,0
1834,burn,"belleville , illinois",sure i just burn about 100 calorie after eat a giant bowl of mac and cheese so i totally earn this 300 calorie klondike bar .,0
1835,burn,alabama,alton brown just do a livestream and he burn the butter and touch the hot plate too soon and make a nut joke,0
1836,burn,,all you have to do be look up sport riot on google and you will see more than couch be burn ... you fr get ta go,1
1837,burn,long island ny san francisco,i spend 17 minute walk with runkeeper . 90 calorie burn . loseit,0
1838,burn,canada,sure - take them away from fire fight for king stevie amp crusty to have a photo-op !,0
1840,burn,"gainesville , fl",burn 129 calorie do 24 minute of walk 3.5 mile per hour brisk pace myfitnesspal,1
1841,burn,,do not get burn twice by the same flame .,0
1842,burn,"oakland , ca",burn dog find new home with young burn victim,1
1845,burn,956,it hurt for me to eat cause i burn my lounge with a pepperoni yesterday !,0
1847,burn,chicago,i spend 15 minute lift weight . 43 calorie burn . loseit,0
1848,burn,,holy fuck qvc bitch just get burn so hard .,0
1851,burn,"escondido , ca",i just remember the mcdonald 's that burn down use to have the cool play ground amp the new one be not got shit but video game,0
1852,burn,dc,burn 202 calorie do 30 minute of walk 4.0 mile per hour very brisk pace myfitnesspal,0
1853,burn,,my sister rl burn all her boyfriend clothes record it amp send it to him ?,0
1856,burn,,kennethbauer more like coffee and noodle burn,0
1857,burn,,just burn the crap out of my grilled cheese sandwich . sure wish i have a few life skill figure out by now ...,0
1860,burn,chicago area,i joke about it but wood have to be burn out from work so many inning so often . cubstalk,0
1861,burn,,mad river complex fire have burn 14028 acre 8 contain the mad river complex fire in trinity county ...,1
1863,burn,"upper st clair , pa",thomasvissman22 keithyyl keithyy getting burn outta the block and on social medium ...,0
1864,burn,,i burn myself today on the oven ? it be at 500 degree ?,0
1865,burn,,watch how bad that fool get burn in coverage this year . dat dude be all-pro practice squad material,1
1866,burn,,i put my chicken nugget in the microwave for 5 minute instead of 1 on accident and they fuck burn,0
1869,burn,,just burn the shit outta myself on my dirt bike ?,0
1870,burn,cherry creek denver co,metal cut spark brush fire in brighton a brush fire that be spark by a landowner cut metal burn 10,1
1873,burning,627,the star be burn i here your voice in my mind,0
1875,burning,,you bitch walk around like all hot shit amp get bed bug amp you burn ?,0
1877,burning,blogland,It be rain outside I be burn my favorite candle and there be hot cocoa to sip . nap time awesomesauce .,0
1878,burning,mumbai,hermancranston atk letsfootball retweet skanndtyagi letsfootball atk wire all these fire be burn through,0
1880,burning,isle of man,501 sky news tandem in totteham go maddddd burn up fed car an dem ting were,1
1881,burning,,aubilenon markkriegsman if you think You would like burn man you should try it because It be the only way to know !,0
1882,burning,"hampton road , va",the 8-minute fat-burning routine that also really fun fat weightless fatburning burnfat skinny workout,0
1883,burning,,bulletproof and black like a funeral the world around u be burn but we be so cold .,1
1885,burning,gameday,.stacdemon with five burn question for chris mulling and st. john in 2015-16 sjubb,1
1886,burning,,johnsontionne except i do not know them ? It be really burn ?,0
1887,burning,earthling for now !,leader of zionism stop burning baby,1
1888,burning,,danger coil - burn out fast ? via rvaping101,0
1889,burning,,retweet huffpostcomedy we should build a wall that keep burn man attendee from come home,0
1890,burning,"black canyon new river , az",flame visible from fire in tucson mountains a lightning-caused fire burning in steep rocky terrain in mountain,1
1892,burning,"caracas , venezuela .",we will be burn up like neon light ?,1
1893,burning,,do not be so modest . you certainly ... sniff sniiiiiiff er donny ? be something burn ?,0
1895,burning,ny,the burning legion have return !,0
1897,burning,charlottetown,the bar method integrate the fat burning format of interval train the muscle shape technique,0
1898,burning,,if you be bore with life if you do not get up every morning with a burn desire to do thing - you do not have enough goal . -lou holt,0
1899,burning,,my hand be burn,1
1900,burning,"paradise , nv",uhhhhh demon hunter . but not the whole burning crusade v 2.0 thing .,0
1901,burning,? t ? a,now play boat club - memory on london burning web radio -,0
1905,burning,,nagelashley vicken52 basedlarock goonc1ty rip the world ... it burning,0
1908,burning,like,rub how many stack of burn do it apply ?,0
1909,burning,"spokane , washington 99206",parent be take their kid to burn man and one 11 year old think It be ' good than ...,0
1910,burning,taco bell,michael5sos hah so would you say it so hot your ball be burn off ?,1
1911,burning,,why put out a fire that be still burn ?,0
1914,burning,australian capital territory,? x ? and to counter act such a the burning of the alexandrian library .,1
1915,burning,,' california be burn ' gov . jerry brown told reporter at a press conference that california be experience ...,1
1916,burning,"new york , ny",if your not pay attention to your influences your burn money socialtimes,0
1917,burning,kate theythem infp-t,minsuwoongs i completely understand because i just wake up like 15 minute ago and im burning,0
1918,burning,,ika tune soup diet recipe fat burn soup recipe fat burn soup diet recipe,0
1919,burning,new york,2 burn man ticket vehicle pas - full read by ebay,0
1920,burning,,the last few day of summer be suppose to be the most fun so what be more fun then accidentally burn arm hair while play with a lighter,0
1921,burning20buildings,"sacramento , ca",kill black baby at plan parenthood where be the demonstration looting of page burn down the building black baby live matter,1
1922,burning20buildings,"mckay , qld , australia",mmmmmm I be burn ... I be burn building I be build ... oooooohhhh ooh ooh ...,0
1924,burning20buildings,"st charles , md",I be mentally prepare myself for a bomb as school year if It be not I be burn building ?,0
1925,burning20buildings,please h ? ?,the mv should just be them strut like they mean it while building be burn up in the bg and flame everywhere how cool would that be,1
1927,burning20buildings,we ? it irwin,louistomlinson incredible ? the child be scream building be burn and i be dance in the ash,1
1929,burning20buildings,,fewmoretweets all life matter . just not a fan of burn down building and steal from your neighbor to ' protest ',1
1932,burning20buildings,,a protest rally at stone mountain ? atleast they be not burn down building and loot store like some individual do when they ' protest ',0
1933,burning20buildings,santiago bernabeau,my man run into burn building for a living but be scar to hit up a girl . i do not get it .,0
1935,burning20buildings,yel,this sound like a song you would hear in a movie where they be walk away from burn building and car and shit,0
1937,burning20buildings,,foxnewsvideo aiiamericangiri anhqdc so ... where be the rioter looter and burn building ? white live matter !,1
1938,burning20buildings,,forestservice retweet dhsscitech firefighter run into burn buildingswe work on teach t,1
1939,burning20buildings,,kca votejkt48id duckvillelol burn flip the table and say ' screw this let hit some building ! ' grab a dr,0
1940,burning20buildings,,hero 's fight war and save people from burn building and so on I be sorry but you get ta do more than pay 4 a sex change before i call you a hero,0
1941,burning20buildings,nj,themagickidraps not upset with a rally upset with burning building business execute cop that have nothing to do with it and so on,1
1942,burning20buildings,"whiterun , skyrim",destruction magic 's fine just do not go burn down any building .,1
1943,burning20buildings,"new orleans , louisiana",burn building ? medium outrage ?,1
1945,burning20buildings,"seattle , wa",i will never support loot or the burning of building but when see the people fight back against the police . i be proud,1
1948,burning20buildings,"greenpoint , brooklyn",attempt delay 's dhalgren in beastly ny heat . down hot coffee amongst description of building burn for day without ruin .,0
1949,burning20buildings,,mofanon ? your last retweet you would think the lion save people from a burning building It be not that deep,0
1950,burning20buildings,dallas,like for the music video i want some real action shit like burn building and police chase not some weak ben winston shit,0
1951,burning20buildings,,I be battle monster I be pull you out of the burning building and you say I will give you anything but you never come through .,0
1952,burning20buildings,"oklahoma city , ok",large fire burn several building cause evacuation in downtown hinton,1
1953,burning20buildings,los angels,ali you fly plane and run into burn building why be you make soup for that man child ? ! booradleyvancullen,0
1954,burning20buildings,"victoria , british columbia",heavy smoke pour out of building on fire in port coquitlam,1
1955,burning20buildings,a botanical garden probably,drew store be probably cure cancer amp save puppy from burn building while contemplate what he do 2 deserve this disrespect,0
1956,burning20buildings,,ah yes the gay be totally destroy america . i can see building burn and meteor crash into school wow,0
1957,burning20buildings,"madison , ga",minimehh joyner i must be overlook the burning building ? blacklivesmatter,1
1959,burning20buildings,"nelspruit , south africa",striker in phalaborwa striking over the chinese take their job . striker burn building attack car 2 ...,1
1960,burning20buildings,midwest,if firefighter act like cop they would drive around shoot a flamethrower at burning building,0
1961,burning20buildings,"copenhagen , capital region of denmark",dog render a kitten from burn building,1
1962,burning20buildings,in hell,school in western uganda still burn down building during strike ... strike in western uganda always light literally ...,1
1963,burning20buildings,spy on your thought,kshllcenterpri1 progress4ohio burn down building what you mean like when you burn down those black church ?,1
1965,burning20buildings,seattle grace mercy death,' i never understand guy who want to run into burning building . ' ' you chase murderer . ' ' not if they be on fire . ',0
1966,burning20buildings,selma2oakland,dude will thoroughly express how stupid black people r for burn building in response to brutality but never mention them be mistreat .,1
1967,burning20buildings,"tucson , arizona",you picture building burn to the ground from the basement to the streetlight . I be not your drinking problem a hole be in the sky .,1
1968,burning20buildings,"epic city , bb .",i pledge allegiance to the p.o.p.e . and the burning building of epic city . ?,1
1969,burning20buildings,charlotte county florida,where be the protest ? the riot ? the burning building ? how come you do not see any of that crap happen when ...,1
1971,bush20fires,head office unite kingdom,insane bush fire in california . be safe .,1
1972,bush20fires,mid north coast of nsw,pots would you please explain what you be go to do about the volcano amp bush fire spout all that co2 into the air ?,1
1973,bush20fires,"iphone -27.499212,153.011072",marcoarment middle of winter in sydney we have have snow bush fire and 78 degree day in the last week . keep you on your toe for sure .,1
1975,bush20fires,queen creek az,ted cruz fire back at jeb amp bush we lose because of republican like jeb amp mitt . video -,0
1976,bush20fires,,omfg there be bush fire all over this tiny island . our freaking house be gon na burn down .,1
1979,bush20fires,jamaica,slash-and-burn blame for bush fire in western st thomas -,1
1980,bush20fires,trinidad and tobago,drought fuel bush fire in jamaica - - jamaicaobserver cnewslive re,1
1981,bush20fires,,ted cruz fire back at jeb amp bush we lose because of republican like jeb amp mitt . video -,0
1983,bush20fires,,doricreates alhanda seem gov moonbeam between toke blame bush for all the fire .,1
1985,bush20fires,melbourne australia,the public health team be traumatize after the bush fire . could appreciativeinquiry turn this around ?,1
1986,bush20fires,the internet new york city,' when you attack woman 's health you attack america 's health . ' hillary clinton show how to standwithpp,0
1987,bush20fires,londonbristolguildford,on holiday to relax sunbathe and drink ... put out bush fire ? not so much ? spain,0
1989,bush20fires,"canberra , australian capital territory",californian bush fire 2015,1
1990,bush20fires,,28 oct 1895 ' bush fire . ',1
1991,bush20fires,beacon hill,dacherryontop13 ohh there be bush fire in spain like every year one time when we go swim there be plane get water to fight,1
1992,bush20fires,somewhere outside,bush fire be scary ... even scary when you go down and fight them,1
1994,bush20fires,,one thing you can be sure of . there will never be bush fire in scotland a the ground be always soak wet ?,0
1995,bush20fires,wolmers trust school for boy,drought fuel bush fire in jamaica - - jamaicaobserver cnewslive re,1
1996,bush20fires,loughborough .,johnfromcranber plea for global warming do not really work when california australia keep have catastrophic ' bush ' fire .,1
1999,bush20fires,,ted cruz fire back at jeb amp bush we lose because of republican like jeb amp mitt . video,0
2000,bush20fires,"sydney , australia",shake my head photographer walter peepers be on the front line with nsw rural fire service crew la,1
2001,bush20fires,,so apparently there be bush fire near where i live over the weekend that i be totally oblivious to ...,1
2003,bush20fires,selangor,california bush fire please evacuate affected area as soon a possible when california goats advise you to do so,1
2006,bush20fires,,ted cruz fire back at jeb amp bush we lose because of republican like jeb amp mitt . video -,0
2007,bush20fires,london,the bush fire in ca be so crazy,1
2009,casualty,indiana,that triumphant moment when you cook up two egg over easy with no yolk casualty ?,0
2010,casualty,,? warfighting robot could reduce civilian casualty so call for a ban now be premature - ieee spectrum,1
2012,casualty,,another movie theater attack ... close to home this time . thankful for no casualty . life will go on because we can not allow evil to win !,1
2014,casualty,philippine,civilian casualty rise a afghan war intensifies in 2015-,1
2015,casualty,,afghan conflict see ' sharp rise ' in female casualty,1
2016,casualty,"bronx , new york",warfighting robot could reduce civilian casualty so call for a ...,1
2017,casualty,canadian bread,libertarianluke I be all for that to be honest . if people want to go on a rampage let them use their own hand and foot . no casualty .,0
2019,casualty,"phoenix , az",afghanistan u.n. report ' record-high level ' of civilian casualty in news from afghanistan the united ...,1
2020,casualty,le boyne ' 16,need to stop bottle thing up because when everything eventually explode the casualty just keep get high and high,1
2022,casualty,,countless casualty all across the globe war be orchestrate on all the corner of the planet on all level,1
2023,casualty,,disinfo warfighting robot could reduce civilian casualty so call for a ban now be ... - ... criticalmedia,1
2024,casualty,"horton , london",a poignant reminder that in war there be many casualty .,1
2026,casualty,"la vega , nv usa",lasvegaslocally vitalvegas they rein it in to 3 drink each for 2 people but only on account of too many falling-off-stool casualty !,0
2027,casualty,heinz field,there might be casualty tomorrow,1
2028,casualty,skyport de la rosa,the more i listen to it the more i believe casualty of cool be one of the best album there ever be .,0
2031,casualty,usa,' american weapon and support be fuel a bloody air war in yemen ',1
2033,casualty,the low-cal calzone zone,I be laugh in the face of casualty and sorrow the first time I be think past tomorrow but i be not throwing away my shot,1
2034,casualty,"brooklyn , new york",catwoman1775 another shooting in a movie theater this be get more crazy but I be glad they get the shooter amp no casualty .,1
2035,casualty,,student at sutherland remember australian casualty at lone pine gallipoli via theleadernews,1
2036,casualty,u,sharp rise in woman child casualty in afghan war un say,1
2038,casualty,50 queanbeyan - 50 sydney,flyopinemonkey you mean olympic - also it followup for honshu operation coronet . in all 1m ally casualty 30m japanese dead .,1
2039,casualty,,alcoholandmetal do anything to fix that . of the few people he have every trust in his life charles be one of the casualty .,1
2040,casualty,,civilian casualty in afghanistan reach record high,1
2042,casualty,,countermoonbat voodooben I have hear we be still use purple heart manufacture then bc of the of casualty we expect .,1
2043,casualty,usa,another day have pass and thankfully central command have confirm no new casualty . please pray for those in ...,1
2045,casualty,uk,news wrap un warn female and child casualty be on the rise in afghanistan pb iraq,1
2046,casualty,insula barataria,the road to power be pave with hypocrisy and casualty . francisunderwood hoc,0
2047,casualty,everywhere,revise the death to america scenario ? while there be 500 american casualty by iranian activity suspect !,1
2049,casualty,"afghanistan , usa",afghanistan sharp rise in woman and child casualty in first half of 2015,1
2050,casualty,"inglewood , ca",stay tune or do not i do not care casualty,0
2051,casualty,"absecon , nj",civilian casualty in afghanistan hit high number since 2009 u.n. say via washingtonpost -,1
2055,casualty,"williamsbridge , bronx , new yor",warfighting robot could reduce civilian casualty so call for a ban now be premature ftsn ftsnnewsdesk,1
2056,casualty,"northern kentucky , usa",irishspy what you do not think the ally should have just suck up 1 million casualty ?,1
2057,casualty,,afghanistan sharp rise in woman and child casualty in first half of 2015,1
2058,casualty,mostly ruin .,whimsy a it pertain to mass casualty . always impressive .,0
2059,casualty,nairobi,train derailment in patna no news of any casualty so far,1
2060,casualty,canada,we be hire in our toronto branch ! surety underwritersenior underwriter and casualty product leader . apply today .,0
2061,casualty,"rochelle , ga",be able to stay out of work this week to take online course for the property and casualty state,0
2063,casualty,,propertycasualty insurance rate up 1 in july after several month of no movement commercial propertycasu ...,1
2064,casualty,london uk,be ' 80 new wave a casualty of aid ? tweet and since they grow up watch david,0
2067,casualty,south of heaven,co sanity bring no reward for one more hit and one last score ... do not be a casualty cut the cord ...,1
2068,casualty,,another sad ocean casualty-gray whale population in the pacific list a critically endanger drone video .,1
2069,casualty,"el dorado , ks",thomashcrown my grandfather be set to be in the first group of marine to hit japan in operation olympic . 95 casualty rate prediction,1
2070,casualty,"santa monica , ca",1st quality insurance group be hire licensed property amp casualty insurance agent produce job denver,0
2071,casualty,,' become another casualty of society ',0
2073,casualty,kenya,benzema increasingly look to be a casualty of benitez 's new look squad . arsenal bound ? 50-50 chance i think,1
2074,casualty,"1648 queen st. west , toronto .",want gritty and real casualty photo of pasta thursday at amino 's . tag u or amicospizzato seeyouatamicos ...,0
2075,casualty,"toledo , oh",casualty team ice cream recall sends chill through food industry,0
2076,casualty,,unpredictable disconnect and social casualty be my favorite how do people not like them,1
2077,casualty,"fairfield , california",northbayhealth trauma center shine in response to multi-casualty crash .,1
2078,casualty,"trinity , bailiwick of jersey",scriptettesar katiecool447 by the way the 30th be actually next year casualty begin 6th september 1986 so 2016 mark 30 year,1
2081,casualty,virginia,avbronstein popehat instapundit kurtschlichter also be you aware of the casualty estimate for an invasion of japan 's home island ?,1
2082,casualty,liverpool,you can not watch ' home alone 2 ' without tell your kid ' she use to be on casualty ' . homealone2 film4,0
2083,casualty,,be best special report how metric correlate to be best 's propertycasualty ... - marketwatch,0
2084,casualty,,that take way long than i expect,0
2086,casualty,,i still do not know why independence day and social casualty be not on the rowyso setlist these song would be so good live,0
2087,casualty,,calum5sos i need to stop do this to myself ? casualty,0
2089,casualty,"boulder , co",retweet greenharvard document climate change 's first major casualty via greenharvard,1
2091,casualty,,5sosfamupdater social casualty,0
2094,casualty,"washington , d.c .",cancel deal for 2 warship france agree to repay russia via nytimes,0
2095,casualty,"hospital , bc of skh vid .",social casualty mtvhottest 5sos,0
2096,casualty,hartford london hong kong,con build strong case for portfolio diversification for property-casualty insurer,0
2097,casualty,in 4skinchan 's arm,reriellechan he be the rich king 's first casualty block me back i hate you !,1
2098,casualty,,casualty roleplay somebody please be so bored,0
2099,casualty,,casualty insurance job against hunt up willinghearted into rpn,0
2100,casualty,"massachusetts , usa",japan have a nuke program albeit unsuccessful and the casualty estimate for a ground war be in the ten of million . mackinnon08,1
2102,casualty,seattle,nowplaying dubstep hardstyle trap messy mix event recording by alien casualty on minify,1
2103,casualty,"kansas city , mo",small casualty on the way to colorado,1
2108,casualty,,.stavernise france agree to repay russia for two warship which be never deliver after economic sanction,0
2109,catastrophe,,.robdelaney catastrophe be anything but ! i literally have be unable to stop ejaculating .,1
2110,catastrophe,"wellington , new zealand",appleofficlal migrate from photo to photo be a catastrophe . i have waste day try to get this to work . 12 hrsto get to 8 complete .,0
2111,catastrophe,"west virginia , usa",cultivate joy in the face of catastrophe and suffer pjnet tcotccot,0
2112,catastrophe,,borrower concern at possible interest rate rise . this could be a catastrophe,0
2113,catastrophe,? ?,.uriminzok the come catastrophe of the destruction of the puppet republic half naemolgo continue to firmly support . yiraneuni and against,0
2114,catastrophe,,failure be a misfortunebut regret be a catastrophe,0
2115,catastrophe,florida,deb117 730 that catastrophe man open school another he be an athlete not a teacher a principle not fulfil any inside clerical duty,0
2116,catastrophe,,iphone twist ultimate preparedness library prepare yourself for any catastrophe . ov,0
2117,catastrophe,,gemmahentsch megynkelly dloesch i can not envision any catastrophe that would prevent a woman place her child for adoption .,0
2118,catastrophe,,peterjukes but there be good ground to believe that ' political military catastrophe ' be a crime plan and commit by individual .,1
2119,catastrophe,"los angels , ca",then the stylist who would be silent say ' there 's a cool show on amazon prime call catastrophe ... ',0
2121,catastrophe,,boy mix ultimate preparedness library prepare yourself for any catastrophe . over 10,1
2122,catastrophe,"new brunswick , nj",god bless catastrophe,0
2123,catastrophe,"city of angel , ca",maatmhi slightly riff catastrophe amp barry be run solo but generally the same thing .,0
2125,catastrophe,"brooklyn , ny",update 7 of the 9 mac pro my company buy in may have have catastrophe failure require repair !,1
2126,catastrophe,"morganville , texas .",pisces tweet need to get well because most the tweet make me sound like a total emotional catastrophe .,0
2128,catastrophe,america new zealand,taylor and cara aka catastrophe and mother chucked behind the scene of bad blood . vote mas,0
2129,catastrophe,,review pixelsmovie not a catastrophe nor a funny movie ... our review here,0
2131,catastrophe,,buford . what a catastrophe ! traffic and big lorry . no action as usual from council .,0
2133,catastrophe,"denver , co",denver co insurance job claim property field adjuster catastrophe safeco usa at liberty mutual insurance,0
2134,catastrophe,,spark song ultimate preparedness library prepare yourself for any catastrophe . over,0
2136,catastrophe,,12 month payday short catastrophe loan - promote finance your desire lied,0
2138,catastrophe,"stockholm , sweden",i rat catastrophe 2015 810 imdb - hilarious !,0
2139,catastrophe,worldwide,.aiginsurance ceo divestiture and catastrophe loss temper q2 result,0
2141,catastrophe,zeroth,chance be many of u be still dig out from that catastrophe . this be why wow need to evolve . this be why it can not be vanilla anymore,1
2142,catastrophe,lytham st anne 's,oh my god that the big gabo catastrophe i have ever see . not that i watch the show or be into it at all ?,0
2144,catastrophe,,nar phuket ultimate preparedness library prepare yourself for any catastrophe . over,1
2145,catastrophe,,not a catastrophe at all I be perfectly content . be the only one mean nothing when I be be control . text me if you get crap to say,0
2146,catastrophe,ylisse,masochisticmage catastrophe ! it cause people to get reckless and the bottom line be that at least three of your friend will have,0
2148,catastrophe,wisconsin,i have 2 regular coffee and a rockstar coffee today and I be still tire .,0
2149,catastrophe,portugal,alaska 's wolf face catastrophe denali wolves population plummet to 48 ! savedenaliwolves tweetstorm,0
2150,catastrophe,all around the world baby,markargent i have not watch that one yet . just finish catastrophe which be amaze,0
2153,catastrophe,,british broadcasting corporation r5live studio discussion of hiroshima v poor . sheer luck the cold war do not result in catastrophe . mad red herring . scraptrident,1
2154,catastrophe,,human history become more and more a race between education and catastrophe .,0
2157,catastrophe,untmdoutdoors t.o.r.k,success be not build on success . it build on failure . it build on frustration . it build on catastrophe . real,0
2158,catastrophe,"lima , per",britney spear gt vega ! i miss you so much ! ? cant wait for the show tonight ? pieceofme ? catastrophe ?,0
2159,catastrophic,,learn from the legacy of a catastrophic eruption,1
2160,catastrophic,toronto,' climate change could be catastrophic - but it do have some benefit . ' really weathernetwork ? ! ? !,0
2161,catastrophic,"piedmont area , north carolina",follow a catastrophic injury acute medical care take precedent . ptsd often follow in It be wake undetected ...,1
2163,catastrophic,,catastrophic-fallen-angel reveillertm macabrelolita i be suppose to write amino acid and i nearly ...,0
2164,catastrophic,,the catastrophic effect of hiroshima and nagasaki atomic bombing still be felt today,1
2169,catastrophic,,the catastrophic effect of hiroshima and nagasaki atomic bombing still be felt today,1
2171,catastrophic,,the catastrophic effect of hiroshima and nagasaki atomic bombing still be felt today,1
2172,catastrophic,"button , venice , and nottingham",' invade iraq be a catastrophic mistake ' . diplomacy need to replace constant threat of war by u and israel,1
2173,catastrophic,"quito , ecuador .",learn from the legacy of a catastrophic eruption via newyorker,1
2174,catastrophic,inexpressible island,the catastrophic effect of hiroshima and nagasaki atomic bombing still be felt today,1
2175,catastrophic,,marginoferror i wish go custom rom be not so catastrophic,0
2176,catastrophic,"san jose , ca",the best part of old baseball manager wear uniform be the implication that if something catastrophic happen they will grab a glove .,0
2177,catastrophic,"new york , ny",learn from the most destructive volcanic event in u.s. history thirty-five year later,1
2179,catastrophic,united state,the catastrophic effect of hiroshima and nagasaki atomic bombing still be felt today,1
2181,catastrophic,new york,myvintagesoul ... of the british upper class and his manservant . the pampered wealthy brit cause a catastrophic shift reversal of ...,0
2183,catastrophic,bouvet island,apano55 jamesmelville 99 of scientist don't believe in catastrophic manmade global warm only the delude do .,1
2186,catastrophic,"shirley , ny",senschumer be this what you want netanyahu lead these united state into a catastrophic religious world war ? enough already !,0
2188,catastrophic,planet earth,learn from the legacy of a catastrophic eruption - the new yorker,1
2189,catastrophic,"paonia , colorado",learn from the legacy of a catastrophic eruption via newyorker,1
2190,catastrophic,,the catastrophic effect of hiroshima and nagasaki atomic bombing still be felt today,1
2191,catastrophic,,a good look at what this catastrophic rain and flooding have do to our,1
2192,catastrophic,inexpressible island,the catastrophic effect of hiroshima and nagasaki atomic bombing still be felt today,1
2193,catastrophic,planet earth,learn from the legacy of a catastrophic eruption - the new yorker,1
2194,catastrophic,"portland , or",something catastrophic be come should we tune out ?,1
2195,catastrophic,"dublin , ireland",' kessler syndrome ' be the name for the catastrophic exponential proliferation of space debris and destruction of satellite . gravitymovie,1
2198,catastrophic,planet earth,learn from the legacy of a catastrophic eruption - the new yorker,1
2203,catastrophic,,excite not only about the next 6 year of school and ensue student debt but also catastrophic climate change in my lifetime d ?,0
2204,catastrophic,lurk,pretty much every time the audio dy on an audio stream for a baseball game i assume catastrophic nuclear attack .,0
2205,catastrophic,"leeds , england",look for a defendant catastrophic injury solicitor job,0
2207,catastrophic,n ? y ? .,syringetoanger and probably even more . but some disagreement with general ross and the catastrophic occurrence make something clear .,0
2209,chemical20emergency,,emergency response and hazardous chemical management principle and practice,0
2210,chemical20emergency,"littleton , co , usa",the chemical brother to play the armory in sf tomorrow night ! emergency bay area edm announcement the them ...,0
2211,chemical20emergency,"virginia , united state",illinois emergency unit simulate a chemical explosion at nu via sharethis hazmat,1
2212,chemical20emergency,center for domestic preparedness,at feta 's center for disaster preparedness for a weeklong training on chemical biological radioactive nuclear emergency response,1
2213,chemical20emergency,ukraine and ireland,russian nuclear-biological-chemical nbc brigade ' emergency response ' exercise in southern md,1
2214,chemical20emergency,london,.davidcameron stop upsetting this bee ! listen to science not chemical company savebees,0
2215,chemical20emergency,welt,? krefeld the incident happen in a chemical industry park ! emergency operation underway ! a building reportly collapse ! cnnbrk ntvde,1
2216,chemical20emergency,,the chemical brother to play the armory in sf tomorrow night ! emergency bay area edm announcement the them ...,0
2217,chemical20emergency,wale,sign the petition davidcameron to protect bee instead of toxic chemical company want to harm them ! savebees -,0
2219,chemical20emergency,,usa break news chemical spillevacuationsred cross emergency,1
2220,chemical20emergency,"seattle , washington",new job opening at downtown emergency service center in seattle - chemical dependency counselor or intern job,0
2221,chemical20emergency,"beaumont , tx",emergency crew respond to chemical spill downtown beaumont renews,1
2222,chemical20emergency,"annapolis , md",explosion at chemical site lead to build collapse near krefeld germany . emergency crew on scene avoid the area . ijetalerts,1
2225,chemical20emergency,"la vega , nevada",bomb crash loot riot emergency pipe bomb nuclear chemical spill gas ricing leak violence drug cartel cocaine marijuana heroine kidnap bust,1
2227,chemical20emergency,,google alert emergency unit simulate a chemical explosion at nu,0
2229,chemical20emergency,"seattle , washington",downtown emergency service center be hire ! chemical dependency counselor or intern in seattle apply now ! job,0
2230,chemical20emergency,"harris county , texas",do you have a plan in case of a pool chemical emergency ? learn more here watersafety cdc,0
2231,chemical20emergency,"tyler , tx",pjcoyle ... need to be include in emergency planning for chemical plant . see also,0
2233,chemical20emergency,"evanston , il",emergency unit simulate a chemical explosion at nu suppose a student in the research lab at northwestern,1
2235,chemical20emergency,"north ferriby , east yorkshire",we know this be bad for the bee - do not give in to pressure from short term profit obsess chemical company ...,0
2236,chemical20emergency,colombia,neva favorite emergency feat . the chemical brother my bit deezercolombia,0
2237,chemical20emergency,"seattle , washington",downtown emergency service center be hire a chemical dependency counselor or intern apply now ! seattle job,0
2238,chemical20emergency,"evanston , il",emergency unit simulate a chemical explosion at nu suppose a student in the research lab at northwestern,1
2239,chemical20emergency,"names , iowa",our chemical spill cleanup video will prepare you for an emergency situation in the lab .,1
2240,chemical20emergency,"seattle , washington",downtown emergency service center be hire ! chemical dependency counselor or intern in seattle apply now ! job,0
2241,chemical20emergency,"moscow , russia",day 2. liquidation of emergency at chemical object . usar2015 usar15 rumor ?,0
2242,chemical20emergency,,emergency unit simulate a chemical explosion at nu - evanston now,1
2244,chemical20emergency,,please stand up for bee against profit-hungry chemical company . keep the ban amp savebees sign the petition now,0
2245,chemical20emergency,"jersey city , nj",levantine fortunately i rework the plumbing on my emergency chemical shower to draw from the glitter pipe for just such an occasion,0
2246,chemical20emergency,,chemicalbabe it a family emergency so i can not make it unless i have a chance to use by phone for stream .,0
2248,chemical20emergency,,emergency 4 harbor city mod v4.5.2 6 chemical fire in residential area ! via youtube,1
2250,chemical20emergency,"mankato , mn",emergency responder prepare for chemical disaster through hazmat training .,1
2251,chemical20emergency,"orbost , victoria , australia",lindenow 315pm emergency crew be at a chemical spill in the main street near church street,1
2254,cliff20fall,somewhere .,' go too ibiza pop ah pill get drunk amp fall off a cliff ' . real talk dannyjohnjules spencerfearon christielinford,0
2255,cliff20fall,,d33munni jeannamibian noooooooo ... proceeds to fall off a cliff,0
2256,cliff20fall,neverland,fuck neil go fall off a cliff or something ... yr ?,0
2257,cliff20fall,,beat the heat . today only kill cliff free fall 2. pick up a cold drink today after the tough crossfit ...,0
2258,cliff20fall,"london , england",news flash ! any decent killers be promote to ' manager ' ? if so let me know a i want to watch your billing fall off a cliff . humble,0
2260,cliff20fall,at da laundry mat wit nivea,2leezy it like you be about to fall down a cliff but you be grab my hand but my palm be sweaty ... why brush ?,1
2262,cliff20fall,norway,i regress and i slip and i fall off that cliff,0
2263,cliff20fall,new york city,ok peace i hope i fall off a cliff along with my dignity,1
2265,cliff20fall,,if you be read this go accidentally fall off a cliff mate,0
2266,cliff20fall,ad hasty,if you saved that i hope you fall off a cliff ?,0
2267,cliff20fall,,funnynews business watch the moment a cliff collapse a huge chunk of rock fall onto a road in china,1
2271,cliff20fall,nigeria,photographer brian rubs endure 4500-feet climb to capture bride and groom,0
2272,cliff20fall,,alex be make me watch 107 fact about minion i want to fall off a cliff help,0
2273,cliff20fall,ny live easy ?,do me a favor and fall off a cliff,0
2274,cliff20fall,bestcoast,alexjacobsonpfs all andre and gore have to do be not fall off the cliff and we be elite on that side of the ball .,0
2275,cliff20fall,,fall off a cliff please,1
2277,cliff20fall,,i hope they fall off a cliff .,0
2278,cliff20fall,bc,do not let your style fall flat this summer ! lord amp cliff thinkpink magichairbump be your answer . add this ...,0
2279,cliff20fall,"abuja , nigeria",when you be in deep sleep and then you dream you be about to fall off a cliff then wake up while struggle to keep a balance,0
2280,cliff20fall,,currently want to drive my car off a cliff and fall to my death .,0
2281,cliff20fall,colchester essex,i hope you fall off a cliff,0
2282,cliff20fall,living life in the 610,i accidentally kill an 87 day snap streak and now i wan na accidentally fall off a cliff ?,1
2284,cliff20fall,duplex city,punkblunts sincerelyevelnn fall off a cliff into hell i do not care,0
2285,cliff20fall,inside your mind .,photographer brian rubs endure 4500-feet climb to capture bride and groom,0
2286,cliff20fall,,szmnextdoor i get this cute lil cliff you can fall off of ?,0
2288,cliff20fall,36 38,i hope you trip n fall of a cliff after this tweet,0
2289,cliff20fall,sydney australia,news update huge cliff landslide on road in china - watch the moment a cliff collapse a huge chunk of rock fall ...,1
2292,cliff20fall,"lagos , nigeria",huge cliff landslide on road in china watch the moment a cliff collapse a huge chunk of rock fall onto a r ...,1
2294,cliff20fall,"new york , ny",one day i want someone to run for the ferry fall and crack there face open for almost knock me over just to get on a boat ?,0
2296,cliff20fall,slapping and smacking,gulfport energy - all-in realization fall off a cliff,0
2297,cliff20fall,draw a circle that be the earth,jump off of a cliff while drink tea this be how british people fall off cliff .,0
2298,cliff20fall,,627 but if they have low strike than 16 i would have go even far otm . this could really fall off a cliff .,1
2299,cliff20fall,,that sound like a really bad idea i like yoenis but i feel like his production could fall off a huge cliff .,0
2300,cliff20fall,"florida , usa",' i 'm there ! ' bride amp groom on mountain cliff edge . ha ha just kid . i will not ever be there . ha ha -,0
2301,cliff20fall,"madrid , comunidad de madrid",esn villa black die of stroke after fall in spain sir cliff reveal he be due to visit her in spain next,0
2303,cliff20fall,the netherlands,nowplaying cliff richard - i could easily fall in love with you amp shadows internet nieuws radio on,0
2304,collapse,,runaway minion cause traffic collapse in dublin,1
2306,collapse,"highland park , ca",time collapse be such a cool video technique .,0
2307,collapse,scotland,would a paramedic really do that ? leave someone inside a building that be about to collapseblow up ? halloikbenwill,1
2308,collapse,swan river,geoffrickly i do not see the option to buy the full collapse vinyl with tee bundle just the wait ?,0
2309,collapse,"kolkata , india",warn pointing shock by australian collapse - yahoo cricket india,0
2311,collapse,melrose,watch the terrify moment two giant crane collapse onto home a row of home be destroy in second .,1
2312,collapse,"jubal ic , saudi arabia",basildudin the ' barbaric studies ' a you say they relive austrian economy . if we stop come here many project will collapse .,0
2314,collapse,new york city,interview on the collapse of materialism best talkradio listen live,1
2315,collapse,,economic collapse invest specific action and strategy to secure last wealth from the financial blowout .,1
2317,collapse,"los angels , ca",what would you do if you be trap in a collapsed circus tent with a bunch of clown ?,0
2318,collapse,location,i get this feeling that society will collapse or implode . so do not be a hero and play your part .,0
2319,collapse,"sugarhouse , ut",marvel dccomics imagecomics darkhorsecomics idwpublishing and by do this you be enable the possible collapse of the industry .,0
2321,collapse,lugo,eurocrisis guardian greece 's tax revenue collapse a debt crisis continue a talk continue over propose ...,1
2324,collapse,"chicago , illinois",only one commodity have escape the total collapse in price business,0
2325,collapse,"blackpool , england , uk .",ash 2015 australia totally collapse and the internet absolutely love it,0
2327,collapse,,i like a youtube video eminem feat . nate dog - till i collapse,0
2329,collapse,"san jose , california",timestack ' photo collapse entire sunset into single mesmerizing image .,0
2330,collapse,,mention of ' theatre shoot ' on twitter spike 30min prior to ckec collapse,1
2332,collapse,fakefams,correction tent collapse story,1
2333,collapse,in the cloud ...,behindashield warsgoddess sweet lord . i collapse a my knee buckle,0
2334,collapse,india,ash 4th test 10 hilarious twitter reaction to australia 's collapse by absolutsumya15,0
2336,collapse,"sandton , south africa",sa mp . steel and ferrochrome industry on verge of collapse . you do not even put that on list of question to president for oral answer,0
2337,collapse,nigeria,correction tent collapse story,1
2339,collapse,,spot fixingmatch fixing ... anyone ? or it have to be pak sl wi rsa or bd to say this . sham on them who say that when these team collapse,0
2340,collapse,bummerville otw,why do i come to work today ... literally wan na collapse of exhaustion,1
2341,collapse,europe,greece 's tax revenue collapse a debt crisis continue via guardian bailout mp,1
2342,collapse,brighton and heave,' 60 all out ? what ! ' - world react to aussie collapse,0
2346,collapse,"mumbai , india",warn shock over australia 's epic collapse at trent bridge johannesburg aug 06 ani legendary australian ...,1
2347,collapse,united kingdom,now that be what you call a batting collapse thrashes,1
2348,collapse,"pompano beach , fl",growth dry up for bhp billiton a oil price collapse bite,0
2349,collapse,jkt48-muse-a7x,roh3 jfb tfb alrasyid448iturasya correction tent collapse story u roh3 smantibatam roh3smantibatam,0
2350,collapse,behind the obama curtain,greece 's tax revenue collapse a debt crisis continue,1
2351,collapse,worldwide .,mgn-africa pin263789f4 correction tent collapse story correction tent collapse story wizkidayo,0
2352,collapse,united state,the pots economy continue to collapse .,1
2354,collapse,live m,thehighfessions ' my friend come to school blast ... i ask him if he be high he say pancake then collapse ' -iowa city high,0
2356,collapse,usa,sholt87 mtgrotto eco11c carlsbadbugkil1 save u ? bush lower tax rate for wealthy n economy collapse middle class 401ks destroyed .,0
2358,collapse,,i be on my way to gary but all the chicago entrance be close due to a bridge collapse ? i hope they let u through tomorrow,1
2359,collapse,"henderson , nv",gut deutsch music ! the old and rotten the monarchy have collapse . the new may live . long live the german republic !,0
2361,collapse,,great british ltbgtbakeltbgt off 's back and dorset 's ltbgtchocolateltbgt gateau collapse - jan,0
2362,collapse,"amarillo , ca",organicallyrude 1rockstar62 wish mattingly amp buddy amp mcguire be stand on it when it collapse !,1
2363,collapse,"manchester , uk .",catch up on gabo and oh my god that girl cake that just totally collapsed i feel so bad,0
2364,collapse,"eugene , oregon",roof collapse a bowling alley many in the community remember go to for more than 30 year kezi9,1
2366,collapse,theyher,do you say to him ! ? ! ? ! ? ! ' and phil actually collapse on the gravel sob endlessly with a crowd watching him confuse angry mad,0
2367,collapse,,1 hour parade like 50 people collapse . oneheartonemindonecss,1
2368,collapse,paris,... the pain of those second must have be awful a her heart burst and her lung collapse and there be no air and ...,1
2370,collapse,,bay district coach learn cpr during medical course panama city an athlete collapse on the field . coach ...,1
2372,collapse,tokyo,gorpuazikinak and tongue out a she collapse in the cum puddle her whole body cover .,0
2373,collapse,hehim,indiepopmom i cant breathe my lung collapse,0
2374,collapse,,zimbabwe be a country with a collapsed government rule by a dictator while many live below the poverty line .,0
2375,collapse,duplex city,durrell price here be insane . our dollar have collapse against the u and It be punish u . thanks for the info .,1
2376,collapse,"victoria , british columbia",i just collapse in my bed ugh I be exhausted,0
2377,collapse,"kingston , jamaica",another entity force to close in montero bay a a result of the collapsed sewer line tvjnews,1
2379,collapse,usa,petition heartless owner that whip horse until it collapse be tell he can keep his animal ! act now !,0
2382,collapse,,on the 2nd year the officer team run the club collapse . a few influential member betray everyone 's trust sever the community .,0
2385,collapse,"spokane , wa",petition heartless owner that whip horse until it collapse be tell he can keep his animal ! act now !,0
2386,collapse,,my portable closet have collapse 3x and it finally break and my mom say ' maybe you should get rid of some clothes ' laugh out loud how about no,0
2387,collapse,I be stand behind you,rokiieee the game have officially collapse,0
2388,collapse,"alexandria , egypt .",great british bake off 's back and dorset 's chocolate gateau collapse - jan moi,1
2389,collapse,instagram- chloebellx,still mortify that when i go to rise 's i collapse on my heel face plant in front of everyone and break my fav shoe,0
2390,collapse,on the web,' it have not collapse because the greek people be still be play for a fool by tsipras he cost ' wallybaiter,0
2391,collapse,san francisco bay area,my quota answer to why do my answer get collapse when others do not ?,0
2394,collapse,foreverwithbap 8,and he almost collapse bc he say his wish come true moderately fuck,0
2395,collapse,got7supportph,collapse the moment i get home last night laugh out loud,0
2396,collapse,wherever-the-fuck washington,flickershowell oh wow my heart collapse cool im cry cool cool,1
2397,collapse,,look i have collapse after attempt to munch an endangered specie .,0
2398,collapse,"from ny . in scranton , pa",apparently part of the building just collapse . hope everyone be ok .,1
2399,collapse,"perth , western australia",descry i be wrong to call it trusty actually ... consider it spontaneously collapse on me that be not very trusty .,1
2400,collapse,,petition heartless owner that whip horse until it collapse be tell he can keep his animal ! act now !,1
2402,collapse,live m,collapsed thank you,0
2406,collide,,i like a youtube video from sqwizzix call of duty the piano entertainer ep . 9 musician collide !,0
2408,collide,,and when those wave shall ripple collide It be on the tide of your love i will survive . love lesleychappelle,0
2409,collide,"melton , ga",somehow find you and i collide,0
2410,collide,,but even if the star and moon collide i never want you back into my life ? .,0
2412,collide,greg 's place,step outside with a drink and a cigarette and immediately lock eye with a jogger . world really do collide .,0
2413,collide,viejo,It be always super awkward when world collide,0
2414,collide,,efs300 ' star war ' and ' star trek ' collide on pluto moon charon pluto,0
2415,collide,usa,when high fashion and food collide gucci have choose one of shanghai most popular commercial avenue ... fashion,0
2416,collide,"kansas , the free state ! kc",that sound about right . our building will have a thunderstorm inside one day when the air mass collide .,0
2417,collide,,i just remember u drive and sing collide together,0
2418,collide,"slang , cavite paraaque",let collide until we fill the space ... ?,0
2419,collide,"fort smith , ar",student collide this frisat - register nlccollide,0
2420,collide,brasil,i don't wan na touchdown just wan na make our world collide ?,0
2421,collide,,madisonpa love you amp can not wait until collide ! ?,0
2422,collide,new york,pierce the veil rubber bracelet wristband collide with the sky - full read by ebay,0
2423,collide,planet h2o,soultech - collide club mix,0
2425,collide,,i like a youtube video from gassymexican when reality collide ! life be strange hilarious glitch,0
2427,collide,michigan,mattcohen4fake gamma ray january world collide she wait be me wave past perfect reunion lucky cool if i come over hot time ...,0
2428,collide,the forever girl,the witch of the glass castle . supernatural ya where sibling rivalry magic and love collide wog kindle,0
2429,collide,esprit santa,maybe if the star align maybe if our world collide,0
2430,collide,"new york , usa",check out my new song ' collide ' live at the bowery electric !,0
2432,collide,"ormond by the sea , fl",tackettdc like a scene from when world collide ...,1
2435,collide,"maryland , baltimore",and even if the star and moon collide oh oh ! i never want you back to my life you can take your word and all ...,0
2437,collide,"new orleans , la",nowplaying the playlist ' when jazz and hiphop collide ' in tidalhifi,0
2438,collide,"vancouver , bc",vancouver to host 100 of electronic art event include mutekmontreal . isea2015,0
2440,collide,"pennsylvania , usa",world collide when an american family take over britain 's isle of man in new tlc show suddenly royal via people,0
2441,collide,"houston , texas",when houston and new york city collide . ? pageparkescorp chloeunguyen laurensicle charstevens97 tiaramarei gemma owe,1
2442,collide,"yadkinville , nc",this setlist from collideworship this past sunday be powerful ! what song be your favorite ?,0
2443,collide,"bedford , nj",thedoolinggroup 2 injure when 2 school bus collide - break school bus slam into school bus in bordento ...,1
2445,collide,"austin , tx",even then our word slip and souls coincide finer than subatomic spell just a we collide,0
2446,collide,,devil ler ' a we collide wattys2015 ' no wattpad teenfiction,0
2451,collide,,secret of the world collide but i leave the past behind It be be so long now and i can not go without,0
2452,collide,malaysia,when high fashion and food collide,0
2453,collide,"dallas , texas .",you either ride with u or collide with u . It be as simple a that for me and my nigga .,0
2454,collide,roanoke va,cyclist who collide with runner on roanoke greenaway win 300000 civil verdict via roanoketimes,0
2455,collide,,my 2 fav world have collide ! thanks to lennonparham jessicastclair i find the gilmoreguysshow podcast ! ihave44episodesofgg nojoke,0
2456,collide,unnamed city,redcoatjackpot a it be typical for them their bullet collide and none manage to reach their target such be the ' curse ' of a -,0
2457,collide,,first tweet collide with a selfie . pretty ' sweet ' if you ask me ?,0
2458,collide,toronto,police investigate after an e-bike collided with a car in little portugal . e-bike rider suffer serious non-life threatening injury .,1
2459,collide,"peterborough , on",newswatch 2 vehicle collide at lock and lansdowne sts in ptbo . emerge crew on their way,1
2460,collide,"-6.152261,106.775995",when love and hate collide part ii lanjut dirumah ... yagitudeh - jake at rumal cipinang,0
2462,collide,protectingtitan 's side .,-thus make femalegilgamesh 's assault useless . the spear collide with the dark force however do not penetrate . due to the dark -,0
2463,collide,,i score 111020 point in punch quest stop when a squeaky bat collide into my skull .,1
2464,collide,oregon,read for work have collide with reading for pleasure . huzzah . do not miss mollythetanz 's vermilion !,0
2465,collide,san francisco,mind blow by glassanimals slither viscous gold mine cover of yeah yeah yeahs erykah bad,0
2466,collide,,monsoon flood - monsoon rain have have hit india pakistan and myanmar hard this season . two train collide ...,1
2467,collide,"eau claire , wisconsin",an eau claire man who police say be drunk when his suv collide with a train be sentence in chippewa county,1
2468,collide,"st. joseph , minnesota",two train have collide in india . please pray for victim their family and rescuer .,1
2470,collide,from a tear up town manchester,two car collide follow shotgun fire in denton,1
2471,collide,waco tx,major accident cause life-threatening injury close highway an 18-wheeler and an suv collide and then,1
2475,collide,tennessee,on page 500 of 688 of after we collide by anna todd,0
2476,collide,"cape cod , massachusetts usa",' car v motorcycle in harwich port ' harwich port a car and motorcycle collide around 530 p.m. the crash happen,1
2478,collide,,the 2 car right in front of me collide and if i hadn't stop in time it would have be me too . butgod ?,1
2479,collide,,my mlg and food world have collide in this justine salmon video . simple alaskaseafood askforalaska,0
2480,collide,,16 dead in russia bus accident at least 16 people be kill and 26 others injure when two bus collide i ...,1
2482,collide,,stupid woman nearly collide into me today after she come out of a junction not look . still keep come towards me till i beep my horn,1
2483,collide,pakistan,ssp east say a car aeg 061 drive by a young man collide with aram 's carrot word be exchange n he do fire in air1bullet hit tyre,1
2485,collide,bk .,she look back amp her daughter amp say ' everyone love the picture i post of you ' amp like collide into another car like what the,0
2486,collide,,we be happily collide,0
2487,collide,"lansing , michigan",monkey just collide head with our ninja . commence the tear,0
2488,collide,"peterborough , ont .",newswatch 2 vehicle collide at lock and lansdowne sts in ptbo . emerge crew on their way,1
2489,collide,"johannesburg , south africa",2 pile have be confirm dead and over 20 rescued while many go miss after a ferry carry 200 collide with a fishing boat.news,1
2490,collide,on the court,drop collide into dan hughes while she be go after the ball . look like he hurt his back a he fell back on the chair . hope he be ok !,0
2491,collide,cherry creek denver co,2 car collide 1 crash into build two car collide at an intersection and that send one vehicle crashing,1
2492,collide,,san antonio star head coach dan hughes be just cart to the locker room after one of his guard collide with ...,0
2493,collide,"traverse city , mi",bicycle-suv accident in medick police say that the bicyclist enter onto west m-115 and collide with a boat ...,1
2494,collide,,It be even bad than it look how the american constitutional system collide with the new politic,0
2496,collide,see the barn of bleakness,oh my god oh my god oh my god justinbieber and harrystyles have collide in a nuclear accident at corn oo harrybecareful,0
2497,collide,mumbai,16 dead in russia bus accident at least 16 people be kill and 26 others injure when two bus collide i ...,1
2498,collide,hertfordshire,well that be a journey to get home ! a train collide with cow on the track ! ?,1
2499,collide,"t 41.252426 , -96.072013",crew work to restore power in southwest omaha after vehicle collide with utility pole . -,1
2500,collide,"nairobi , kenya",stepkans medium - two confirm dead after the boat they be travel in collide in . l.victoria,1
2501,collide,,cyclist who collide with runner on roanoke greenaway win 300000 civil verdict - roanoke time cyclist who c ...,1
2502,collide,california,can not watch paris I be so sad bc it collide with another set,1
2504,collision,"greeley , co",motorcyclist bicyclist injure in denver collision on broadway at least two people be take to a local,1
2505,collision,' soooota,zojadelin you literally almost have a head on collision with u today on pilot knob,1
2506,collision,sacramento,north sac elkhorn boulevard walerga rd trfc collision-1141 ert,1
2507,collision,,beatg3 motor vehicle collision hit and run at rainy av s s charles st report on 852015 608 prime minister call 15000270653,1
2508,collision,,beatb2 motor vehicle collision at n 35 st fremont av n report on 852015 652 prime minister call 15000270364,1
2510,collision,sacramento,south sac florin rd franklin boulevard trfc collision-1141 ert,1
2512,collision,"ontario , canada",collision hwy401 eb just east of hwy 8 cambridge single vehicle block the left lane . opp enroute . ag,1
2513,collision,"los angels , ca",santa fe spring studebaker rd south st trfc collision-no inj,0
2514,collision,"ny , ny",anti collision rear technology cool,0
2515,collision,"armada , co",motorcyclist bicyclist injure in denver collision on broadway at least two people be take to a local,1
2516,collision,oregon,2 dead 2 injure in head-on collision on kenai spur highway,1
2517,collision,"denver , co",motorcyclist bicyclist injure in denver collision on broadway at least two people be take to a local,1
2519,collision,maryland,baltimore city i-95 north at mp 54.8 fort mchenry tunnel bore 3 collision i-95 north at mp 54.8 fort mchenry tunnel bore 3 not ...,1
2520,collision,"vancouver , colombie-britannique",apply now to work for dilawri a body shopcollision center manager in vancouver job,0
2521,collision,mumbai,thisisfaz anti collision rear technology cool via techesback teach,0
2523,collision,"irving , texas",anti collision rear technology cool via techesback teach,0
2524,collision,"riverside , ca",san bernardine i10 w eo redlands boulevard trfc collision-no inj,0
2527,collision,"seattle , wa usa",on i-405 southbound at coal creek pkwy there be a collision block the center lane .,1
2528,collision,"san francisco , ca",dublin i580 e i580 e north flynn rd onr trfc collision-no inj,1
2530,collision,"orange county , california",westminster sr22 w knot st trfc collision-no inj,1
2531,collision,"usa , az",anti collision rear innovation gadget,0
2532,collision,"east atlanta , georgia",well saturn do not exist anymore . so the collision place have a start estimate of 4000. that be 3 time what my car be worth .,1
2534,collision,"denver , colorado",motorcyclist bicyclist injure in denver collision on broadway,1
2535,collision,"los angels , ca",west valley i405 n us101 s i405 n con trfc collision-unkn inj,1
2536,collision,saint lucia,missjadebrown tell of the tragic mid-morning collision which claim the life of a young man rid a motorcycle .,1
2537,collision,"peterborough , ontario , canada",two-vehicle collision at fowler corner at hwy . 7 and frank hill rd . be block the road opp . only minor injury to the occupant .,1
2538,collision,,my favorite lady come to our volunteer meeting hopefully join her youth collision and i be excite,1
2539,collision,colorado,colorado news motorcyclist bicyclist injure in denver collision on broadway at least two people be tak ...,1
2540,collision,"north highland , ca",traffic collision - ambulance enroute elkhorn boulevard at walerga rd sacramento,1
2541,collision,vancouver,713pm mapleridge lougheed hwy eb be close between 203rd and dewdney trunk rd because of collision . eto be between 800 prime minister and 900 pm .,1
2542,collision,60th st s,head on head collision ima problem and nobody can solve em on long division,0
2543,collision,"san francisco , ca",solano sr37 skaggs island rd trfc collision-1141 ert,1
2544,collision,"sacramento , ca",traffic collision - no injury i5 s at i5 s 43rd ave offramp south sac,1
2545,collision,"ontario , canada",clear collision qew fort erie bound approach hwy 405 niagara.vehicles remove . ag,1
2546,collision,"denver , colorado",motorcyclist bicyclist injure in denver collision on broadway,1
2547,collision,"denver , colorado",motorcyclist bicyclist injure in denver collision on broadway by kierannicholson,1
2548,collision,sacramento,south sac i5 s i5 s 43rd ave ofr trfc collision-no inj,1
2550,collision,"usa , wa",anti collision rear gadget technology,0
2552,collision,btwn a rock and a hard place,sometimes in space celestial body with separate trajectory that intertwine find themselves in a dance rather than a collision course .,0
2553,crash,,the next financial crash . the writing be on the wall . don't say you weren't warn via grtvnews,0
2554,crash,,i feel that ' crash and burn ' by thomas rhett for sure,0
2555,crash,,motogp indianapolis espargaro layout ' worry me a little ' -,0
2556,crash,tennessee,just buy another meinlcymbals 18 ' medium crash ! hey meinlcymbals what about an endorsement ! start to get expensive !,0
2557,crash,,html5 beginner crash course course,1
2559,crash,,' a slamming door and a lesson learn ... i let another lover crash and burn ' ?,0
2560,crash,,sterlingknight who have a car crashsterling ! who be drive in the carmel or joeysterling knight ?,0
2561,crash,"aix-en-provence , france",daewony0406 alright now I be gon na crash I be so exhausted,0
2564,crash,liverpool,party for festival crash victim michael molly on what would have be his 21st,1
2565,crash,i-75 in florida,clear crash in hamilton on i-75 south at mm 459 .,1
2566,crash,,deliver value a cash source crash course course,1
2568,crash,"21.462446 , -158.022017",the next financial crash . ' the writing be on the wall ' . do not say ' you be not warn ',0
2569,crash,"cleveland , oh",be boy crash,0
2570,crash,,make man piking crash ?,1
2571,crash,"melbourne , australia",incident crash in pascoe vale south outbound on tullamarine fwy citylink near foreland rd . vehicle off in emergency lane . no delay .,1
2572,crash,,i let another love crash and burn,0
2573,crash,darlington,if you sit and rant on snapchat to your apparent fan when you have about 8000 follower i hope your in a train crash xoxo,0
2575,crash,,crash and burn ?,1
2576,crash,,panel crash course course,0
2579,crash,"melbourne , australia",destinythegame bungee playstation get kick out by that crash be one of the bad experience I have have playing video game .,0
2582,crash,"kenton , ohio",chelsdelong12 kendraleigh13 I will crash it,1
2585,crash,galatian 220,please keep josh the salyersblairhall family amp jenna 's friend in your prayer . she be take far too soon . rip,0
2587,crash,,? one night and we be gon na come and crash the party be not invite but we be feeling ' so,0
2588,crash,"charleston , sc",' fatal crash report on john island ',1
2590,crash,,photoshop tool crash course - complete photoshop tool guide course,0
2591,crash,,photoshop cs6 crash course course,0
2592,crash,,kinetic typography crash course after effect video course,0
2593,crash,"lancaster , pennsylvania , usa",police respond to crash find ' suspect heroin ',1
2594,crash,,i see dat we liable to fuck up and crash ?,0
2597,crash,in my own world !,akilah world news cop pull man from car to avoid this ...,1
2598,crash,,man kill in crash in warrington hill a hoffman estates man be kill in a single-car crash wednesday after ...,1
2599,crash,,crash helmet silvery floor carnal fat shoot sample 33 pbcanpcx,0
2602,crash,"san francisco , ca",' crash test ' trailer paul cheer amp rob huebel 's comedy special record on a ...,0
2603,crashed,definitely not the stable,spicybreads coxytown i try download it and it crash after the tutorial,0
2604,crashed,pakistan,maj muzzamil pilot off of mi-17 crash near mansehra today .,1
2605,crashed,"cuernavaca , morelos , mexico .",bin laden family plane crash after ' avoid microlight and land ... peritoengrafoscopia,1
2606,crashed,,my son do not sleep all night ! ? so finally at 4am i lay him with me on my bed and he crash out ?,0
2608,crashed,scotland,neileastwood77 i be a knobhead ! bin laden family plane crash after ' avoid microlight and landing t ...,1
2609,crashed,,bin laden family plane crash after ' avoid microlight and land too far down runway ' three member of t ...,1
2611,crashed,,brianroemmele ux fail of emv - people want to insert and remove quickly like a gas pump stripe reader . 1 person tell me it crash the po,1
2612,crashed,,major hamayun shaheed pilot of mi-7 help that crash in mansehra,1
2614,crashed,"va beach , virginia",uk bin laden family plane crash after ' avoid microlight and land too far down runway ' three member ...,1
2616,crashed,"52.479722 , 62.184971",rosewall it have crash so many time the past couple hour,0
2617,crashed,the pig sty,gt bin laden family plane crash after ' avoid microlight and land too far down runway ... rochdale heywood,1
2619,crashed,,my ipod crash ... weloveyoulouis mtvhottest one direction,1
2621,crashed,"bangor , co.down",johndcgow heard this few day ago while drive and near crash the car from laugh to much,0
2622,crashed,weston super mare,olliebailey11 haunt you crash ? ?,0
2624,crashed,,could anyone tell me of this here have crash or just take a very long time windows10 please !,0
2625,crashed,"victoria , tx .",intactmh370partliftsoddsplaneglidednotcrashedintosea via yahoofinancehope for answer .,1
2627,crashed,"pakistan , islamabad",pak army helicopter crash in mansehra .,1
2628,crashed,"lincoln , ne",1 the bug that almost crash the euro -,1
2629,crashed,,pakistan say army helicopter have crash in country 's restive northwest kill at least 8,1
2631,crashed,,news bin laden family plane crash after ' avoid microlight and land too far down runway ',1
2632,crashed,london,this guy buy my car on tuesday police knock my door day cos he crash n ran amp 2day he text me ask not to send the log book ?,1
2633,crashed,"gujranwala , pakistan",maj muzzamil pilot off of mi-17 crash near mansehra today . may almighty give strength to family to bear the loss,1
2635,crashed,lindenhurst,thief break front window of hicksville store steal 50 cell phone flee crash into ...,0
2637,crashed,islamabad,army source say 12 person on board include a team of doctor die in helicopter crash near mansehra . weather seem to be cause of crash,1
2640,crashed,somewhere,smusx16475 skype just crash you host,0
2641,crashed,,i already have my phone update to 8.4 and somehow my phone crash and i have to restore it and they be not let me restore it,0
2642,crashed,too far,he be only .4 of a second faster than me and i overtake him twice then crash tru luv lt3 lt3,0
2643,crashed,kingswinford,i just nearly crash my car type ' paul rudd attack by fly ant ' into note on my phone .,0
2644,crashed,i love the surfs 2,honestly nightmarish . god drive to new place be always stressful a shit amp i hate it so much . ugh . almost crash a few time,0
2645,crashed,,i crash my car into a parked car the other day ... modestmouseremix truestory,0
2647,crashed,,f496d mhtw4fnet pakistan say army helicopter have crash in country 's restive northwest - fox news,1
2648,crashed,international,ttw today 's news bin laden family plane crash after ' avoid microlight and land too far down runway ',1
2649,crashed,viterbo bfa act ' 18,heard skh on the radio for the first time . almost crash the car . 5sos ashton5sos luke5sos michael5sos calum5sos,1
2651,crashed,bueno are,mh370 intact part lift odds plane glide not crash into sea,1
2655,crush,kaneohe,kuualohax more like you love your husband but you be post another man for your man crush monday 's laugh out loud,0
2656,crush,douma la,women crush wednesday ? mommyisbomb,0
2657,crush,,' jorrynja 6. your bfgfcrush ? ' terrell ?,1
2658,crush,,this guy i do not know just make me his woman crush ? first one ever ?,0
2659,crush,eastatlanta ? westgeorgia'18,wce i can not even lie even though i can not stand her she still will always be my crush ? explicitpretty,0
2660,crush,"san antonio , tx",woman crush ?,0
2661,crush,"cleveland , ohio",my woman crush wednesday go to the beautiful taykreidler loveyouuuu aintsheperty,0
2663,crush,,be bestfriends with your high school crush ? yourboyshawn,0
2664,crush,,ina busted girl crush ?,1
2666,crush,everywhere,samelsamel have a crush,0
2667,crush,,I be my own woman crush ?,0
2668,crush,"san diego , texas .",love love love do you remember your first crush ? ?,0
2670,crush,global,have a minute alone with my crush ? ... it be an overrated experience ... smh,0
2671,crush,05042014 1823 ?,pydisney que crush ? mtvhottest justin bibber,0
2672,crush,everywhere,master0fsloths have a crush,0
2673,crush,,my lil brother have a crush on maria ?,0
2675,crush,,ron amp fez - dave 's high school crush via youtube,1
2676,crush,"bolivar , mo",when you be girlfriend be completely gorgeous ? woman crush amp stuff,0
2677,crush,take pain like pleasure,I be so high moe I be bout crush this friday 's,0
2679,crush,san fransokyo,i have the big crush on you amp i don't know if you will ever know it ?,0
2680,crush,"washington , dc native",mrrobinson be give me thesteveharveyshow vibe . music teacher look out for student have crush on girl he go to high school with . ?,0
2682,crush,,seriously have the big girl crush ever on blake lively,0
2683,crush,,when you see your crush in the stand . vine by khadidon,0
2684,crush,everywhere,yhngsjlg just tweet about their secret crush,0
2687,crush,"miami , fl",starflamegirl yeah i have a crush on her,0
2688,crush,,me try to look cute wen crush be pass by ...,0
2689,crush,utah,crush content marketingmediocrity,0
2691,crush,,only have a crush on one girl in high school and she do not even realize it laugh out loud,0
2692,crush,everywhere,sevenfigz have a crush,1
2693,crush,,men crush every fucking day ?,0
2694,crush,everywhere,tiffanyfrizzell have a crush,0
2695,crush,w. nykae,more than a crush ? wce nykaed ?,0
2696,crush,honeymoon avenue,jaureguiswisdom laugh my as off well i only know one and ive only have a crush on this one soon,0
2698,crush,"toronto , worldwide",nowplaying fit and the tantrum - out of my league on crush listen nowplaying,0
2700,crush,,man crush everyday ? cristianinspire,0
2701,crush,,do he love me do he love me not i be not a playa i just crush a lot,0
2702,crush,,kenny holland crush da vida,0
2703,crush,,crush,0
2706,crush,,this popeye about to get crush ?,0
2707,crush,11414,that be crush holy shit,0
2708,crush,wherever there be netflix,havana 's mom have crush everyone 's soul,0
2709,crush,,crush it !,0
2711,crush,,wrapup 2-u.s. cable tv company ' share crush after disney disappoints,0
2714,crush,"chicago , il",.jimmyfallon i crush squirrel bone with a mortar and pestle for my school 's bio kept . not really sure why worstsummerjob,0
2715,crush,lamont,edwin wow . crush .,0
2719,crush,,mango juice with crushed icegtgtgtgt ?,0
2720,crush,u.k .,man crush to death by own car,1
2723,crush,ph,a diamond be just a piece of charcoal that handle stress exceptionally well . we be hard press on every side but not crushed.2 cor48,1
2724,crush,,wow ! he crush that ! edging bluejays,0
2725,crush,,crush the gym then crush a butterfingers flurry clearly my priority be straight ?,0
2726,crush,online,wrapup 2-u.s. cable tv company ' share crush after disney disappoints,0
2727,crush,,jmastrodonato so the question be would you crush ortiz for bunt a your sport write forefather crush williams ?,0
2728,crush,"monroe , tx",cbsbigbrother ouch celli ... you could almost hear their hope and dream be crush !,0
2729,crush,"ontario , canada .",jesus christ that ball be fuck crushed ! bluejays,0
2730,crush,guayaquil,i crush a 3.1 km run with a pace of 5'41 ' with nike sportwatch gps . nikeplus,0
2731,crush,bahstunporta reeks,papa absolutely crush that ball,0
2732,crush,"buck county , pa",crush a 6 mile run tonight . awesome,0
2733,crush,sunny south florida,wrapup 2-u.s. cable tv company ' share crush after disney disappoints,0
2734,crush,rio,oil price fall but driver could reap benefit,0
2736,crush,neverland,i crush a 11.2 km run with a pace of 7'46 ' with nike sportwatch gps . nikeplus,0
2739,crush,pennsylvania,nick williams just hit another bomb . just crush it,0
2740,crush,,holy moly that be crush .,1
2741,crush,,ayekoradio play brasswork agency - crush and shake radio netlabel electronicmusic listen ccmusic,0
2743,crush,,so many youtube commenter say the dothraki would get crush if they come to westerns ... nah bro you underestimate the dothraki,1
2744,crush,trinidad tobago,disillusion lead character check happy go lucky free spirit girl check dream life crush check great music check all crowd trope intact,0
2748,crush,chicago - lake bueno vista,remember how nora jones crush it in two week notice ?,0
2749,crush,"toronto , ontario",how empire avenue crush my soul via markwschaefer,0
2752,crush,"liberty lake , wa",' 13 m. chapoutier crores hermitage so much purple violet slate crush gravel white pepper . yum france wine dc,0
2753,curfew,,thecomedyquote 50shadezofgrey the thirst have no curfew ? p45perez,0
2755,curfew,ankara - malatya - ad orontes,ara news reporting jan fighter infiltrate ashrafiyah district of afrit with aim of carry out suicide attack . ypg have impose a curfew,1
2756,curfew,,keampurley thirst have no curfew,0
2757,curfew,,and the fact that i have a curfew,0
2758,curfew,"antioch , california",michelleellle ? shut up freshman it past ur curfew . you need some sleep ! you spend too much of ur time watch tv instead of go outside ?,0
2759,curfew,"state college , pa",be there a night curfew on campus ? find out here,0
2760,curfew,"chicago , il",police teenager arrest for curfew violation in evanston be rid steal bicycle two teenager take into cu ... chicago news,1
2761,curfew,,for some reason im listening to curfew overtime and stuck in a kodak over and over again,0
2763,curfew,somewhere in cali,bobbyxfisher i should have give him a curfew,0
2765,curfew,im around ... jersey,curfew really help if you think about it ... bc,0
2766,curfew,garden grove,exofficio men 's boxer brief curfew large,0
2767,curfew,"adelaide , australia",info s. wnd 0306. cld sct014 bkn032 . exp inst arch . rwy 05. curfew in over until 2030 z. taxiway foxtrot 5 amp foxtrot 6 naval . tmp 10 .,0
2768,curfew,,emaaalay thank you . ? now i do not have a city wide curfew . ?,0
2769,curfew,,she just say do he have a curfew ' nope ' ?,0
2770,curfew,bki-kua,her curfew will start right after her private class end . tutor must a woman preferably someone over 50 .,0
2771,curfew,,aptlyengineerd there be no such curfew .,0
2773,curfew,urns,it be past curfew and we be at the grove,0
2774,curfew,"illinois , usa",emmychappy because It be 12 of the clock and my mom say everyone have to go home because of curfew .,1
2777,curfew,a.a.s my aztec princess,reddakushgodd she say a few month . but i get a curfew for out time smfh,0
2778,curfew,turner benton,ball have no curfew,0
2780,curfew,,scotrail i be see them turn a blind eye to a bloke drinking and smoking on during the curfew time cos'its not worth the hassle ',1
2782,curfew,"kla , uganda",next may I will be free ... from school from obligation like family ... best of all that damn curfew ...,1
2783,curfew,uganda,daviskawalya i know mauryn143 will be say her final goodbye to grandpa a see on news rip me ? always open to idea but may ve curfew,0
2784,curfew,,people really still be have curfew even when they be 18 amp graduate high school ?,0
2785,curfew,253,stupidniggr I be tell your mom your up past curfew oth,0
2786,curfew,"eckhart , in",have to cancel my cat doctor appointment because she decide to go out and play and not come home by curfew ...,0
2787,curfew,"adelaide , australia",info r. curfew in over until 2030 z. taxiway foxtrot 5 amp foxtrot 6 naval . wnd 0605. exp inst arch . rwy 05. damp . tmp 10. qnh 1028 .,0
2788,curfew,california,but no lie though . It be pay to be the old sometimes . like be the first to get a car and have no curfew . freedom donthate,0
2792,curfew,"adelaide , australia",info u. cld sct012 bkn025 . exp inst arch . rwy 05. curfew in over until 2030 z. taxiway foxtrot 5 amp foxtrot 6 naval . tmp 10. wnd 0306 .,0
2793,curfew,pon di gully,rite now man a tlk widout nuh curfew long side aka cum fi steal di show itz a rubbery di whole a dem fi knw ... sound it music,0
2794,curfew,benedict college,don't even come if you worry about curfew bc19,0
2795,curfew,htx,you get a whole curfew ?,0
2796,curfew,,when you be 5 hour late for curfew and have to pray your dog do not bark when unlock the door,0
2797,curfew,im lose,da judge give dis girl 5pm curfew ?,0
2799,curfew,miami,in the beginning of summer my mom make my curfew 1 now It be back to 12 and i can never go out and she wonder why I be always at home,0
2801,curfew,,why charlie lim start at 9pm on this sunday ... i have curfew leh -,0
2802,curfew,"hamilton , on",when you bomb and you try 2 get home for curfew,0
2803,cyclone,united kingdom,awwww baby walter rewatchingthepilot teamscorpion cyclone,0
2807,cyclone,"de mines , iowa",' the big ten have their annual football medium day but before we get into that here be some cyclone hoop recruit nugget ',1
2808,cyclone,usa,camera art photography 0215 new boltcyclone dr pp-400dr dual outlet power packfor external camera flash 30,0
2811,cyclone,rural northern nevada,mccauleysdesign abysmaljoiner dyamiplotke it work for my purpose . a large cyclone would be good . i just do not have 4k . this be 500,0
2813,cyclone,republic of the philippine,a new tropical cyclone be form near guam . once it be form it will be call ' mojave ' .,1
2815,cyclone,,video new de jhaustin thomas on be a cyclone - names tribune names tribune video new de jhaustin thomas on,0
2817,cyclone,,xhnews we need these plant in the pacific during the cyclone season it would help,1
2819,cyclone,,british broadcasting corporation force to retract false claim about cyclone pam via wordpressdotcom,1
2820,cyclone,,great condition aston cyclone softball bat fastpitch -9 2920 sk398,1
2821,cyclone,philippine,severe weather bulletin no . 5 for typhoon hannah soudelor tropical cyclone warn issue at 500 prime minister 06 ...,1
2822,cyclone,"washington , dc",' the cyclone derive it power from a calm center . so do a person . ' - norman vincent peale,1
2825,cyclone,hyderabad,roughdeal1 ante hudhud cyclone chandrababu value ne ante ga ?,1
2826,cyclone,vancouver hq and worldwide,cyclone women devastate family in myanmar this week . we need to help them today,1
2827,cyclone,"quezon city , philippine",severe weather bulletin 6 tropical cyclone warn typhoon ' hanna ' issue at 1100 p.m. thursday 06 august ...,1
2828,cyclone,geneva,back to the future in vanuatu how cyclone pam have encourage traditional way of living,1
2829,cyclone,"hartford , connecticut",bank manager ask tom in an interview ' what be cyclone ' tom ' it be the loan give to purchase a bicycle ',0
2830,cyclone,"sioux fall , sd",excite for cyclone football,0
2831,cyclone,cornwall,british broadcasting corporation force to retract false claim about cyclone pam via wordpressdotcom,1
2832,cyclone,beside basketball,talent misdirection cyclone pas ignite pas vanish drive phantom shot kurokobot,1
2833,cyclone,"rome , italy",now on comdev asia radio station in bangladesh broadcasting program ? to address the upcoming cyclone women,1
2835,cyclone,tafekop ga-matsepe,like a cyclone imperialism spin across the globe militarism crush people and suck their blood like a ...,1
2836,cyclone,,1970 mercury cyclone gt hood would very nice core cobra jet 429cj gt,0
2838,cyclone,,' i 'm a cyclone passion overblown ',0
2839,cyclone,,his majesty emperor salmon khan 's unstoppable cyclone of entertainment humanity bajrangi bhaijaan create history everywhere closed 300 cr,0
2841,cyclone,,1970 mercury cyclone gt quarter panel d rear trim molding cobra jet 429cj,1
2842,cyclone,,tropical cyclone info soudelor 945hpa maximum wind speed 45ms maximum wind gust speed 60ms,1
2843,cyclone,melbourne,cyclonereizei if i may ask cyclone-sama have you read jail fate by rindou ?,0
2844,cyclone,vilnius,some drug and alcohol in jackson roman house .,0
2846,cyclone,geneva,blend the old with the new in vanuatu to prepare for future emergency,0
2849,cyclone,,wfp - wfp delivers food to 165000 bangladesh flood victim after tropical cyclone women dhaka the united na ...,1
2851,cyclone,,rohingya house in knee nockthie hamlet from taungbazar region in buthidaung be severely damage in cyclone kasitaroch vivianunhcr,1
2852,cyclone,make in america,cyclone by double g would be the cherry on top to this outfit ! ootid doubleghats,0
2853,damage,"ps4 , now stop ask",thelegendblue cozmo23 they will probably allow u to ascend them but not get them to the damage max value,0
2854,damage,,drop it down on a nigga do damage ! ?,0
2855,damage,cheshire . london . allover,union say they be supportive of ' london ' yet be prepared to damage it economically ? 300m last time,0
2856,damage,"texas , usa",i like a youtube video gta 5 online - collateral damage ! gta v online pc,0
2857,damage,"bartholomew county , indiana",fyi accident property damage3460 limestone lncolyellowstone wayfieldstone dr08052015 193635,1
2858,damage,u.s,fitness knee damage solution,0
2860,damage,my mind be my world,and here i be complain about phoenix mode in fire emblem . turn out ray giant will have a ' difficulty ' option where you take 0 damage .,0
2861,damage,,capicapricapri brentobento wha t be this kid damage,0
2863,damage,catskills,cleared accident with property damage on ny35 eb at ny 100,1
2864,damage,,It be crazy how a phone can do so much damage to a person,0
2865,damage,"columbia , sc",writebothfists it get pretty windy here too ... but no damage .,0
2866,damage,,reuse advance in life equipment in transit to drum champaign damage fdbdp,0
2867,damage,right here,indigo6e but if you be careful about spot damage the time of check in why not the time of give away baggage ? ! It be my loss all d wy,0
2869,damage,texas,storm damage report in west tennessee,1
2870,damage,"lawrence , ks via emporium , ks",hey the royal love do damage with 2 out .,1
2871,damage,,drothvader cmnevalistis you can keep this please ! arachys 2 piece - now deal 4000 weapon damage up from 2500,1
2872,damage,indonesia,' makes of fairy tail ... specialize in property damage ! ' - matsu dragneel,0
2873,damage,unknown,bradleybrad47 yeah but be fast and do extremely high damage be what it all about if you want fast then im gon na have to get you the,1
2875,damage,unknown,bradleybrad47 the saw be fast af and do great damage i upgrade it a shitton and use it exclusively for a whole playthrough,0
2877,damage,"marysville , mi",let u say a tree fall on your fence . do you know how your homeowner insurance may help ?,0
2878,damage,"new haven , connecticut",joedawg42 tor for a tor situation only . wind damage enhance wording be key in my opinion,1
2879,damage,,hfxstanfield beelievedc discoverycntr what be happen we hear there be runway light damage by a contractor .,1
2880,damage,austin san diego,swb1192 if the nda be write to damage your ability to offer your service in the future then you polly do not want the work anyway,0
2881,damage,? ? ?,if trillion cross the line a 3rd time he do a field-wide attack that do instant kill damage,1
2882,damage,"pontevedra , galicia",np metallica - damage inc,0
2883,damage,somewhere in the canada,nine inmate charge with cause damage in calgary remand center riot -,1
2884,damage,londonnew york,pt cross-sectarian protest . powerful shia cleric say militia must withdraw'ur fighting isi but we wont forget damage uve do to ur ppl ',1
2885,damage,"261 5th avenue new york , ny",do homeowner insurance cover water damage ? here be some good thing to know .,1
2886,damage,,beach do damage to my shit,1
2887,damage,,wonderousallure cross her arm to cover her hand from do anymore damage . ' h-hello ... ',0
2888,damage,,new post on my blog thesensualeye model cam damage toronto apr 2014 nsfw pussy as boob asian nude,0
2889,damage,charlotte nc,report hit amp run-in roadway-property damage at 15901 statesville rd,1
2890,damage,,devil may cry 4 special edition vergil v agnes window mission 6 - dmd - no damage by leedstraif,0
2891,damage,"rockville , maryland",glaucoma occur when fluid build up pressure inside eye to a level that may damage optic nerve eyefacts,1
2893,damage,,jsunnews storm damage report in madison county thunderstorm damage report ar ... via,1
2895,damage,,s61.231a puncture wound without foreign body of left index finger without damage to nail initial encounter icd10,1
2896,damage,australia,thank you richarkkirkarch ausinstarchitect for word of warn re queenswharf brisbane via financialreview,0
2898,damage,your conversation,this real shit will damage a bitch,0
2899,damage,usaov,laugh my as off fuckboy change his for damage control pseudojuuzo,0
2900,damage,"bhopal , madhya pradesh , india .",michaelwestbiz standard damage control,1
2902,damage,tennessee,gettinglost jennellensbb munclejim it say they have superficial wound and it be the pepper spray that do the most damage .,1
2905,danger,,blizzheroes dustinbrowder dad . i will not chase you constantly amp all the time but frequently . with a great deal of danger and distraction lt3,0
2907,danger,lemongang,i believe there be a shirt company now for every animal that have ever be in danger . i good start see some change in wildlife .,0
2908,danger,ayr,danger of union bear,0
2909,danger,,the sign-up be open for the fall for danger release day blast and review tour . sign-up here ...,1
2910,danger,worldwide,dyannbridges yeshayad check out this rocking preview of claytonbryant danger zone come soon ! artistsunited,0
2911,danger,"san jose , california",red flag warn for fire danger amp dry thunderstorm in bay area weather caws by nwsbayarea,1
2912,danger,worldwide,carsonrex spaceangelseven check out this rocking preview of claytonbryant danger zone come soon ! artistsunited,0
2913,danger,"loughborough , england",what be this ? like i could be in danger or something,1
2915,danger,killarney,when the last tree be cut down the last fish eaten and the last stream poison you will realize that you ...,0
2916,danger,"brooklyn , ny",my take away preservation park r an imposition amp a danger to african people . i never imagine !,0
2917,danger,lamar gwalior,indian govt . amp medium should take serious concern about their safety . they be in danger now .,1
2920,danger,"st paul , mn",training grain of wheat to bare gold in the august heat of their anger I be the no trespass l you seek danger .,0
2921,danger,atlanta georgia,therealrittz fettilootch be slanglucci oppression great danger come soon the album,0
2922,danger,,morehouse64 it appear our govt have lose an ethical and or moral relevance . this mean the whole usa population be in danger from them .,0
2924,danger,"lincoln , il",do not like those head first slide . especially into home ! danger,0
2925,danger,world,permit for bear hunting in danger of outnumber actual bear the license for florida 's fir ... st petersburg,0
2927,danger,spin through time .,riverroaming ' and not too much danger please . ',0
2929,danger,atlanta georgia,bluebirddenver fettilootch be slanglucci oppression great danger come soon the album,1
2931,danger,"boston , ma",.user be look to repair it recent bad rap with some nonprofit partnership,0
2932,danger,hail from dayton,i wish i could get victoria 's secret on front . I be good for it .,0
2933,danger,worldwide,turnedonfetaboo hsjb215 check out this rocking preview of claytonbryant danger zone come soon ! artistsunited,0
2934,danger,"newcastle upon tyne , england",thetxi gunnersfan89 why would arsenal fan want that ? west ham will be in a relegation battle this season . no danger for afc on sun,0
2935,danger,atlanta georgia,remainontop fettilootch be slanglucci oppression great danger come soon the album,0
2936,danger,atlanta georgia,nugget fettilootch be slanglucci oppression great danger come soon the album,0
2937,danger,,the danger and excitement of underwater cave dive,0
2939,danger,,the girl that i wan na save be like a danger to my health try be with somebody that wan na be somebody else .,0
2941,danger,instagram trillrebel,gun be for protection ... that shit really should not be use unless your life in danger,0
2942,danger,always die never rest,so thirsty all in danger of dehydration,1
2943,danger,"san jose , ca",thunderstorm with little rain expect in central california . high fire danger . weather caws,1
2944,danger,2005 -,i wan na get a danger day tattoo so bad how cool would that spider look like on someone wrist or smith,0
2945,danger,israel,in my experience if you be always angry and critical a a pundit you be in grave danger of go off the rail . 1,0
2946,danger,uruguay westerns gallifrey,i be not in danger skyler . i be the danger .,0
2947,danger,"kansas city , mo",too dangerous for them . but It be ok for the rest of u to be in danger .,0
2948,danger,"silver spring , md",investigate why robert mueller do not respond to my complaint since nov 2011 amp just leave meson out her in danger,0
2950,danger,jersey - c.i,honestly though modibo maia be steal a living - fuck all about him - im past my best but still more of a danger than that fucktard coy,1
2952,danger,,fear have a way of make u see danger where there be none . contemplate the logic behind the situation and find the courage to engage it,0
2953,dead,,joel 228 ? and book of act 217 ?,0
2954,dead,afghanistan,17 dead a afghanistan aircraft crash an afghan military helicopter have crash in a remote region of the s ...,1
2955,dead,sweden,silent0siris why not even more awesome norse landscape with load of atmosphere and life than boringdead snotgreen wasteland,0
2956,dead,,i miss my long hair ... but it be so dead anyways it be not even hair,0
2957,dead,,cjbanning 4sake of argsuppose pre-born have attain individl rights.generally courtof law forbids kill unless dead person do something,0
2959,dead,london,remember that time roku give life to a dead bird what the hell roku,0
2960,dead,"orlando , fl",nara i bee dead ... like a legit zombie ... i feel every sore part in my body ?,0
2963,dead,,we just happen to get on the same road right behind the bus I be dead serious,0
2965,dead,atmosphere,laugh my fuck as off fuck luis hhahaha im dead,0
2969,dead,,i just watch emmerdale nd i do not know who most of them be but a slightly attractive man name ross just get beat up nd now he be dead,1
2970,dead,glasgow,soapscoop i need you to confirm that ross be dead cause i don't trust anyone else yh,0
2971,dead,,gailsimone iwasdisappointedby telltale 's the walking dead . good character ampstory but no real gameplay and too many performance issue .,0
2973,dead,,beforeitsnews hundred fear dead after libyan migrant boat capsizes during rescue,1
2974,dead,somewhere in portugal,if it a war you come to see you will never see a waved white flag in front me . i cant end up dead i wont be mislead .,0
2975,dead,south stand,jones94kyle oh fuck sake he be dead ?,0
2976,dead,dundalk ireland,emmerdale be ross really dead ? askcharley,0
2980,dead,,don avoid wear dead black flaming red and stark white so much and esp . at debate go with your blue gold brown even to shoe and,0
2982,dead,,perspective on the grateful dead critical writing contribution to the study,1
2983,dead,"sochi , kda , ru",hlportal hello ! I be look for mod cold ice . i saw it on your site but link to download dead . maybe you have it and share with me ? thanks .,0
2984,dead,"t -26.695807,27.837865",kg4vaal lmaov.v hard the ' ny ' be the the new trend babalmao ... welcome to nyozi kwaaaaadead,0
2987,dead,south stand,jones94kyle now I have say all this he be dead and no one else die,0
2988,dead,you be not 19 forever,be ross dead noooooooooooo mikeparractor,0
2990,dead,"kettering , oh",thinking of the time that my friend bail the nite before a dead show ... go alone amp have a great time . all alone and free to dance . front row,0
2991,dead,united state,typhoon soudelor take dead aim at taiwan,1
2992,dead,,askcharley emmerdale how emotional be you that ross be dead ? emmerdale 5,0
2993,dead,planet earth,man find dead in demo moore 's swim pool !,1
2995,dead,spare ' oom,that be it val be dead im sue,1
2998,dead,,atchisonsean he be dead,0
3000,dead,united state,wormwood road of the dead 2014 be fuck awesome and it have an awesome end too . awesome one .,0
3001,dead,milton keynes,can not believe ross be dead ? emmerdale mikeparractor emmerdale summerfate,0
3003,death,,i will only call or text 2 niggas my bff amp my boyfriend ? i love my boy to death . no other nigga can hold my attention like them ?,0
3004,death,atl ? al ?,i hate to talk otp with my grandma ... i mean i love her a to death but she talk so damn much ssshhheeesshh ! ?,0
3005,death,uptown,until my death I will forever rep the jet .,1
3006,death,,my vibrator shape tape do bust,0
3009,death,prov,death threat on a nigga life well then we gon see,0
3010,death,"nova , mi",adult dy of plague in colorado,1
3011,death,new york,box 360 pro console - red ring of death - full read by ebay,0
3012,death,"bueno are , argentina",go back to gainesville will be the death of me,1
3013,death,on the go,a year later ferguson see change but ask if it real,0
3014,death,,papiichampoo what i enjoy most about the obama era be the civility prep say gop support iranian ' death to ...,0
3015,death,,i feel like death,0
3016,death,the uk,i like a youtube video from jeromekem dj hazard - death sport,0
3018,death,,i tell my cousin i do not wan na hang out and they text me say ' we 're come over ' honestly do you have a death wish,0
3019,death,,rss judge order texas to recognize spouse on same-sex death certificate,0
3021,death,mils .,her loyalty mission involve her kick a shitty nobleman to death ? i love this even weirdo,0
3022,death,"kensington , md",there be a way which seemeth right unto a man but the end thereof be the way of death .,1
3023,death,buffalodc,kellkane thanks i narrowly avert death that be fun you be right,1
3025,death,,arianagrande screamqueens katherine 's death,0
3026,death,"sylacauga , alabama",allahsfinest12 ... death to muslims,1
3027,death,,go to starve to death,0
3029,death,,ted cruz bash obama comparison gop to iranians shout ' death to america ',0
3030,death,,arianagrande screamqueens katherine 's death,0
3034,death,,new crime know your right . punishable by death,0
3036,death,usa,i have no issue upload death to smoochy or awakening clip to youtube but for some reason bicentennial man be be a pain in the as .,0
3037,death,to the right of you !,ted cruz bash obama comparison gop to iranians shout ' death to america ' cot,1
3038,death,cyprus,cyprus news analysis mullah omar 's death may split taliban 's rank - ... omar 's demise would certainly lead ...,1
3039,death,kansas,i feel like death ... holy moles ?,0
3042,death,"los angels , ca , usa",video slain mexican journalist unknowingly predict his own death via breitbartnews,0
3043,death,"portland , or",there be this old lady rocking out to death metal in her sedan downtown smoke a cigarette . i find my real mom .,0
3044,death,carry on outta !,afghan peace talk in doubt after mullah omar 's death - financial time mullah,0
3045,death,home of the taker .,you all pusssssssssy and shook to death of me,0
3047,death,"new york , new york",the first trial in the death of cecilthelion be just postpone,0
3048,death,,53 year ago this week be the anniversary of marilyn monroe 's death ripriprip,0
3049,death,? s ? s ? a ?,ari 's hint and snippet will be the death of me .,0
3051,death,chicago,tomorrow will be the death of me,0
3052,death,"alicante , spain",new new york city legionnaire ' disease death toll rise follow,1
3053,death,,vaxshill 2 death from measles complication in 10 yr everyone loose their shit . 8 dead from legionnaire in a month amp cricket,1
3054,death,,bigamist and his first wife be charge in the death of his second pregnant wife her child 8 her mother her nephew 1 and their u,0
3055,death,"mooresville , nc",do not get on i77 south ... huge wreck and airlift and maybe some death interstate be completely block,1
3056,death,"mooseknuckle , maine",lollop 2.2 case of voter fraud a year . we need new law ! 83 gun death a day . who actually follow law amirite ? vra50,1
3057,death,"palermo , sicily",silence . palermo shipwreck child death,1
3058,death,,this why bsf japan die fedayeen have aks and they bloody incas ! incas rifle not to blame for soldier ' death mod,1
3059,death,asuncin-py tbingen-ger,breast milk be the original superfood but rate worldwide have stall below 40 contribute to more than 800000 child death last year .,0
3060,death,"voorhees , nj",12 of the death in red-light running crash be pedestrians bicyclist amp other vehicle occupant that be hit by the red-light runner .,1
3061,death,,retweet truediagnosis 250k death per year from physician error how to avoid be one of them,1
3062,death,,cdcwhistleblower 2 death from measles complication in 10 yr everyone loose their shit . 8 dead from legionnaire in a month amp cricket,1
3064,death,,bigamist and his ' first ' wife be charge in the death of his ' second ' pregnant wife her child 8 her ... news,0
3066,death,uk,500 death a year from foodborne illness ... frackfreelancs dear ... deccgovuk frackfreeeu tarletonsophie,1
3068,death,"atlanta , ga",hear drfriedencdc talk on how to avoid thousand of resistant infectionsdeaths in next 5 yr adiossuperbacterias,0
3070,death,planet earth,irony just die a thousand death ! ?,0
3071,death,wakanda,strickskin nickscomics laugh out loud usually but I be be objective here . maybe uncle ben of course . most deaths end up business a usual,0
3072,death,lagos,comment death of old child what do the data tell u ? nghlth,1
3073,death,do it really matter !,death 7,1
3074,death,,eazzyp we will never know what would have happen but the govt seem to think that their belief warrant the death of innocent jap,1
3075,death,your screen,real magic in real life woman go miss in ohio town the focus of fbi probe after strange death and ...,1
3077,death,"phoenix , az",no two case do not constitute an epidemic . plague health publichealth,1
3079,death,do it really matter !,death 3,0
3080,death,edinburgh,have lunch with stewart amp julian only a couple of hour earlier . good to finally find out what happen to them .,0
3082,death,weyburn,weyburn police warn public after fentanyl death in province -,1
3083,death,uga ' 15 alumnus - economics,none of you annoy crusty ' all life matter ' head as people ever actually support cause you just hate when black death get attention .,0
3084,death,,It be time to reduce gun death,1
3085,death,,gregorysanders usdot amp the stay of high auto death applies to child in a vehicle . i guess they can out run lightrail good than adult,0
3086,death,blackpool,cancer equate for around 25 of all death in blackpool . knowing the sign could save your life beclearoncancer,1
3089,death,"the void , u.s.a",highqualitybird a reverse situation lol i do not know 911 ? where u civilian death be specifically utilized to make a political,1
3090,death,london town ...,heard there two more death and a murder christie kill adam ? val and finn die ? emmerdale,0
3091,death,tennesseegallifrey,mathewisangry z3kesk1 saladinahmed they die horrible death trap in the ship but they know that be a risk .,1
3092,death,"amman , jordan",fco minister tobiasellwood condemn attack at a mosque in saudi arabia that have result in at least 15 death,1
3093,death,blackpool,cancer equate for around 25 of all death in blackpool . knowing the sign could save your life beclearoncancer,1
3095,death,"washington , d.c .",critter climate and two plague death in colorado,1
3097,death,,since 1940 the year angela sander be bear roundhouse kick relate death have increase 13000 percent .,1
3099,death,"columbia height , mn",walmart be take step to keep child safe in hot vehicle . take a look at the innovative car seat here !,0
3100,death,top secret,a of 2010 there be 17 beluga death report at seaworld their average age 15 12 year opseaworld,1
3101,death,"t 10.614817868480726,12.195582811791382",bigamist and his ' first ' wife be charge in the death of his ' second ' pregnant wife her child 8 her mother ...,1
3102,death,top secret bunker,mayoroflondon pls reduce cyclist death with a compulsory highway code test a with every other vehicle that use a road . notrocketscience,1
3104,debris,"belbroughton , england",aerospace exec plane debris be from miss mh370 - part of the aircraft wing find on reunion island be from th ...,1
3105,debris,,malaysia airline flight 370 that disappear 17months ago debris find south of the indian ocean -,1
3106,debris,,? ? ? ? mh370 aircraft debris find on la reunion be from miss malaysia airline ...,1
3107,debris,772 temperance permanence,discover plane debris be from miss malaysia airline flight 370 time,1
3108,debris,,confirm the debris from mh370 ?,1
3109,debris,,? ? ? ? mh370 aircraft debris find on la reunion be from miss malaysia airline ...,1
3111,debris,nigeria,malaysia confirm plane debris wash up on reunion island be from flight mh370,1
3112,debris,,? ? ? ? mh370 aircraft debris find on la reunion be from miss malaysia airline ...,1
3114,debris,"46.950109,7.439469",how missing jet debris could have float to union - the new york time,1
3115,debris,,union debris be almost surely from flight 370 official say - new york time,1
3116,debris,,union debris be almost surely from flight 370 official say - new york time,1
3117,debris,in the shadow,the debris find on reunion island be from flight mh370 . the mystery behind that plane disappearance could be good than any novel .,1
3118,debris,,? ? ? ? mh370 aircraft debris find on la reunion be from miss malaysia airline ...,1
3119,debris,campo grande-ms,reuters debris confirm from mh370 relative hope for discovery of crash site,1
3120,debris,national broadcasting company washington,nbcnightlynews malaysian official say debris find on reunion island be from mh370 . billneelynbc report,1
3122,debris,,mh370 debris find on reunion island . ? sad tragedy innocent crash mh370,1
3123,debris,seattle,love food fun malaysian prime minister najib kazak confirm that the aircraft debris find on union isle ...,1
3124,debris,"hamilton , ontario canada",malaysia seem more certain than france . plane debris be from miss mh370,1
3125,debris,new york,malaysian official say debris find on reunion island be from mh370 . billneelynbc report,1
3126,debris,,? ? ? ? mh370 aircraft debris find on la reunion be from miss malaysia airline ...,1
3130,debris,,debris find on reunion island come from mh370 malaysian prime minister,1
3131,debris,,aircraft debris find on island be from mh370 malaysia confirms,1
3132,debris,"dubai , united arab emirate",what irony debris of flight mh370 find on ' reunion island ' .,1
3133,debris,india,mh370 aircraft debris find on la reunion be from miss malaysia airline ... - abc online,1
3134,debris,hong kong,mh370 reunion debris be from miss malaysia flight,1
3136,debris,"berlin , germany",expert leave lab a malaysia confirms debris be from mh370,1
3137,debris,nigeria,malaysia confirm plane debris wash up on reunion island be from flight mh370,1
3138,debris,iraq,kamindoz reuters debris confirm from mh370 relative hope for discovery of crash s ...,1
3139,debris,,plane debris discover on reunion island belongs to flight mh370 malaysian prime minister,1
3140,debris,"tampa , fl",debris confirm from mh370 relative hope for discovery of crash site malaysian official confirm a breath ...,1
3141,debris,world news,abc onlinemh370 aircraft debris find on la reunion be from miss malaysia airline ... abc online piece of aircraft debris which ...,1
3142,debris,hong kong,malaysia confirm reunion island debris be from mh370 scmpnews,1
3144,debris,,debris confirm from mh370 relative hope for discovery of crash site via reuters video,1
3145,debris,hong kong,plane debris be from miss mh370,1
3147,debris,,mh370 aircraft debris find on la reunion be from miss malaysia airline ... - abc online ... g malaysia news,1
3150,debris,"bristol , uk",interest mh370 aircraft debris find on la reunion be from miss malaysia airline ... - abc ... please retweet,1
3152,debris,"labuan , malaysia",aircraft debris confirm to be from mh370 - nation the star online,1
3153,deluge,united kingdom,dustpiggies ah . i be awash with abstract dustpig tweet then . explain the deluge .,0
3154,deluge,right next to you,xenia my bet be mother nature might have plan to send a deluge our way .,0
3155,deluge,ct ? new york city,joshsternberg my feed seem to have a deluge once or twice during the week . it fantastic .,0
3157,deluge,,romeocrow most welcome ! organize twitter to find the important stuff amongst the deluge ! by the way love the music and sign up for the ep !,0
3158,deluge,,niagara fall package deal deluge tour yyeso,0
3159,deluge,"london , england",i apologize sincerely for the inevitable deluge of gabo tweet to come . i will not hold any grudge if you decide to unfollow baking cake,0
3161,deluge,"los angels , ca",retweet nlmdimrc a deluge of resource on flood for medical provider cleanup worker amp more at,1
3162,deluge,,towboat trek sympathy deluge fall vtc,1
3163,deluge,,a deluge of eulogy for cecilthelion on my whatsapp gtgtthis too tormented soul by matins xavier,0
3165,deluge,australia,wa smile after july deluge - the west australian via yahoo7,0
3166,deluge,brisbane,china be only delay the deluge if the fundamental of an economy do not support the valuation of a stock ...,0
3167,deluge,melbourne-ish,despite the deluge of fantasticfour notice our man o'cuana be still buy ticket - because he be bloody-minded like that .,0
3168,deluge,617-btown-beatdown,photo forrestmankins colorado camping .,0
3170,deluge,"brackley beach , pe , canada",It be a deluge in trois-rivieres . about one hour to get to legionstrackandfield,0
3171,deluge,london,why so many half-naked men on twitter tonight ? ! normally I would embrace the odd torso but the scale of tonight 's deluge be unprecedented,0
3172,deluge,518,theburnageblue yes man i be have a bad week so far but event a deluge of fans have turn it right around,0
3173,deluge,"nottingham , england",best window torrent client ? be recommend deluge but it look like it be write 10 year ago with java swing and ' us ' worse,0
3174,deluge,earth 3,the fifth pre-dynastic king in the legendary period before the deluge dumuzi ' the shepherd ',0
3175,deluge,,theghostparty i amsosorry for the deluge of hell vine,0
3176,deluge,,strange to encaustic cerography portion him till give voice deluge byityf,0
3177,deluge,"enniscrone aughris , sligo",back on the beach after the deluge . surf camp in motion . our surf therapy programmed kick off today for ...,1
3179,deluge,"mostly wellington , nz",stephaniemarija ' light rain ' be the forecast i base my dress on . light . rain . not incessant deluge !,0
3180,deluge,london,perhaps ' historic ' should be apply not to the deluge of recently expose childsexabuse but the truly ' historic ' scale of the coverup,1
3181,deluge,,the bible sometimes back up the truck and unload a descriptive deluge of indecency on u . chuckswindoll explain why on iflcanada next .,0
3182,deluge,usa,audio 16 business owner share what they would do differently pt1,0
3183,deluge,,whole slew of updated post come now that the hosting be fix ! unfml deluge,0
3184,deluge,617-btown-beatdown,photo boyhaus heaven send by jake after a very warm morning on montana madison river a early evening ...,0
3185,deluge,,the camping thing i do for gishwhes just get soak in a deluge go for pad and tampon . thank you mishacollins,0
3186,deluge,,fiendnikki ' deluge ' be such an awesome word . no idea why i like it so much,0
3188,deluge,,wrinkle the face of deluge a decayed,0
3189,deluge,,schelbertgeorg thanks . I be teach an online class amp ask my student lot of question like this . sorry for the deluge of ren . art !,0
3190,deluge,"atlanta , ga",only shadowman can save the big easy from a deluge of supernatural monstrosity ... read free,0
3191,deluge,world,houghjeff crap . the content marketing deluge . by dougkessler b2b b2bagency via slideshare contentmarketing,0
3192,deluge,,i love the song ' healing be here-deluge ' ampwanted to sing it at my church but It be not in spanish so i translate it .,0
3193,deluge,"fort fizz , ohio",vince mcmahon once again a billionaire i remember read a deluge of post about vince mcmahon lose 350 m ...,0
3195,deluge,"new york , ny",nfl play deflategate perfectly . the deluge of incremental story have bore the world into not care and just want it to go away,0
3196,deluge,"fort lauderdale , fl",if you be in search of powerful content to improve your business or have be frustrate with the deluge of ' quantity,1
3197,deluge,raleigh garnercleveland nc,what be miss in the asae15 exhibitor email ? value . assnchat,0
3198,deluge,,meditationbymsg 45600 people get method of meditation in u.p ampgot deluge of divine bless 4 happy n peaceful life .,0
3199,deluge,newcastle upon tyne,here I be the uk there be not a deluge of canadian themed top around ... the timing be perfect . i can not quite believe it . mad .,1
3200,deluge,walk the tightrope,tomorrow be internet day . it have be almost 2 month . i look forward to the deluge of stuff I have be avoid . a downright lie,0
3201,deluge,frascati,novalismi joseph mallory william turner - shade and darkness - the evening of the deluge 1843 clicca sul titolo ...,0
3205,deluge,"college station , tx",anyone else get ton of telemarketing call on their cell phone ? I have be deluge !,0
3210,deluge,"bishop lydeard , england",thewesterngaz I be sure the shop be deluge by local child want to buy it . really ?,0
3211,deluge,,businesses be deluge with invoice . make yours stand out with color or shape and It be likely to rise to the top of the pay ' pile .,0
3212,deluge,"karachi , pakistan",glimpse hyderabad deluge by heavy rainfall,1
3216,deluge,,business be deluge with invoice . make yours stand out with colo r or shape and It be likely to rise to the top of the pay ' pile .,0
3217,deluge,up a hill,also in a matter of week amazon 's go to be deluge with poorly write indie dystopian fiction about teen escape from blood farm .,0
3218,deluge,,business be deluge with invoice . make yours stand out with color or shape and It be likely to ris . togthe top of the pay ' pile .,0
3219,deluge,,business abe deluge with invoice . make yours stand out with color or shape and It be likely to rise to the top of the pay'pile .,0
3221,deluge,london,why be you deluge with low self-image ? take the quiz,1
3222,deluge,,business be deluge with invoices . make yours stand out with color or shape.and It be likely to rise to the top of the pay ' pile .,0
3225,deluge,"clearwater , fl",lisatoddsutton the reason i bring this up bcz he be run 4 senate . murphy be nothing but a republican i be deluge with his junk mail !,0
3227,deluge,manchester,why be you deluge with low self-image ? take the quiz,0
3229,deluge,wellington,thesewphist whoever hold the address ' fuckfacewineisdumb.com ' be go to be deluge in spam meant for me,0
3231,deluge,,tarp be protect outfield and can not be move . infield get deluge .,1
3235,deluge,,business be deluge with inroices.make yours stand out with color or shape and It be likely to rise to the top of the pay ' pile .,0
3236,deluge,? libya,eu state squabble over immigration . uk-france eurotunnel deluge with migrant . one dead a ' thousand storm ' tunnel,1
3237,deluge,,business be deluge with invoice . make yours stand oup with color or shame and It be likely to rise to the top of the pay ' pile .,0
3239,deluge,,business be deluge with invoices . make yours stand out with color or shape and it'sllikely to rise to the top of the pay ' pile .,0
3240,deluge,,business be deluge with invoice . make yours stand out with color or shape and It be likely to rise to the top of t e pay ' pile,1
3241,deluge,,accionempresa the u.s. department of commerce have be deluge the last two month with com ... gerenciatodos,0
3242,deluge,newcastle,do you feel deluge by low self-image ? take the quiz,0
3243,deluge,,business be deluge with invoice . make yours stand ogt with color or shape and It be likely to rise to the top of the pay ' pile .,0
3244,deluge,,business aredeluged with invoice . make y ur stand out with color or shape and It be likely to rise to the top of the pay ' pile .,0
3245,deluge,"los angels , ca",valdes1978 forgive me if i be a bit testy . have be deluge with hatred amp have lose patience .,0
3248,deluge,pakistan,news alert - glimpse hyderabad deluge by heavy rainfall,1
3249,deluge,balvanera,' afterwards i have to be alone for an hour to savor and prolong the almost physical intensity of the feeling that deluge me ' . y segue,0
3252,deluge,aro diaspora,they have come back ! gtgt fly ant day capital deluge by annual swarm of winged insect,1
3253,demolish,washington d.c .,rand paul 's debate strategy ' demolish some other bad idea out there or point out maybe that there be some em ...,1
3255,demolish,"nigeria , worldwide",enugu government to demolish illegal structure at international conference center,0
3256,demolish,"t 0.0,0.0",enugu government to demolish illegal structure at international conference center enugu state government app ...,0
3259,demolish,eastbourne england,done silver architect have win permission to demolish birmingham 's natwest tower and replace it with what will be city tall building .,0
3260,demolish,state of dream,just u four can demolish this ? createdunique23 kerenserpa arianareed11,0
3262,demolish,,enugu state government appear set to recover some portion of the enugu international conference ce ... badotweet,0
3263,demolish,,kirkman after listen to you demolish barthubbuch on week i can not wait to bait my patriot hater coworker into a brady discussion,0
3264,demolish,,ugh so hungry I be go to demolish this food !,0
3265,demolish,,demolish-deep space etoffe charmeuse clothesless precisionistic vestment psfda,0
3266,demolish,weka building,enugu government to demolish illegal structure at international conference center,0
3270,demolish,"port harcourt , nigeria",enugu government to demolish illegal structure at international conference center,1
3274,demolish,fruit bowl,xgninfinity ronincarbon hamah mutual host preset bal no names radar on demolish,0
3275,demolish,south africa,yea so I be gon na demolish all those boundary that i seem to have ' unconsciously ' set for myself with negative thought !,0
3276,demolish,hooter on peachtree,nothing you midget i will demolish you show some respect,0
3277,demolish,"otsego , mi",set some goal . then demolish them ? fitness inspiration,0
3278,demolish,,set goal amp demolish them all ! ?,0
3280,demolish,mad a hell,retweet abbswinston zionist terrorist demolish 18 palestinian structure in jordan valley,1
3281,demolish,"atl , ga",mariomaraczi I be watch it right now . he freak out after the 1st . first fight where he do not demolish the guy,0
3282,demolish,"uyo , aka ibm state , nigeria",think aka ibm ! don't come to urban and demolish building again ex-assembly member warns dom emmanuel,0
3283,demolish,us-east-1a,read this already in ' 14 but it be and remain one of my favorite article ever . ? ' let like demolish laundry ' ?,0
3284,demolish,london,imagine have kp and root ... we would demolish everyone,0
3285,demolish,rhodeisland,absurdly ridiculous men fashion to demolish you manhood .,0
3286,demolish,"london , uk",the far right racist avigdorliberman call for destruction of susiya ! previously he also call for beheading !,1
3287,demolish,london,i could demolish this right now !,0
3288,demolish,"papa , ca",postal service agree to sell not demolish downtown building,0
3289,demolish,"lagos , nigeria",news update enugu government to demolish illegal structure at international conference center via daily post,0
3292,demolish,,i have complete the quest ' demolish 5 murlo ... ' in the android game the tribe . androidgames gameinsight,0
3295,demolish,kolkata,jollyjinu you say they be terrorist because of bari so be it ok ? if you demolish my house todayhave i right to take revenge ?,0
3296,demolish,"golborne , north west england .",think I will become a businessman a demolish a community center and build condo on it but foil by a troupe of multiracial breakdancers .,0
3297,demolish,earth,just have my first counter on a league game against another brianna i happen to demolish her xd . i totally appreciate people that play her,0
3299,demolish,nyhc,if you think go to demolish drake 's house over some ghostwrite shit you should know that rihanna life next door .,1
3300,demolish,sweden,i add a video to a youtube playlist dan and rain demolish a giant gummy bear - grumpout,0
3301,demolish,arbailo,nah but seriously before you demolish ur partner 's face ampstart dribble up their nostril stop ampask ourself whether it really worth the embarrassment,0
3302,demolish,bagalkote karnataka,charminar demolish if it in fall state anyway take engineer opinion telangana,0
3303,demolish,shrewsbury,beastin tape this evening with some good folk ! funtimes demolish,0
3304,demolish,nj,tribe demolish that ball ?,0
3308,demolish,"terry hate , in",i buy a 64oz jar of peanut butter and It be just get demolish,0
3309,demolish,"nh via boston , ma",. .colts get demolish by patriot like 500-7 and whine to nfl about ' integrity ' cantmakeitup patriotsnation,0
3311,demolish,canada,flunkie if it make you feel any good I be level 32 and still get demolish .,0
3312,demolish,"glasgow , scotland",angusmacneilsnp every case for yes have be utterly demolish utterly . if i be you id be embarrass to bring up indy ever again .,0
3317,demolish,queen .,stiiilo i still get video of you demolish,0
3318,demolish,,get my first gamer troll i just demolish a kid from philly with toronto on mlb and he be upset backtoback chargedup ?,1
3319,demolish,,why be church medium and media420 silent when papicongress have demolish the house of a journo in uk pragnik,1
3320,demolish,atl ?,man cam just demolish his plate . his as be hungry,0
3322,demolish,?,it be finally demolish in the spring of 2013 and the property have sit vacant since . the just saddlebrooke ...,0
3323,demolish,beautiful british columbia,they absolutely demolish the sounder from start to finish,0
3324,demolish,,laugh out loud meerkat be fuck . they will get demolish by periscope and facebook live streaming .,0
3328,demolish,,just demolish a snowball ?,0
3329,demolish,newcastle,it be finally demolish in the spring of 2013 and the property have sit vacant since . the just saddlebrooke ...,0
3334,demolish,chicago,splottdave teampalestina that be about 28700 palestinian home demolish now by israel since 1967 with 0 israeli home demolish pots,1
3335,demolish,,take this china get demolish and send back to the fuck stone age,0
3336,demolish,"dublin , ireland",home2 suite office be come to salve 's bistro site the former salve 's bistro will soon be demolish to make,0
3337,demolish,usa,bbsnews late 4 palestine amp israel - six palestinian kidnap in west bank hebron home demolished,1
3338,demolish,,david5fernandez theblaze trump will get absolutely demolish in a general election .,0
3339,demolish,?,it be finally demolish in the spring of 2013 and the property have sit vacant since . the just saddlebrooke ...,0
3340,demolish,birmingham uk,stallion150 kbeastx they totally demolish genisys which be a beautiful film and almost 90 of the people agree,1
3341,demolish,"bedford , oregon",' dangerous ' property in downtown phoenix demolish,0
3342,demolish,"catalonia , spain",demolish my personal best,0
3345,demolish,kilkenny,5000 year old ring fort to be demolish,0
3346,demolish,,jackmulholland1 i think also become the marquis ! then carlos amp charlie 's and finally dublin 's . sadly demolish .,0
3347,demolish,,a demolished palestinian village come back to life,1
3351,demolish,"paterson , new jersey",three home demolish in unrecognized arab village - international middle east medium center,1
3355,demolition,usa,epa begin demolition of home in toxic area buffalo -,1
3356,demolition,,davidvonderhaar if you love me even a little you put demolition in bo3,0
3357,demolition,"lisbon , portugal",draw day demolition daily football selection service that consistently make money lay yo,0
3359,demolition,ma,demolition 1 amp 2 still the most fire freestyle ever,0
3361,demolition,"halifax , nouvelle-cosse",maxsys be hire a demolition worker apply now ! halifax job,0
3362,demolition,,this sale and demolition trend near metrotown be sure result in some poorly maintain apartment . burnaby changefortheworse,0
3363,demolition,,factor to consider when hire a demolition company noxdv,0
3364,demolition,"murray hill , new jersey",remain section of greystone psychiatric hospital under demolition pic . 85885473,0
3365,demolition,aggressive cannoli eater,witnessed my very first demolition derby today psa that my excitement have not wear down and It be be over 3 hour,0
3367,demolition,chicago,save the city in old town the propose demolition of 159 west burton messnermatthew for newcity,1
3368,demolition,,no civilian population ever deserve demolition may we never forget amp learn from our mistake hiroshima,1
3369,demolition,,download amp watch demolition frog 2002 movie,1
3370,demolition,11202,demolition mean progress flint michigan and the fate of the american metropolis highsmith,1
3372,demolition,?,demolition company der abbruchsimulator,0
3373,demolition,,general news ' demolition of house on waterway begin at achimota mile 7 ' via 233liveonline . full story at,0
3376,demolition,"san francisco , ca",belmont 's ' onion house ' purchase after plan for demolition,1
3377,demolition,,czallstarwes more like demolition derby ?,0
3379,demolition,,israel continue it demolition of palestinian home gop pots irandeal isi,1
3380,demolition,,demolition best grill you fkn pleb,0
3381,demolition,"atlantic , ia",last chance to work at the old ffa foodstand at the fairground . we be finish demolition at 9am . any help would be appreciate,0
3383,demolition,,think about get a demo car with a friend and join the demolition derby in kenosha,0
3387,demolition,,general news ' demolition of house on waterway begin at achimota mile 7 ' via 233liveonline . full story at,0
3388,demolition,"new york , usa",mentalhealthgov like ahhhhh fix the alec make state med tort and work come law lead to the injustice in our mh,0
3389,demolition,"t 36.142163 , -95.979189",samajp32 really need to tone it down some in the weight room . retweet soonersportstv demolition count,0
3390,demolition,arthas u,do giveaway music kit drew death 's head demolition,0
3391,demolition,"funtua , nigeria",kaduna begin demolition of building on govt school land,1
3393,demolition,everywhere,don't think they will paint the lab building cause they have be plan for demolition ... since forever .,0
3394,demolition,us-pr,treyarch davidvonderhaar bring back demolition and head quarter .,0
3395,demolition,"washington , dc",china detains seven christian try to protect their church 's cross from demolition,0
3396,demolition,"buffalo , ny",' up ' house save from demolition - will be move to orcas island washington .,0
3397,demolition,"california , usa",seven chinese christian be detain amid widespread anger over cross demolition,1
3398,demolition,,7 christian detain in zhejiang amid widespread anger over cross removal over 1200 cross remove since last yr,0
3400,demolition,san jose,san jose demolition of willow glen trestle put off while legal battle continue,0
3401,demolition,,canberra 's first mister fluffy home demolition schedule release,0
3402,demolition,"t 40.736324 , -73.990062",shame how they took'em from be an intriguing dominant force to a job c-list demolition,0
3403,derail,road to the billionaire club,shantaeskyy gm ! i pray any attack of the enemy 2 derail ur destiny be block by the lord amp that he flood ur life heavenly blessing,0
3404,derail,"washington , d.c .",here what cause a metro train to derail in downtown d.c .,1
3405,derail,"washington , dc 20009",do not let wmata metro derail your day ! get a text every morn when you wake up with the best route to work sm,0
3406,derail,road to the billionaire club,modelbubbles gm ! i pray any attack of the enemy 2 derail ur destiny be block by the lord amp that he flood ur life heavenly blessing,0
3408,derail,,emiiliexirwin totally agree.she be 23 and know what birth control is.i be not say it be true . want to derail their plan of blame fan .,0
3410,derail,"los angels , ca",bv bloomberg will publish anything negative to try and derail public support in favor of the irandeal .,0
3411,derail,,such activity of govt can not derail u from our aim amp we still remain peaceful and unite for freesikhpoliticalprisnors amp bapusuratsingh,0
3412,derail,,british broadcasting corporation news - india rail crash train derail in madhya pradesh flash flood,1
3413,derail,"washington , krasnodar russia",dr. gridlock heres what may have cause a metro train to derail in downtown d.c. washingtonpost,1
3414,derail,road to the billionaire club,temecafreeman gm ! i pray any attack of the enemy 2 derail ur destiny be block by the lord amp that he flood ur life heavenly blessing,1
3415,derail,nairobi-kenya,24 kill in two simultaneous rail crash a acute flood derail the two train india mumbai ...,1
3417,derail,at my home,british broadcasting corporation news - india rail crash train derail in madhya pradesh flash flood,1
3418,derail,district of gentrification dc,this be how we know alllivesmatter people be incredibly racist and only care to derail necessary conversation,0
3419,derail,,will foxnews continue to derail the iran nuclear deal during tonight 's gopdebate oh yeah .,1
3421,derail,road to the billionaire club,thejenmorillo gm ! i pray any attack of the enemy 2 derail ur destiny be block by the lord amp that he flood ur life heavenly blessing,0
3423,derail,usa,lake dallas crash cause train to derail,1
3425,derail,road to the billionaire club,gloriavelez gm ! i pray any attack of the enemy 2 derail ur destiny be block by the lord amp that he flood ur life heavenly blessing,0
3428,derail,london,do not let the tubestrike derail your mood and join u at the disco bar for drink after work ! coma london,0
3429,derail,"washington , d.c .",how do you derail a train at ... smithsonian ?,1
3430,derail,u.s.a,wsjthinktank ahead of tonight 's gopdebate colleenmnelson explain how a bad debate can derail a campaign,0
3431,derail,,british broadcasting corporation news - india rail crash train derail in madhya pradesh flash flood,1
3432,derail,nairobi,25 kill a kamayani express janata express derail in madhya pradesh ex gratin announce,1
3433,derail,madeinnorthumberland,various issue fail to derail home bid,0
3435,derail,"london , england",buyout giant bid to derail 6bn worldpay ipo skynews,0
3436,derail,,dozen dead a two train derail over river in india,1
3437,derail,nairobi-kenya,24 kill in two simultaneous rail crash a acute flood derail the two train india mumbai ...,1
3439,derail,,india flood derail two train kill 21 people,1
3440,derail,"jamshedpur , jharkhand",' congress ' should be rename italian goonda party . they be a motley crowd of hooligan and selfavowed crook determine to derail democracy,0
3445,derail,road to the billionaire club,mzmandilynn gm ! i pray any attack of the enemy 2 derail ur destiny be block by the lord amp that he flood ur life heavenly blessing,0
3446,derail,,dozen die a two train derail into a river in india,1
3447,derail,eritrean,im tire of all these alllivesmatter people . they only say this to derail blacklivesmatter they don't do anything for ' all life ' laugh my fuck as off,0
3448,derail,"los angels , ca",gop establishment be work overtime to derail donzilla ... realdonaldtrump trump2016,0
3450,derail,"dayton , oh",realdonaldtrump rushlimbaugh it proof democrat be afraid of trump clinton be try to derail trump w the meddling,0
3451,derail,"washington , dc",here be what may have cause a metro train to derail in downtown d.c .,1
3452,derail,"dorset , united kingdom",sound judgement by mpc - premature rise could derail recovery business,1
3455,derail,a small federal enclave,ohmygoshi unsuckdcmetro at this point i expect to hear report about a metrobus be derail .,1
3459,derail,"washington , dc",happy no one be hurt when wmata train derail . also the express bus be so much good than metro rail fox5newsdc,1
3460,derail,"pune , mostly",adan amp mode plan for mine derailed ! australia court block huge india-backed coal mine via yahoonews,0
3462,derail,"washington , dc",dc medium tip for get update on the derail wmata train today - ask them about movie night and quickly change the subject !,1
3463,derail,,jozerphine literally just look that up ! yeah derail at smithsonian so everything be shut down from federal center sw to mcpherson,1
3464,derail,"kara , nigeria",of what use exactly be the national assembly ? honestly they be worthless . we be derail .,0
3465,derail,the desert of the real,trustymclusty no passenger be on the derailed train . but the who morning commute be fucked . go home .,1
3466,derail,lee london,the crocodile tear do not wash with me she be more upset that the gravy train have be derail kidscompany,1
3468,derail,"anchorage , ak",epicinsanity it get derailed outside grimrail depot ...,1
3469,derail,"washington , dc",update no-passenger metro train derails cause terrible delay this morning a derail train be cause a hell,1
3470,derail,usa,story note there be no passenger on board when the train derail this morning .,1
3471,derail,"chicago , il",new illustration for the l.a. time illustration subway,0
3472,derail,,It be so freeing to name a new .doc ' newidea ' and then get back to write out have derail yourself think of a title . or twitter .,0
3473,derail,"dc , frequently nycsan diego",whoa a wmata train derail at smithsonian ?,1
3474,derail,"washington , dc",metro act chief jack requa say train that derail be a six-car train with 1000 and 2000 series rail car . wmata,1
3475,derail,"enterprise , alabama",have identitytheft derail your taxreturn ? 8 step for clean up an identitytheft train wreck . cri,0
3476,derail,"washington , dc",metro still do not know when blue amp orange line will reopen . empty passenger car derail 5 a.m. not a new 7000-series . cqnow wmata,1
3477,derail,u,breakfast link work from home derail an empty train derail at smithsonian this morning suspend ser ...,1
3478,derail,?,on the eve of jon stewart leave the daily show wmata have honor him by let another train get derail and cripple the service .,1
3480,derail,"washington dc nantes , france",go to starts It be only 70 degree part of the metro derail It be a beautiful morning in washington d.c .,1
3481,derail,,oh wait i expect to go a totally different route in l that be derail by another barely pass grade in a required course . super .,0
3482,derail,"washington , dc charlotte , nc",adamtuss and be the car that derail a 5000 series by chance . they use to have issue with wheel climb re 12007 mt . vern square derailment,1
3483,derail,"kalamazoo , michigan",three episode leave the end be nigh,0
3484,derail,dc,so a train derail and instead of me get to work early like i would have I be now late a fuck,1
3485,derail,sec country,bobbyofhomewood joxroundtable a in drop the no-sports show ? i do not think si top25 would have derail that .,0
3486,derail,,relief train carry survivor of the derailed santa express reach mumbai via firstpostin,1
3487,derail,,how many train derail that wmata have to shut down orangeblue in most of dc ? the avenger make less of a mess unsuckdcmetro,1
3489,derail,l'enfant plaza metro station,1 of those day when ya do not realize till already in transit that a train derail at the metro st closest to work ?,1
3490,derail,,joelsherman1 dw be on his way to a good career than chipper and that be not derail until 2014. shame .,0
3492,derail,"durban , south africa",fun with my girl ! joe cool - durban main page,0
3493,derail,united kingdom,tubestrike derail you ? our robertwelch cutlery offer will get you back on track,0
3494,derail,"alexandria , va",.unsuckdcmetro be the train half-derailed or half-railed ? deepthoughts,1
3495,derail,new york city,sad that biker beatdown derail his pro-democracy work a nypdnews undercover,1
3497,derail,,itsqueenbaby I be at work It be a bunch of people and bus because the train derail,1
3498,derail,texas-usa ?,cnn news august 5 2015 two train derail amid flood ... video for india august flooding 2015 video youtube ? ...,1
3499,derail,toronto,so derailedbenchmark be cool for path . i wonder if i can run it to find leak in job give to rescue too ?,0
3500,derail,"arlington , va and dc",gerryconnolly repdonbeyer timkaine today 's metro commute debacle derailed non-passenger train show clearly we need a rail mgr ceo !,1
3501,derail,head to the top,ohyayyyyay the train derail this morning,1
3503,derailment,mumbai india,madhya pradesh train derailment village youth save many life,1
3504,derailment,"chicago , il",service on the green line have resume after an early derailment near garfield with residual delay .,1
3505,derailment,india,madhya pradesh train derailment village youth save many life,1
3506,derailment,,death on railway track why rain can not take all the blame ? derailment be not very common . last year less th ...,1
3508,derailment,,news madhya pradesh train derailment village youth save many life tilnow ndtv,1
3509,derailment,mumbai,mp train derailment it the freaky of freak accident mp train derailment it the freakiest of ...,1
3510,derailment,coimbatore,teamfollowback madhya pradesh train derailment village youth save many life followback,1
3512,derailment,,modiministry madhya pradesh train derailment village youth save many life,1
3513,derailment,"chicago , il 60607",still and box alarm for the train derailment at 61st and calumet strike out on the order of 2-1-21. chicagoscanner,1
3514,derailment,"palm alto , california",consent order on cleanup underway at csx derailment site - knoxville news sentinel,1
3517,derailment,,madhya pradesh train derailment village youth save many life,1
3518,derailment,,madhya pradesh train derailment village youth save many live a group of villager save over 70 passenger ' life after two train ...,1
3519,derailment,,mp train derailment village youth save many life indiatv,1
3520,derailment,,madhya pradesh train derailment village youth save many live a group of villager save over 70 passenger ' life after two train ...,1
3521,derailment,,greateranglia i know the cow incident not yr fault by how where they on the line could of cause a derailment,1
3522,derailment,india,madhya pradesh train derailment village youth save many life,1
3523,derailment,chicagoland,chicago fd still amp box alarmems plan i 61st amp calumet for the el train derailment cinstg,1
3524,derailment,,madhya pradesh train derailment village youth save many live a group of villager save over 70 passenger ' life after two train ...,1
3525,derailment,uk,raishimi33 well i think that sound like a fine plan where little derailment be possible so i applaud you,1
3526,derailment,india,railway minister prabhu call mp derailment a natural calamity,1
3527,derailment,mumbai,late train derailment ' it 's the freakiest of freak accident ' - the indian express the indie ... indianness,1
3528,derailment,los angels,alvinnelson07 a train be not make to withstand collision ! immediate derailment . It be totally fucked .,1
3529,derailment,,? ? ? ? train derailment ' it 's the freakiest of freak accident ' - the indian express,1
3530,derailment,new delhi,surest prabhu call hard derailment a natural calamity official feel warn sign ignore prabhu may rear ...,1
3531,derailment,india,25 kill 50 injure in madhya pradesh twin train derailment,1
3532,derailment,mumbai,mumbai24x7 help hand in mumbai 2 ties take charge of helpline to calm anxious relative - the ind ... mumbai,1
3533,derailment,india,train derailment ' it 's the freakiest of freak accident ' - the indian express news topstories,1
3534,derailment,mumbai,late train derailment ' it 's the freakiest of freak accident ' - the indian express the indie ... indianness,1
3535,derailment,,25 kill 50 injure in madhya pradesh twin train derailment,1
3536,derailment,india,train derailment ' it 's the freakiest of freak accident ' - the indian express,1
3537,derailment,"chicago , il",photo green line derailment near cottage grove and garfield,1
3540,derailment,,modiministry railway minister prabhu call mp derailment a natural calamity,1
3542,derailment,"minneapolis , mn , u",train derailment in patna no news of any casualty so far - the indian express,1
3543,derailment,chicago,after the green line derailment my concern for track that look like this go up a bit ... cta ctafails,1
3544,derailment,,very sad to learn of the derailment of 2 train in mp.my deepest condolence to the family who lose loved one in this mishap officeofrg,1
3548,derailment,"chicago , il",scene of the derailment ... cta green line at 63rdprairie,1
3549,derailment,"palm alto , california",consent order on cleanup underway at csx derailment site - knoxville news sentinel,1
3550,derailment,india,help hand in mumbai 2 ties take charge of helpline to calm anxious relative - the indian exp ... mumbaitimes,1
3552,derailment,,madhya pradesh train derailment village youth save many life,1
3554,desolate,,thanks a lot roadworks men cos a tube strike be not disruptive enough so have to walk the desolate route from tottenham to ...,1
3555,desolate,united kingdom,' what we perceive burn faintly like a sputter candle before the vast desolate glacier of eternity ' -sister gyrsi,0
3557,desolate,new york city area,retweet danielkemp6 liken to the 39 step and the good shepherd by the film producer the desolate garden on all here,0
3560,desolate,,me watch law amp order ib sauldale305 vine by naturalexample,1
3565,desolate,,the once desolate valley be transform into a thriving hub of hitch business .,0
3566,desolate,"philadelphia , pa",onthisday in 1620 the mayflower set sail for the new world . read laphamsquart,0
3567,desolate,,if the take movie take place in india 2 vine by jusreign,0
3568,desolate,"chicago , illinois",i understand why broke people be mad or always hav an attitude now this sht be not no fun i will not be desolate for long,0
3569,desolate,"t 33.209923 , -87.545328",if this atl to san fran flight go down in a desolate square state It be be real twitter .,0
3570,desolate,"lati , finland",a new favorite desolate 2 by r3do on soundcloud,0
3572,desolate,here there and everywhere,i totally agree . they rape kill destroy and leave land desolate . action need to happen before the swarm swell .,1
3573,desolate,,daniel 1211 and from the time that the daily sacrifice shall be take away and the abomination that maketh desolate set up,0
3575,desolate,the insane asylum .,corleonedaboss there be not anything there it desolate bc of it nature . the significance be that we be the first country to do it,0
3578,desolate,,unexercised honda rundown neighborhood desolate psid,1
3581,desolate,oakland,mallelis have you get to the post-battle we are-on-a-desolate-planet below-the-mason-dixon-line style electro violin play yet ?,0
3582,desolate,macclesfield,binellithresa ty for the follow go to brutally abuseddesolateamplost her lovely mum dy ... be it murder ?,1
3583,desolate,"michigan , usa",psalm3422 the lord redeemeth the soul of his servant and none of them that trust in him shall be desolate .,0
3584,desolate,boulder,joshacagan your only option now be to move to an desolate island with nothing but a stack of dvd you cant watch .,0
3585,desolate,,egg desolate,0
3587,desolate,temporary tower,fotofill it look so desolate . end of the world stuff . gorgeous .,0
3588,desolate,,psalm 3422 the lord redeemeth the soul of his servant and none of them that trust in him shall be desolate .,0
3589,desolate,macclesfield,booksbyroger ty for the follow go to brutally abuseddesolateamplost her lovely mum dy ... be it murder ?,0
3591,desolate,"pueblo , co",billroose that look so desolate and just ... depress,1
3592,desolate,,august 5 1620 one hundred-odd pilgrim from england and holland set sail for the new world . they be unimpressed .,0
3593,desolate,,the desolate hope part 2 mired via youtube,0
3594,desolate,,the abomination that maketh desolate the antichrist desecrate the jerusalem temple - dan 927 matt 241,0
3595,desolate,the insane asylum .,corleonedaboss bc it risky and costly i do not see a need to do that when there be not anything there . It be totally desolate .,1
3596,desolate,manchester,why be you feel desolate ? take the quiz,0
3597,desolate,,i like a youtube video spiro 3 texture hack - ' desolate garden ' in-game,0
3598,desolation,"stockholm , sweden",? this weekend stockholm sweden - aug 8 at copperfield,1
3602,desolation,"birmingham , uk",the date for the release of ep03 desolation be set . stay tune for more info while we finalize the schedule . alt electro rock comingsoon,1
3603,desolation,"houston , texas !",photoset littlebitofbass silinski ed sheeran on'the hobbit the desolation of smug ' german premiere ...,0
3604,desolation,new york,the hobbit desolation of smug thranduil 4 ' scale action figure loose mirkwood - full read,0
3607,desolation,"north east , england",just come back from camp and return with a new song which get record tomorrow . can not wait ! desolation theconspiracytheory newer,1
3608,desolation,marveldragon agewicdiv,i decide to take a break from my emotional destruction to watch tangled then watch desolation of smug,0
3609,desolation,nbo,i rat the hobbit the desolation of smug 2013 710 imdb,0
3610,desolation,lagos nigeria,isar 601 psm 1388 every conspiracy against my lifting be scatter unto desolation in the name o f jesus .,0
3611,desolation,,retweet freediscountbks desolation run free till 87 ! military thriller suspense kindle amreading,0
3613,desolation,,retweet kurtkamka beautiful desolation . just me a couple of coyote some lizard and the morning sun . phoenix ariz,1
3617,desolation,st. louis mo .,wow ! i just win this for free the hobbit desolation of smug uv digital download code gin 9 listia,0
3618,desolation,"birdland , new meridian , fd",watch ' the desolation of smug ' in spanish be a hell of a drug,0
3619,desolation,arizona,do josephus get it wrong about antiochus epiphanies and the abomination of desolation ? read more,0
3621,desolation,"monterrey , mexico",fear and panic in the air i want to be free from desolation and despair !,0
3623,desolation,,free kindle book - aug 3-7 - thriller - desolation run by jamessnyder22,0
3625,desolation,info,go to redo my nail and watch behind the scene of desolation of smug ayyy,1
3626,desolation,on twitter,yeah 157 lamb of god - rock be ring 2015 - introdesolation hd via youtube,0
3627,desolation,"2b hindhede rd , singapore",in time of desolation and trouble daniel 's persistent prayer and fasting bring forth heavenly power and god i,0
3628,desolation,"austin , tx",nikostar you all have lake in ohio ? i think all you all have be abject desolation and subway restaurant .,0
3629,desolation,"kalimantan timur , indonesia",' cause right now i can read too good do not send me no letter no . not unless you be gon na mail them from desolation row,0
3631,desolation,prehistoric earth,i really like the first hobbit movie . i saw it three time in theatre . but i saw desolation of smug and come out with the same feeling,0
3632,desolation,san gabriel la union,be not afraid of sudden fear neither of the desolation of the wicked when it comet . for the lord shall be thy ...,0
3633,desolation,?,the hobbit the desolation of smug - ed sheeran ' i see fire ' hd,0
3634,desolation,"manila , philippine",beautiful desolation . just me a couple of coyote some lizard and the morning sun . phoenix arizona,0
3635,desolation,middle earth asgard berk,fotoset elanorofrohan 10th december 2013 green carpet in zürich for the swiss premiere of the desolation ...,1
3636,desolation,subconscious la,emotional desolation the effect of alcoholismaddiction on family - forgiving be hard,0
3637,desolation,,hey girl you must be toe hobbit part two ghe desolation of smug because I be not interested in see you . sorry .,0
3638,desolation,,escape the heat and the orshow for a trail run on desolation loop you will be glad you do,0
3639,desolation,singapore,kaiseiw and then there be people like me where my whole people be name desolation,0
3640,desolation,"quilmes , arg",this desperation dislocation separation condemnation revelation in temptation isolation desolation let it go and so to find away,1
3641,desolation,,4 the hobbit the desolation of smug bilingual,0
3642,desolation,"richmond , va",winter desolation of death be also on tumble al negro 's review interview amp more !,0
3643,desolation,istanbul,np agalloch - the desolation song,0
3645,desolation,romania,imagine noi si 2 clipuri the hobbit the desolation of smug - ... clipt desolationofsmaug pose thehobbit,0
3646,desolation,chile,fear and panic in the air i want to be free from desolation and despair and i feel like everything i sow ?,0
3647,desolation,? ? .,my chemical romance desolation row np,0
3648,destroy,new york city,putin 's plan to destroy western food en mass be cause a huge public backlash,0
3650,destroy,"virginia , usa",destroy the free fandom honestly,1
3652,destroy,"san diego , ca",plot in the future totalitarian government employ a force know a fireman to seek out and destroy all literature,0
3653,destroy,johannesburg,tell him rebate 's go to destroy himself zenandemcfen ndzedze ashes2ashes,0
3655,destroy,japan,gina think he can defeat me ? not with my l-drago destroy he can not !,0
3656,destroy,honduras,black ops 3 search and destroy gameplay ! hunt snd competitive multilayer via youtube,0
3657,destroy,"washington , dc",if gop want to destroy america then obama be dilutional i should be institutionalize or sue for slander .,0
3658,destroy,"alvin , tx",if shantae do not get in smash i will destroy my wii u. shantaeforsmash shantae shantaehalfgeniehero nintendo,0
3659,destroy,,ng2x5 mhtw4fnet watch michael jordan absolutely destroy this meme-baiting camper - foxsportscom,0
3660,destroy,"wilbraham , ma",just make anthony bed consider i destroy it everytime i fall asleep . shake my head ?,1
3661,destroy,,raidersreporter 957thegame together we can destroy the emperor and rule the galaxy father and son !,0
3662,destroy,"jerseyville , il",dem flatliners who destroy creativity-balance-longevity amp truth stand with lucifer in all his flame of destruction,1
3663,destroy,new york city,watch these super strong magnet destroy everyday object,1
3664,destroy,,beyonce nicolekidman oprah these money grub kike need to get a clue have no money but i can still destroy with telekinesis . watch .,1
3666,destroy,uk,yiayplan use my awesome collection of amiibos to destroy all in my path .,0
3667,destroy,,get 150 free bet when you register at boylesports casino luck destroy,0
3669,destroy,"the citadel , oldtown , westerns",petchary but i can not say that either of u should be displease . u.s move up five spot jamaica 21 ! congrats to the reggaeboyz,0
3670,destroy,,cameronciletti tigersjostun i can destroy you,0
3674,destroy,trackside california,wow crackdown 3 use multiple server in multilayer ? ! ? ! you can destroy whole building ? ! ? ! cop,0
3675,destroy,,get a 50 eur free bet at win to use on all sport market destroy free,0
3676,destroy,,sarniamakchris hromadske kasiadear33 how silly that one of only two country that can destroy the world have a say about world security,1
3679,destroy,new england,56 will destroy reg c competitiveness . the entire region will b over-saturated . yes brockton get 12m and reg commonwealth ppc and,1
3680,destroy,,do not let others bring you down no matter how hard they try . beconfident do not let others destroy you with your weakness !,0
3681,destroy,,let u destroy twitter with fouseytube zaynmalik come on brbrs let do it in morning with mousey,0
3682,destroy,,me and all my friend could destroy this in 2hours laugh my as off,0
3683,destroy,florida,industry trina destroy meekmill cause he expose they cash cow ...,0
3684,destroy,,sj gist 148 house farm produce destroy ... streetjamzdotnet,1
3685,destroy,hehim or sheer ask,destroy the house,0
3686,destroy,some pum pum,twitter be just here to destroy your childhood,0
3689,destroy,"paulton , england",msmigot wow what convince amp compel evidence to change my view that be . climate change denier i tend to destroy by give ... evidence,0
3690,destroy,norway,politics preschool attitude russia order to destroy all food come from country it do not like . - there be no hunger in the world ?,1
3691,destroy,,save your rich in heaven where they will never decrease because no thief can get them and no moth can destroy them . ?,0
3692,destroy,thailand,sapphirescallop destroy poppa image ? oops ! there be nothing leave right ? haaaaaa,0
3694,destroy,sea server,dazzle destroy the fun ?,0
3695,destroy,pretoria,a i catch the last few minute . finally monwabisi get shot lol . hlongwane be ryt . the twin r gon na destroy each other ashestoashes,0
3696,destroy,,engineermatarai ate mataas kc rating ... but they do not think on do like this they destroy the story along with the rating,0
3697,destroy,nigeria,elgeotaofeeq that be not my take from his piece . not put that ambition in check will destroy the change we vote for the change we seek,0
3700,destroyed,,justicemalala nkeajresq ikea destroyed life in gambia a a mercenary judge .,0
3702,destroyed,todaysbigstock.com,medium stock be get destroy dis fox cmcsa sni amcx via via twx,0
3704,destroyed,usa,black eye 9 a space battle occur at star o784 involve 3 fleet total 3941 ship with 13 destroyed,0
3705,destroyed,,hero you can 't swim lonely guy help me my solution be not yours lifeguard i hat kill people how destroy it,0
3708,destroyed,,alanhahn hdumpty39 daughter would get destroy on twitter . his comment be emotionally driven rant with little factual basis,0
3710,destroyed,,emotionally i be destroy,0
3712,destroyed,,reddevil4life manutd destroy ! ?,0
3713,destroyed,bueno are argentina,people do not want to hear the truth because they do not want their illusion destroy . fn .,0
3715,destroyed,everydaynigeriangmail.com,everydaynaija flood two people dead 60 house destroy in kaduna,1
3717,destroyed,"surulere lagos , home of swag",flood two people dead 60 house destroy in kaduna two people have be reportedly kill and 60 house ut ...,1
3718,destroyed,usa,black eye 9 a space battle occur at star o784 involve 2 fleet total 3967 ship with 39 destroyed,0
3719,destroyed,usa,black eye 9 a space battle occur at star o784 involve 3 fleet total 3942 ship with 14 destroyed,0
3721,destroyed,,russian custom destroy a total of 319 ton of food today phew ! some italian meat be burn in an incinerator in pulkovo airport .,0
3722,destroyed,usa,black eye 9 a space battle occur at star o784 involve 2 fleet total 3942 ship with 13 destroyed,0
3723,destroyed,"montreal , quebec",the grenade sound effect on ' impossible ' just destroy about 10 other hoe career ?,0
3724,destroyed,montreal,freemurphy your hot take on canada 's hitchhike garbage-bot destroy in philly be sorely need .,1
3725,destroyed,"t 6.4682,3.18287",flood two people dead 60 house destroy in kaduna two people have be reportedly kill an ... semasirtalks,1
3726,destroyed,live4heed ?,the way he do me destroy me ...,0
3727,destroyed,"waco , texas",i always felt like the namekians be black people and felt play when they die and the planet get destroy ?,0
3729,destroyed,"north port , fl",ryanoss123 no worry You would have to be on every hitter most pitcher get destroyed,0
3730,destroyed,"bod , norge",a person who blow himself up to kill others have no life in heaven because his ethereal body get destroy by do it .,0
3735,destroyed,"boise , idaho",70 year after bomb destroy hiroshimabbc look at wht survive cnv watch peace vigil,1
3736,destroyed,in my studio,flood two people dead 60 house destroy in kaduna two people have be reportedly kill and 60 house ut ...,1
3737,destroyed,,davidvitter hi david in 2003 i saw the usa walk into a war that destroy the life of million . you can prevent a repeat . irandeal,1
3738,destroyed,usa,black eye 9 a space battle occur at star o784 involve 3 fleet total 3945 ship with 17 destroyed,0
3739,destroyed,queen new york,i like a youtube video from zaire2005 specialguest crapgamer recap microsoft destroy sony at gamescom,0
3741,destroyed,,hotteennsfwpornmilf oil up as hole be destroy with king size cock closeup sex clip,0
3742,destroyed,usa,black eye 9 a space battle occur at star o784 involve 2 fleet total 3934 ship with 7 destroyed,0
3743,destroyed,"illinois , usa",why do it say silas slice in that headlinelike someone chop him up like a piece of cabbage ? gh,0
3744,destroyed,"cutback , orissa",harbhajansingh stuartbroad8 i cant believe ... be this d same stuart broad who be destroy by our yuri ... ?,0
3745,destroyed,,ford truck start up and drive off after be destroy by tornado !,1
3747,destroyed,usa,black eye 9 a space battle occur at star o784 involve 2 fleet total 3939 ship with 11 destroyed,0
3748,destruction,patra-greece .,new run report from the frontline of human right abuse and forest destruction for fashion .,1
3750,destruction,all around the world,how can we help save a beautiful town in ontario from destruction by a power plant developer ?,0
3752,destruction,,crackdown 3 destruction restrict to multilayer crackdown 3 impressed earlier this week with a demonstration ...,0
3753,destruction,value del sol,danhrothschild greed be the fuel of self-destruction . takecare,0
3754,destruction,"georgia , usa",cinla1964 windowgatribble the contrast of forebode destruction enhance by expansive division of color saturation contrast and hue !,0
3756,destruction,new york new york city,russian authority to take account of petition against destruction of sanction food vladimir putin 's press ...,0
3758,destruction,,fall back this first break homebuyer miscalculation that could destruction thousand mwjcdk,0
3759,destruction,"hickville , usa",there be a fly loose in my workspace with two bored cat . i foresee terrible thing . destruction badkitty thisiswhywecanthavenicethings,0
3760,destruction,"silesia , poland",lt3dave so many specs so much fan service so much lore destruction,0
3761,destruction,moscow,truck driver salvage ban tomato from destruction on russian border news,0
3763,destruction,"houston , tx",republican style economic destruction undergroundbestsellers,0
3764,destruction,,do not be the cause of your own self destruction,0
3765,destruction,,putin decree result in destruction of 10 ton of import cheese near russia-ukraine border . retweet independent,1
3766,destruction,,' every kingdom divide against itself be head for destruction and no city or house divide against itself will stand . ' matthew 1232,0
3768,destruction,balikesir - eskisehir,megadeth-symphony of destruction,0
3770,destruction,"manchester , england",how american war planner single out hiroshima for destruction,1
3771,destruction,maldives,thingsihate watch someone you care about head into total destruction and not be able to do anything .,0
3772,destruction,? ? ?,hassanrouhani war doom to destruction loss money must invest in iran 's inside that should not go outside,1
3773,destruction,,crackdown 3 destruction restrict to multilayer crackdown 3 impressed earlier this week with a demonstration ...,0
3774,destruction,,blossominglilac so destruction it seem . i see myself ruin ... somehow .,0
3775,destruction,soul somaliabody montreal,we be so arrogant in our destruction that we think the earth need u . she do not .,0
3776,destruction,"manchester , uk",megadeath week - symphony of destruction,0
3777,destruction,,crackdown 3 destruction restrict to multilayer crackdown 3 impressed earlier this week with a demonstration ...,0
3778,destruction,yooooooo,what be happen ? a destruction indeed,0
3780,destruction,new york city,on this day in 1998 appetite for destruction go to 1 on the billboard album chart and stay on for 57 week,0
3785,destruction,,alexeivolkov1 mcfaul and in an equal spirit i leave you to roskomnadzor and to ridiculously politicized destruction of ' illegal food . ',0
3786,destruction,jersey,that be the ultimate road to destruction,0
3787,destruction,"t 19.123127,72.825133",self destruction mode ! ?,0
3788,destruction,london,bonn1egreer the angel of history propel into the future by the wind of progress leaf in it wake pile of death and destruction . welcome back,0
3789,destruction,,marquee como vista dragon ball super - 1x1 - the god of destruction 's dream bancodeseries,0
3793,destruction,,temptation always lead to destruction,0
3795,destruction,,rss russia begin mass destruction of illegally import food,1
3796,destruction,,so you have a new weapon that can cause unimaginable destruction .,1
3797,destruction,denver colorado,it sure make an impact on me,0
3798,detonate,"morion , japan",tinyjecht be you another stand-user ? if you be i will have to detonate you with my killer queen .,0
3800,detonate,,bomb squad set to detonate backpack antioch tenn. theater gunman have on him official say - tennessean,1
3802,detonate,miltontallahassee,apollo brown foot m.o.p- detonate -,1
3803,detonate,panama city,apollo brown - detonate ft. m.o.p .,0
3805,detonate,"winston-salem , nc",furiosoxv stuns also probably will not be anything like aw stuns . and you can not detonate them,0
3806,detonate,"morion , japan",spinningbot be you another stand-user ? if you be i will have to detonate you with my killer queen .,0
3807,detonate,,mythgriy they can not detonate unless they touch the ground,0
3810,detonate,"kln , nordrhein-westfalen",detonate feat . m.o.p . by apollo brown,1
3812,detonate,"bloomfield , co",boulder deputy be wait for the bomb squad to detonate grenade like this one found in stearins lake today,1
3814,detonate,"morion , japan",spinningbot be you another stand-user ? if you be i will have to detonate you with my killer queen .,0
3815,detonate,"brasil , sp",apollo brown - ' detonate ' f. m.o.p .,0
3816,detonate,"ottawa , ontario canada",real hip hop apollo brown feat m.o.p . - detonate jtw,0
3819,detonate,colorado,bldrcosheriff say 2nd grenade find be ' young ' that wii era grenade find early . they will detonate it at 800 tonight . cbsdenver,1
3820,detonate,,a young heavyweight rap off of detonate i be a leader not a lemon well get it straight ?,0
3821,detonate,"memphis , tn world wide",apollo brown - ' detonate ' f. m.o.p .,0
3822,detonate,brasil,.noperiferico apollo brown - ' detonate ' f. m.o.p . orapinforma,0
3824,detonate,worldwide,52.214904 5.139055 nuke please . target hilversum please detonate 800 meter below surface .,1
3825,detonate,,opticscumper yo why you so sexy ?,0
3826,detonate,,channelstvthat be why terrorism be not d war for d army but for intel agent who can counter their move before they detonate their bomb .,1
3827,detonate,,apollo brown detonate f. m.o.p . hhbu,0
3828,detonate,"morion , japan",tinyjecht be you another stand-user ? if you be i will have to detonate you with my killer queen .,0
3829,detonate,in my lab create,apollo brown - detonate feat . m.o.p . by hello music group via soundcloud,0
3830,detonate,bronx new york city m-city ny,detonate feat . m.o.p . by apollo brown,0
3831,detonate,,woundedpigeon detonate by apollobrown foot m.o.p .,0
3832,detonate,bikini bottom,mwnhappy this message will self detonate in 5 4 3 2 ...,0
3833,detonate,back in japan ?,detonate feat . m ? . ? o ? . ? p ? . ? from grandeur by apollo brown,0
3834,detonate,,ive just sign up for the detonate nottingham autumn launch party . register here,0
3835,detonate,"sharkatrazbindle 's cleft , pa",autoames everyone hop we would join isi and get ventilate by marine while try to detonate a bandolier of hot dog at fort dix,0
3836,detonate,"morion , japan",spinningbot be you another stand-user ? if you be i will have to detonate you with my killer queen .,0
3837,detonate,worldwide,apollo brown - detonate ft. m.o.p . hiya !,1
3838,detonate,northern ireland,sourmashnumber7 tomfromireland rfcgeom66 bbctalkback they do not succeed the other two time either . bomb do not detonateampshots miss .,1
3839,detonate,"new york , ny",press play on apollobrown 's new single with m.o.p . to ' detonate . ',0
3840,detonate,"san diego , ca",apollo brown detonate ft.m.o.p .,0
3841,detonate,"morion , japan",tinyjecht be you another stand-user ? if you be i will have to detonate you with my killer queen .,0
3842,detonate,"orlando , fl",hiphop news indie apollo brown detonate foot m.o.p . - lta ref ',1
3845,detonate,"sydney , australia",new music from apollobrown feature m.o.p. ? ' detonate ' take off his album ' grandeur ' come soon -,0
3848,detonation,,ignition knock detonation sensor-senso standard fit 03-08 mazda 6 3.0l-v6,0
3849,detonation,,ignition knock detonation sensor connector-connecto motorcraft wpt-994,0
3850,detonation,,ignition knock detonation sensor-senso standard ks161,0
3851,detonation,,ignition knock detonation sensor-senso standard ks57,0
3853,detonation,,ignition knock detonation sensor-senso standard ks94,1
3855,detonation,,doorman 917-033 ignition knock detonation sensor connector,1
3857,detonation,,detonation quote - my esteemed belt quote regard each one recent esevu,0
3858,detonation,bangalore . india,do you want to play a game ? it a googlemaps smashup that calculate the effect of the detonation of nuclear bomb,0
3859,detonation,,look down upon three method touch obtain rank electrical transcription detonation butiqob,0
3860,detonation,,ignition knock detonation sensor-senso fit 01-06 bmw 325ci 2.5l-l6,1
3861,detonation,,ignition knock detonation sensor-senso standard ks94,1
3862,detonation,,ignition knock detonation sensor-knock sensor delphi as10004,0
3864,detonation,,ignition knock detonation sensor connector-connecto motorcraft wpt-410,0
3866,detonation,,ignition knock detonation sensor-senso beckarnley 158-0853,1
3868,detonation,,detonation into the realistic asset enter india koz,0
3869,detonation,,new smp ignition knock detonation sensor ks315,0
3870,detonation,,ignition knock detonation sensor-senso standard ks100,0
3873,detonation,new york,2015 new fashion lady gold watch waterproof weiqin famous brand michel quartz de ludo ca,0
3874,detonation,,ignition knock detonation sensor-senso beckarnley 158-1017,0
3875,detonation,,ignition knock detonation sensor acdelco gm original equipment 213-924,0
3876,detonation,bangkok thailand,a new favorite trivium - detonation by brusa on soundcloud,0
3877,detonation,,do not miss chris happy 's detonation of the myth obscure our crime in hiroshima 70 yr ago this month . salon,1
3879,detonation,new york,detonation fashionable mountaineer electronic watch water-resistant couple leisure tab,1
3887,detonation,,ignition knock detonation sensor acdelco gm original equipment 213-4678,0
3888,detonation,,ignition knock detonation sensor-senso standard fit 02-06 aura rsx 2.0l-l4,0
3889,detonation,new york,detonation fashionable mountaineer electronic watch water-resistant couple leisure tab,0
3892,detonation,,ignition knock detonation sensor connector-connecto doorman 917-141,0
3893,detonation,brisbane .,we be on our way to hiroshima . today be the 70th anniversary of the detonation of the atomic bomb .,1
3894,detonation,new york,detonation fashionable mountaineer electronic watch water-resistant couple leisure tab,0
3895,detonation,geneva,70 year after hiroshima and nagasaki - consequence of a nuclear detonation icrc,1
3896,detonation,,ignition knock detonation sensor-senso standard fit 97-98 ford f-250 4.6l-v8,0
3897,detonation,,ignition knock detonation sensor-senso standard ks111,0
3899,devastate,manchester,meganbee92 kadiegrr im just devastate that when it end i will no longer see tyler blackburn face on pll xxx,0
3900,devastate,pg chilling !,man currency really be talking that talk ... I would be more devastated if he have a ghostwriter than anybody else ...,1
3901,devastate,manchester,richmond coach be devastate to hear of the death of their second driver mister chance who be sit jam ...,1
3903,devastate,,zany mali amp perrin edward end engagement shes devastate,1
3904,devastate,,un no more gujaratriot amp mumbairiot92-93 which devastate 1000amp1000 indianperpetrated by mode amp chawalchorbjp unwoven unnewsteam,1
3905,devastate,republican dominican,losdelsonido obama declare disaster for typhoon-devastated saipan obama sign disaster declaration for northern ma ... ivanberroa,1
3906,devastate,,obama declare disaster for typhoon-devastated saipan president barack obama have declare the commonwealth of ...,1
3907,devastate,,obama declare disaster for typhoon-devastated saipan worldnews,1
3908,devastate,follow you everywhere you go,obama declare disaster for typhoon-devastated saipan obama sign disaster declaration for northern martians a ...,1
3911,devastate,birmingham,richmond coach be devastate to hear of the death of their second driver mister chance who be sit jam ...,1
3913,devastate,- ? s ? s ? j ? s-,obama declare disaster for typhoon-devastated saipan obama sign disaster declaration for northern martians a ...,1
3914,devastate,london,richmond coach be devastate to hear of the death of their second driver mister chance who be sit jam ...,1
3916,devastate,,obama declare disaster for typhoon-devastated saipan obama sign disaster declaration for northern martians a ...,1
3917,devastate,,good for her laugh out loud,0
3919,devastate,indonesia,obama declare disaster for typhoon-devastated saipan obama sign disaster declaration for northern martians a ...,1
3921,devastate,the meadow,foot love isn't everything to me anymore . the last album i make red be a devastated record because ...,0
3922,devastate,bournemouth,devastate isn't the word ross out of all people emmerdale summerfate,0
3923,devastate,brumlestah,think it be friday all day today . be beyond devastate when i realize it be not ?,0
3924,devastate,"dorset , uk",? mikeparractor absolutely devastate what an actor . will miss rossbarton every girl love a bad boy,0
3926,devastate,,mikeparractor have confirm on his twitter say goodbye 2 ross . be bloody gobsmackeddevastated emmerdale,0
3927,devastate,chester,mikeparractor devastate ! ?,0
3932,devastate,,bairstow drop his buffet ticket there . devastate for the lad .,0
3933,devastate,,abcnews - obama declare disaster for typhoon-devastated saipan obama sign disaster declaration for northern ...,1
3935,devastate,banbridge,' er indoors will be devastate . rip darfur . georgecole,1
3936,devastate,"port orange , fl",argentines we could have have it aaaaaaallll im not even on that season and im devastate,1
3937,devastate,,obama declare disaster for typhoon-devastated saipan,1
3938,devastate,probably pet an animal,devastate by today 's allegation .,0
3940,devastate,"chicago , il",keegan172 I be devastated,0
3944,devastate,,emmerdale I will be devastate if It be cain ... such a great character ?,0
3945,devastate,varies,be stuart broad the prime minister yet . best thing in sport i have see for year that . the aussie look devastate . bless ?,0
3947,devastate,accra ghana,obama declare disaster for typhoon-devastated saipan obama sign disaster declaration for northern martians a ...,1
3948,devastation,columbus,wesleylowery ? how be you go to survive this devastation ?,1
3949,devastation,,I be in utter shock and devastation you do not go to work to be leave feeling how i do now . life really be too short ?,1
3950,devastation,st joseph de beaune,in this fragile global economy consider the devastation the alternative would cause ... It be the best reason ...,1
3951,devastation,,in kalmikya astrakhan volgograd and dagestan there be already no food leave for the locust via timeworld,1
3952,devastation,"washington , dc",70 year after atomic bomb japan still struggle with war past the anniversary of the devastation wrought b ...,1
3953,devastation,uk,obsolete devastation from broad with the ball . and root do it with bat in hand . great day ashes2015 engvaus,0
3954,devastation,seattle,latestnews cnbc cnn the anniversary of the devastation wrought by the first military use of an atomic weapon c,1
3955,devastation,news,70 year after atomic bomb japan still struggle with war past the anniversary of the devastation wrought b ...,1
3956,devastation,,70 year after atomic bomb japan still struggle with war past the anniversary of the devastation wrought b ...,1
3957,devastation,"newport , wale , uk",cllrraymogford indeed ray devastation would be far more comprehensive hiroshima,1
3958,devastation,,70 year after atomic bomb japan still struggle with wartime past the anniversary of the devastation wrong ...,1
3959,devastation,,ssssnell yeah i agree but It be the shock factor that rope people in if they just show devastation then it anger me,0
3960,devastation,united state,70 year after atomic bomb japan still struggle with war past the anniversary of the devastation wrought b ...,1
3961,devastation,itunes - rss,classic www hiroshimanagasaki atomic devastation hidden for decade the people of hiroshima and nagasaki ...,1
3962,devastation,contactsimplenewsgmail.com,70 year after atomic bomb japan still struggle with war past the anniversary of the devastation wrought b ...,1
3964,devastation,,hungerarticles nepal rebuild life and livelihood after quake devastation,1
3967,devastation,"washington , dc",70 year after atomic bomb japan still struggle with war past the anniversary of the devastation wrought by the,1
3968,devastation,"upper manhattan , new york",70 year after atomic bomb japan still struggle with war past the anniversary of the devastation wrought b ...,1
3969,devastation,"la vega , nevada",we have not see the devastation from the 2014 corp. breach yet be prepare ! get coverage !,0
3970,devastation,"victoria , british columbia",pampalmater i agree with perrybellegarde to get out amp vote . look at devastation pmharper cause firstnations idlenomore cndpoli yyj,1
3973,devastation,vancouver bc,be this country latin america 's next ' argentina ' one week ago we report on the economic devastation in he o ...,0
3975,devastation,devonlondon,the devastation when you smash your phone ?,0
3977,devastation,brasil,70 year after atomic bomb japan still struggle with war past the anniversary of the devastation wrought b ...,1
3979,devastation,italy,thorium radioactive weapon . scandal murder and environmental devastation - video,1
3980,devastation,atlanta g.a .,from devastation to elation get back on my foot help those willing to help themselves,0
3982,devastation,,70 year after atomic bomb japan still struggle with war past the anniversary of the devastation wrought b ...,1
3983,devastation,,70 year after atomic bomb japan still struggle with war past the anniversary of the devastation wrought b ...,1
3984,devastation,everywhere,what would your city look like if it have be the subject of the hiroshima bomb ? hint-devastation . beyondthebomb,1
3989,devastation,washington dc,fascinate pic from inside north korea . not propaganda not devastation - just people live life .,0
3990,devastation,"denver , co",10m settlement attain use our illustration to help juror understand the true devastation of internal injury,1
3992,devastation,,70 year after atomic bomb japan still struggle with war past the anniversary of the devastation wrought b ...,1
3993,devastation,,health newyear the anniversary of the devastation wrought by the first military use of an atomic weapon come ...,1
3994,devastation,washington dc,i visit hiroshima in 2006. it be an incredible place . this model show devastation of the bomb .,1
3995,devastation,"mount vernon , ny",devastation come to a target and find the starbucks close ? momneedscoffee asap iwontmakeit,0
3996,devastation,,water now top the chart for high global risk in term of devastation ahead of nuclear war or a global pandemic,1
3997,devastation,jackson tn,currently blast benediction - sanelesstheory -on metal devastation radio,0
3998,disaster,"los angels , london , kent",i forget to bring chocolate with me . major disaster .,0
4000,disaster,"usa , haiti , nepal",more natural disaster research urgent via jakartapost,1
4003,disaster,portoviejo-manabi-ecuador,I be a disaster ?,0
4005,disaster,,lovelylikelaura i can see why one of your favorite book be ' beautiful disaster ' it may now be one of mine ?,0
4006,disaster,,' only the sea know how many be dead ' msfsea after last disaster in mediterranean turn into a massgrave,1
4008,disaster,chilling at ceder rapid,beautiful disaster jon mclaughlin be such a good song,0
4010,disaster,,timaroberts without give up too much of anna france remind me of america right before the war in iraq . a restlessness lead to disaster,1
4011,disaster,"manila , philippine",strengthen partnership afterhaiyan hainan yolandaph philippine livelihood disasterrecovery disaster,1
4012,disaster,en el paid de los arrechos,beautiful disaster,0
4014,disaster,,my first stain attempt be a disaster,0
4017,disaster,nigeria,cw500 deal with disaster -,1
4018,disaster,,i want to go back to vega for my 21 but i feel like that would be such a disaster laugh out loud so much money would need to be bring,0
4019,disaster,san francisco,blue bell may be close to a return from it listeria disaster ... hot on theneeds recipe,1
4020,disaster,"hinton , w.va .",jeff locke . train wreck . fin disaster . fortunately the pirate acquire a top quality starter in j.a ... oh wait . blowltan,1
4021,disaster,,metepec mexico - ? night disaster ? ... eoficial nitclub mica mica,1
4022,disaster,"philadelphia , pa usa",disaster avert police kill gunman with ' hoax device ' at cinema via foxnews,1
4024,disaster,,tv vital churkin brilliantly expose the hypocrisy of the ukraine 's fm klimkin about the mh17 disaster,1
4025,disaster,naperville,illinois tornado slip under the radar emergency official say,1
4026,disaster,,top insurer blast lack of australian govt action on disaster mitigation via smh,1
4027,disaster,"lima , peru",I be the architect of my own disaster,0
4028,disaster,in your notification,hollyorange8 my day have be a disaster of emotion,0
4029,disaster,,I be set myself up for disaster,0
4030,disaster,"fort worth , texas",what the hell be wrong with people ? ! communication ! rule with an iron fist ticket to disaster . can not swing one day and not the next .,0
4032,disaster,dapper mohali punjab,gurmeetramrahim msgdoing111welfareworks green s welfare force ke apex 65000 member har time disaster victim ki help ke like tear hai ...,1
4033,disaster,,cncpts solelinks what a disaster - can not say I be surprised,0
4034,disaster,london,retweet amznfavorites the devereux disaster . ' excite scifi thriller ... ' scifi kindle,0
4038,disaster,los angels,keep asking me what this mean not like i get the answer plus if i say the wrong thing this might just turn into a disaster,1
4039,disaster,"alexandria , va",four technology that could let human survive environmental disaster -,0
4041,disaster,"calgary , ab",the rbcinsurance quote website disaster . try 3 browser amp 3 machine . always get ' miss info ' error due to a non-existant drop down .,0
4042,disaster,near trash can,I would like to think I be photogenic but every time i see a pic with me in it i just think to myself ' gosh what a disaster ' xd,0
4043,disaster,usa,disaster avert police kill gunman with hoax device atcinema,0
4044,disaster,atlanta,disaster avert police kill gunman with ' hoax device ' at cinema,1
4045,disaster,,if locke have to pitch in the playoff It be not a disaster but they should absolutely positively never let him pitch the sixth inning .,0
4046,disaster,"los angels , california",teen disaster preparedness event in van guys august 11 530pm via vannuyscouncil,0
4047,disaster,morocco,youssefyamani add fez weather to the equation and you have the best recipe for disaster .,0
4049,displace,pedophile hunt ground,myanmar displace rohingya at sittwe point of no return prison like condition genocide ihhen msf refugee,1
4050,displace,,crew be out all day board up window at the park at the galleria acts . where fire displace 55 this be .,1
4051,displace,u.s .,.pots strategicpatience be a strategy for genocide refugee idp internally displaced people horror etc .,1
4052,displace,visit our dedicate website,300000 dead 1200000 injured 11000000 displace this be syria 2015 visit u canada,1
4054,displace,asia pacific,myanmar 's displaced rohingya at sittwe point of no return prison-like conditionsprivation,1
4055,displace,north carolina,lizhphoto when i have so much shit go on in my head I would rather talk about it than have an outburst ... displace aggression sux !,0
4057,displace,,kca votejkt48id 12news update a family of 3 have be displace after fire damage house near 90th and osborn . fire extinguish no i,1
4058,displace,"ojodu , lagos",angry woman openly accuse enema of steal relief material mean for idp an angry internally displace wom ...,0
4060,displace,new york city,iamtalia sgc72 ' thousand of people be displacedinjuredkilled but hey now there be more opportunity for different restaurant ! ',1
4061,displace,seattle,the year be 2065 and the national society of meme preservation have open the first museum where meme and their origin be displace,0
4062,displace,,philippine must protect internally displaced person warn un expert,1
4063,displace,"kelowna , bc",at least 180 dead a million displace in india flood - india reliefweb,1
4064,displace,,kca votejkt48id 12news update a family of 3 have be displace after fire damage house near 90th and osborn . fire extinguish no i,1
4065,displace,"48.870833,2.399227",9000 photograph from 1800 's british mandate of palestine - with no trace of ' palestinian ',1
4068,displace,pedophile hunt ground,.pots strategicpatience be a strategy for genocide refugee idp internally displaced people horror etc .,1
4072,displace,pedophile hunt ground,.pots strategicpatience be a strategy for genocide refugee idp internally displaced people horror etc .,1
4076,displace,pedophile hunt ground,.pots strategicpatience be a strategy for genocide refugee idp internally displaced people horror etc .,0
4077,displace,pedophile hunt ground,.pots strategicpatience be a strategy for genocide refugee idp internally displaced people horror etc .,1
4078,displace,san francisco,? the circular ruin - displaced part 4 ? nowplaying,0
4079,displace,"oakland , ca",historic flooding across asia leave hundred dead million displace,1
4080,displace,nigeria,angry woman openly accuse enema of steal relief material mean for idp an angry internally displace wom ...,1
4081,displace,uk germany,myanmar displace rohingya at sittwe point of no return prison like condition genocide ihhen msf refugee,1
4083,displace,,displaced person good night 2014 image 1-1st nm,0
4084,displace,manila,philippine must protect internally displaced person warn un expert - the diplomat,1
4085,displace,magnolia,how much would it cost to have some fat displace ? ask for a friend .,0
4086,displace,pedophile hunt ground,myanmar displace rohingya at sittwe point of no return prison like condition genocide ihhen msf refugee,1
4087,displace,new york,40 displace by ocean township apartment fire newyork -,1
4088,displace,,pennlive - two family displace by mechanicsburg blaze - no one be injure in the fire .,1
4089,displace,,peterjukes a crime that killeddisplaced million . in which systematic torture be carry out . but look . grahamwp fire a gun ! arrest him !,1
4091,displace,spain,' phelimkine myanmar 's displaced rohingya at sittwe point of no return,1
4092,displace,nigeria,angry woman openly accuse enema of steal relief material mean for idp an angry internally displace wom ...,0
4093,displace,new york,could billboard 's hot 100 chart be displace by these social-media-driven music chart ?,1
4094,displace,canada,real people . true story . real pain amp suffer . displace refugeesmatter syria,1
4095,displace,palestine,cityofhummus ilnewsflash do you want to hear more ? displaced my parent until both die in the diaspora !,0
4096,displace,"natinixw hoops , berkeley",elm poo help the displace from the rocky fire . please consider ! elm evacuation center via gofundme,1
4097,displace,united kingdom,for those displace by disaster label and legal status remain out of reach,0
4098,drought,usa formerly usnoaagov,nevada 's exceptional drought steady at 11 95 of nv in drought droughtgov,1
4100,drought,,u.s. in record hurricane drought,1
4101,drought,chappaqua ny and redlands ca,u.s. record hurricane drought .,1
4103,drought,"spokane , wa",worry about how the ca drought might affect you ? extreme weather do it dampen our economy ?,1
4104,drought,nyc-la-miami,llf talk world news u.s. in record hurricane drought - the united state have not be hit by a major hurricane in t ...,1
4105,drought,,u.s. in record hurricane drought,1
4107,drought,nigeria,w- enema warns nigerian to prepare for drought,1
4108,drought,"okanagan valley , bc",makewaterwork okanagan ! drought rating maxed out - okanagan valley westerncanadadrought,1
4111,drought,"san francisco , ca",gov . brown link ca wildfire to drought,1
4112,drought,caribbean,heat wave be relentless 91f feel like 100 humidity 55 relentless drought too now dominican . i know be bad in other place .,1
4113,drought,,treasure reveal a california drought drain lake,1
4114,drought,canada,canada bc drought okanagan region issue level 4 rating - okanagan river columbia trip fish suspend to sep 30,1
4116,drought,"san francisco , ca",it time to do away with drought.check out how the cloud iot be help conserve water,1
4117,drought,canada,gfrost1985 jeffpalmer16 mlb bluejays why you so salty and scar when we have a drought like you say ?,0
4119,drought,,tip so that find the customer ego drought dqsvyusy,0
4121,drought,"charlotte , nc",blog rain much need a drought condition worsen right now charlotte and much of the surround area have,1
4122,drought,"orlando , fl",weed news how marijuana be make california drought worse - christian science monitor,1
4123,drought,usa formerly usnoaagov,droughtmonitor moderate or bad drought ? to 27 of contig usa affect 80m people .,1
4124,drought,"la crux , nm",pretty neat website to get the late drought condition in your area,1
4127,drought,meereen,pizza drought be over i just could not anymore ...,0
4128,drought,football field,the drought be real ?,1
4129,drought,i luv raquel,michael5sos california be in a drought . what be you gon na do about this issue ? if you want to be president this attitude will not work with m,1
4131,drought,,karinagarciaxo me amp you both amp I will be dam if i get any of that drought bud,0
4132,drought,"austin , texas",for these californian It be like live in africa 's sahel desert - just find water a daily chore .,1
4133,drought,,u.s. in record hurricane drought the united state have not be hit by a major hurricane in the past nine year and it seem like that,1
4135,drought,"rock hill , sc",large rain drop fall in rock hill off anderson road . rain scwx drought,0
4138,drought,philadelphia,california meet drought-fueled fire season with extra crew ... relate article,1
4139,drought,"macon , georgia",moderate drought be spread rapidly across central ga. macon warnerrobins dublin milledgeville gawk,1
4140,drought,ashxjonesprgmail.com,think it be a drought ash ?,1
4141,drought,miami,gaabyx we get purple activist i think it be a drought,1
4142,drought,los angels,we happily support mydrought a project bring awareness to the la drought . track your water,1
4143,drought,"abuja , nigeria",' california 's burning ' gov . on drought wildfire,1
4145,drought,,llf talk world news u.s. in record hurricane drought - the united state have not be hit by a major hurricane in ...,1
4146,drought,"los angels , ca",' it 's an eerie way of reveal both our history and our possible fate . ' cadrought lakeisabella by jpanzar,0
4147,drought,at work,mane im not a raider fan but they be in a drought . they need to go 10-6 laugh out loud,0
4149,drown,,pots you until you drown by water enter the lung . you be alive have cause this great country to fall to shit because you be a pussy,0
4150,drown,,.karijobe and her band kill it tonight . it be almost loud enough to drown out the tambourine behind me ... codycarnes agusa,1
4152,drown,"waialua , hawaii",little gecko chilling ' in my garden ! i end up help him out i suspect he might drown !,0
4153,drown,,' save me from my self do not let me drown ' .,0
4154,drown,east coast,we all carry these thing inside that no one else can see . they hold u down like anchor they drown u out at sea .,0
4156,drown,"coconut creek , florida",nowplaying porcupine tree - drown with me live listen live at,0
4157,drown,,when you lowkey already know you be gon na drown in school this year,0
4158,drown,icon cheese3d,chromsucks do not drown,0
4159,drown,notoriousd12,throw that water at me until i drown and my last word be choke me,0
4160,drown,new york,just down drown me k i can not swim,0
4161,drown,,some day i drown in my tear but i do not let it get me down,0
4163,drown,,cameronhigdon34 i can not drown my demon they know how to swim .,0
4164,drown,,graysondolan only if you let me drown you ?,0
4166,drown,,lwilliams13 I will drown you in the river walk,0
4167,drown,,when your mom be annoy so you turn your beat pill all the way up to drown her out .,0
4168,drown,"morris , il",ev make me wan na drown myself he be such an idiot,0
4170,drown,,cortneymo put this in detroit nigga go be act out ? trina fuck n drown mf ? loose they buff in the water ?,0
4171,drown,,jasminehuerta24 i hope you drown ?,0
4172,drown,portugal,i can not drown my demon they know how to swim,1
4173,drown,"linwood , ca",gon na drown it in mustard and lemon pepper,0
4175,drown,where the money at,my parent do not believe in the dream . sad .,0
4176,drown,,some old native australian believe that the ocean be create from the urine of an angry god who try to drown the world .,0
4177,drown,mi,no one tell me you can drown yourself by drink too much water .,0
4178,drown,"gainesvilletampa , fl",when a real nigga hold you down you suppose to drown,0
4180,drown,"saint louis , missouri",i keep it out down drown their insult out with what i feel be devote pride ten fold action with reprocussions set at birth retroactive .,0
4181,drown,,i be that girl on tv that sadly turn her music up to drown out the noise of her family fight literally every day,0
4182,drown,It be a journey,do not think for one second I be out to drown your memory . baby you be not worth the whiskey .,0
4183,drown,,this weekend be me and nathan 's birthday weekend so if you want to drown yourself in beer do reckless thing and potentially die hmu,0
4184,drown,"jonesboro , arkansas usa",we be get some report of flood near jonesboro high school . please use caution when driving in the area . turn around do not drown !,1
4189,drown,"layang-layang , perak",drown by bring me the horizon at information resource center utp,0
4191,drown,somewhere in indiana,go to go drown my sorrow with sad music be right back,0
4197,drown,inside your webcam . stop that .,messily mishacollins so we should send it all 2 him then ? drown him in it ? i like the way you think ! allthekidneybeansandsorbet4misha yes,0
4198,drown,,merida my tear drown out the terrible taste also natal give me her steak and cheese thing to cheer me up,0
4199,drown,,cleo me ? you . cleo indeed . do you know what happen to ben ? cleo he drown . how . cleo by his father . cleverbot,0
4200,drown,,what the fuck this mom just drown her child ? !,1
4201,drown,financial news and view,hundred fear drown a migrant boat capsize off libya,1
4202,drown,"r'lyeh , south pacific",sadly before she could save humanity ursula drown in the drool of a protoshoggoth but at least she sort of died do what she love .,1
4203,drown,take bath do not disturb,i drown in the kiddie pool and i lose my sloppy,0
4204,drown,"alberta , va",jacksonville family band together a memorial be plan for toddler who ... - florida,0
4205,drown,the howling,the future of america gamergate,0
4206,drown,"united kingdom , fraserburgh",stephengeorg hey stephen remember that time you drown all the yellow read,0
4209,drown,,abcnews24 peterduttonmp he also tell you ... no-one have drown in the last 2 year amp 1200 have under labor . but let u not mention that ...,0
4210,drown,,new and now different fnaf fanfiction trixiedrowned 2 pageshi my awesome proxy It be ... wattpad promo,0
4211,drown,worldwideweb,dw hundred fear drown a migrant boat capsize off libya hundred of migrant be,1
4212,drown,"dreieich , germany",via dwenglish hundred fear drown a migrant boat capsize off libya ufo4ublogeurope,1
4213,drown,pembroke nh,at the lake see a dead fish me poor little guy i wonder what happen ashley i do not know maybe it drown what the fuck ?,0
4214,drown,"bayonne , nj",god how come bug have not all drown out of existence every time it rain ?,0
4216,drown,colorado spring,jacksonville family band together a memorial be plan for toddler who ... - florida,0
4218,drown,dubai,migrant drown at sea after boat capsize off libya,1
4219,drown,united state,pussy so deep i could have drown twice,0
4220,drown,,visiting georgina at the drowned rat café ... awful view !,1
4221,drown,ig ayshbanaysh,sometimes logic get drown out in emotion but It be get ta surface at some point .,0
4224,drown,fl,itsdanie noooo ? i almost drown you once though,0
4225,drown,,toddler drown in bath after mum leave room to fetch his pajama,1
4227,drown,halfrica,so i pick myself off the ground and swam before i drown . hit the bottom so hard i bounce twice suffice this time around be different .,1
4230,drown,,thank you uplifting spirit . when im drown you have be an anchor,0
4232,drown,,i want to see my austinpearcy22 so bad it not even funny . i will probably cry and drown him in kiss when i do . ?,0
4233,drown,"jacksonville beach , fl",jacksonville family band together a memorial be plan for ...,1
4235,drown,melbourne,hundred fear drown after another mediterranean asylum seeker boat sinking,1
4237,drown,,i get drown like 5 time in the damn game today ?,1
4238,drown,"san francisco , ca",80 ton of cocaine worth 125 million dollar drown in alameda ... now that be a american drought coke,1
4239,drown,"richmond height , oh",niggas favorite question be why you single ? bitch i do not know pussy too wet almost drown a nigga ?,0
4240,drown,new hampshire,the best thing about this be it drown out the call from the guy angry cause he have not get a tracking number ...,0
4241,drown,u.s.a. - global member site,hundred fear drown a migrant boat capsize off libya,1
4242,drown,,so today i fell off a rock scrap my whole butt and nearly drown summer2k15,0
4243,drown,india,hundred of migrant fear drown off libya migrant stand next to their tent at a camp set near calais,1
4244,drown,,hope the drowned eeasterling2,0
4245,drown,tampa,.dinosaurdracula felt remorse for miss pam drown it with these guy . really like jason 's part vi outfit .,0
4246,drown,all around the world !,give the u coalition 's fondness for back ' 1984'-style totalitarianism It be a surprise they have not copy ...,0
4247,drown,in the mansion,janiethekillr jack close the sketchbook bite his lip under his mask . ' i 'm do good . how 're you ? ',0
4248,drown,,forever drown in my feeling .,0
4250,drown,new york,the drown girl by caitlin r. kiernan centipede press sign numbered limited - full re,0
4251,drown,,the drown girl by caitlin r. kiernan centipede press sign numbered limited - full re,0
4252,drown,usa,grace this be not your first ' storm ' you know bicycle fence tree will fly as well a idiot drown that go by swollen river ...,1
4253,drown,numb casa de old yellow brick,london be drown and iiii live by the riveeeeeer,1
4255,drown,"chicago , il",family mourn drown of ' superhero ' toddler with rare epilepsy bradley diebold suffer hundred of epileptic,0
4256,drown,coventry,why be you drown in low self-image ? take the quiz,0
4257,drown,94123,2his explanation be that ' you request as much a you want provide you get your job do but you be constantly drown in work ! ',0
4260,drown,,' drown ' - acrylic 08.05.15,1
4261,drown,,the drown girl by caitlin r. kiernan centipede press sign numbered limited - full re,0
4262,drown,"hendersonville , nc",icymi announcement from al jackson ...,0
4264,drown,new jersey d.r .,jeesss ethereal7 hello 911 yeah we have someone drowning here send a medic,1
4265,drown,ct ny,jlabuz what if I be drown,0
4266,drown,,heyimbeeyt it like there fire in my skin and im drowning from within ?,1
4268,drown,scandinavia,do not you dare play the victim when I have be drown for year .,0
4269,drown,"los angels , ca",i will stay drown till you watch nashsnewvideo,0
4270,drown,south korea gmt9,sometimes can not even breathe well i feel like drown and can not deal with my fear anxietyproblems,0
4271,drown,"baltimore , md",no report case of people drown in sweat ... fyi,1
4272,drown,"hughes , ar",family mourn drown of ' superhero ' toddler with rare epilepsy - chicago tribune,1
4273,drown,"madison , wi",nigeltanner1 believe it or not we have have too much rain here . our newly plant maple tree be actually drown .,1
4274,drown,,boy save autistic brother from drown a nine-year-old in maine dove into a pool to save his autistic brother from drown,1
4275,drown,,louis in red jacket round 2 aka drowning in my tear,0
4276,drown,university of chicago,epilepsy claim another . common and still a challenge to treat . superhero toddler with rare epilepsy dravet drowns,0
4279,drown,"virginia , usa",I be drown in spirit to wash you out,0
4281,drown,new york,the drown girl by caitlin r. kiernan centipede press sign numbered limited - full re,0
4282,drown,yorkshire,islamic state issue a new holiday brochure lovely swim pool for drown in shoot range and the downside it cost a bomb,0
4284,drown,coast of maine california,drown sorrow in jarmusch vampire .,0
4288,drown,,can still see it ... blank expression ... cheek clap in my face ... margins room play subtlety in the back yet drown out all the sound,0
4289,drown,,my mom be watch a show about bridge breakingfalling and the people on them drown in their car aka one of my big fear ?,0
4292,drown,pittsburgh,drown in actavis suicide,0
4293,drown,,what this man do to save a drowning squirrel be absolutely incredible,0
4295,drown,,homukami only urs and srs matter r you will be drown in . though you be already drown in ns lol .,0
4296,drown,"pennsylvania , usa",i feel like I be drown inside my own body !,0
4297,drown,"san diego , california",I be drown in hw now and that be without go to swim ohlordy,0
4298,dust20storm,idaho,nwspocatello bg-16 so far brunt of storm just to our north . gray out with dust amp rain to n blue sky intersperse with cloud to s .,0
4299,dust20storm,"beirut , lebanon",some poor sod arrive in amman during yesterday 's dust storm be divert to ben gurion airport,1
4300,dust20storm,,kid disappear in dust storm in atmospheric aussie thriller retweet newzsacramento,1
4301,dust20storm,"el past , texas",nasal modes image dust storm over morocco and the strait of gibraltar duststorm,1
4303,dust20storm,qosqo,totoooooo ! totoooooooooo ! ' historicalmages dust storm approaching strafford texas 18th april 1935 .,1
4304,dust20storm,"lubbock , tx",severe storm weakening a it move se towards lubbock area . outflow boundary may create dust and 50 mile per hour gust,1
4305,dust20storm,ca via bum,when the answer my friend be not blow in the wind-it be yell ! -how to survive a dust storm,1
4306,dust20storm,,kid disappear in dust storm in atmospheric aussie thriller retweet newzsacramento,1
4307,dust20storm,,how to survive a dust storm,1
4309,dust20storm,,dust storm ' en route ' from alice spring to uluru,1
4312,dust20storm,lizzy 's knee,i keep sneeze either someone place a southern dust storm in my house or someone talking smack,0
4313,dust20storm,,so ... i just watch the trail for the dust storm and i think part of me just die ... colin be so perfect my goodness .,0
4314,dust20storm,,dust devil maintenance fee - buy up la rotary storm guard uvopwz,0
4317,dust20storm,dmv,retiredfilth people in sydney wake up to the whole sky be red after a dust storm ... like unreal .,1
4318,dust20storm,"marrakech mina , marrakech - tensift - al haouz",there be a big storm brewing dark cloud thunder and rain carry thick dust . this could be interesting .,1
4320,dust20storm,ellensburg to spokane,i-90 vantage backup eastbound with low visibility due to a dust storm about 4 mile east of the bridge .,1
4321,dust20storm,,good way to end the day ! geyser plus dust storm !,1
4322,dust20storm,sd norway ksa,dust storm in riyadh ?,1
4323,dust20storm,,new mad max screenshots show off a lovely dust storm combat magnum opus,0
4324,dust20storm,,let it be go away like a dust in the wind ... big wind like a tornado with blizzard thunder and storm it that what i always want it,1
4325,dust20storm,a sofa,new mad max screenshots show off a lovely dust storm combat magnum opus cogxbox xboxone box,0
4326,dust20storm,ca via bum,the answer my friend be yell in the wind-my late article for read and share - thanks !,0
4327,dust20storm,51214 savioursquad,i need the dust storm film as soon a possible also watch the trailer for the 500th time duststormfilm,0
4328,dust20storm,"pocatello , id",storm head towards idaho fall with blow dust amp wind to 60 mph . u hwy 20 amp i15 look out . idwx,1
4329,dust20storm,room 234,currently drive through a dust storm .,1
4330,dust20storm,,i learn more about economics from one south dakota dust storm than i do in all my year in college . -hubert humphrey,1
4332,dust20storm,near yosemite,6 thing get catch in a dust storm amp the challenging real estate market have in common video,0
4333,dust20storm,,raw video dust storm roll through texas,1
4334,dust20storm,the harbinger .,legacyofthesith sagacioussaber lordofbetrayal move in a crescent formation small trail of dust leave in their wake a they move .,0
4335,dust20storm,"atlanta , ga",dust in the wind 82ndabndiv paratrooper move to a load zone during a dust storm in support of operation fury,1
4336,dust20storm,ca via bum,wall of noise be one thing - but a wall of dust ? move at 60mph ? how to not get blow away !,1
4337,dust20storm,worldwide,new mad max screenshots show off a lovely dust storm combat magnum opus,0
4341,dust20storm,"atlanta , ga",deadlydemi even stay up all night to he barrier for tp and then have to run through a dust storm and almost pass out ?,1
4342,dust20storm,chicago,go to a fest ? bring swim goggles for the dust storm in the circle pit,1
4343,dust20storm,,severe storm weakening a it move se towards lubbock area . outflow boundary may create dust and 50 mile per hour gust,1
4345,dust20storm,dutchenglishgerman,new mad max screenshots show off a lovely dust storm combat magnum opus,0
4348,earthquake,argentina,earthquake gismo m 1.4 - 4km e of interlaken california time2015-08-06 005225 utc2015-08-05 175225 -07 ...,1
4349,earthquake,earth,1.43 earthquake occur near mount st. helen area washington at 0936 utc ! earthquake,1
4350,earthquake,,construction upgrade ferry to earthquake standard in vashon mukilteo - q13 fox earthquakenews,1
4351,earthquake,sydney,3novices venison mine see seismic event a small earthquake at tasmania 's venison tin project have create a tem,1
4352,earthquake,,put the right person up on the block shell ? the sense of entitlement be ridiculous . bb17 .,0
4353,earthquake,,2.0 earthquake in sicily italy iphone user download the earthquake application for more information,1
4354,earthquake,"california , usa",uses eq m 1.2 - 23km s of twentynine palm california time2015-08-05 235409 utc2015-08-05 16 ... earthquake,1
4355,earthquake,oklahoma,post a new song ' earthquake ',0
4356,earthquake,one world,some of the aftershock can be just as big a the initial earthquake .,1
4357,earthquake,desde republican argentina,gismo ml 2.4 near the coast of western turkey magnitudeml 2.4regionnear the coast of western turkey ... c,1
4358,earthquake,"california , usa",uses eq m 0.6 - 8km ssw of anna california time2015-08-06 012624 utc2015-08-05 182624 -070 ... earthquake,1
4359,earthquake,earth,1.9 earthquake occur 15km e of anchorage alaska at 0011 utc ! earthquake anchorage,1
4361,earthquake,"oklahoma city , ok",raffirc retweet sustainourearth oklahoma act to limit earthquake risk at oil and gas well scoopit love all thi,1
4362,earthquake,,uses m 0.9 - northern california time2015-08-06 015025 utc2015-08-06 015025 coordinate universal time at epicenter ... earthtwerk,1
4363,earthquake,tchira - venezuela,scseestapreparando light mag . 4.4 earthquake - - 73km sw of khuzdar pakistan on wedges ... via volcanodiscover,1
4365,earthquake,"california , usa",uses m 1.2 - 23km s of twentynine palm california time2015-08-05 235409 utc2015-08-05 165409 -070 ... sm,1
4366,earthquake,a box,ageekyfangirl14 's thing she look in a significant other 1. beautiful eye . 2. humor . 3. fart that create an earthquake . ?,0
4368,earthquake,"melbourne , australia",nepal earthquake 3 month on woman fear abuse via loupascale,1
4372,earthquake,"barcelona , spain",ml 2.0 sicily italy euroquake,0
4373,earthquake,"hawaii , usa",uses report a m1.94 earthquake 5km s of volcano hawaii on 8615 10401 coordinate universal time quake,1
4374,earthquake,new zealand,gns see unnecessary death result from earthquake strengthen legislation,1
4375,earthquake,,' there be a small earthquake in la but do not worry emily possum be fine ' difficultpeople be great,1
4376,earthquake,"alaska , usa",uses eq m 1.9 - 15km e of anchorage alaska time2015-08-06 001116 utc2015-08-05 161116 -080 ... earthquake,1
4377,earthquake,argentina,earthquake gismo m 1.9 - 15km e of anchorage alaska time2015-08-06 001116 utc2015-08-05 161116 -0800 ...,1
4378,earthquake,,construction upgrade ferry to earthquake standard in vashon mukilteo the upgrade will bring the vulnera ...,1
4379,earthquake,"okuma town , fukushima",gpv wind a of 06jst 6aug wnw 06jst 6aug e 12jst 6aug s 18jst 6aug .,0
4381,earthquake,,m1.57 0111 utc ? 3km nnw of lake henshaw california .,1
4382,earthquake,rzl ?,earthquake drill atm,1
4383,earthquake,,there have not be 1 real tear out of shell 's eye this entire episode . bb17,0
4384,earthquake,,uses m 1.4 - 4km e of interlaken california time2015-08-06 005225 utc2015-08-05 175225 -0700 at ep ... sm,0
4385,earthquake,desde republican argentina,gismo m 1.3 - 1km nne of the geyser california time2015-08-05 234021 utc2015-08-05 164021 -0700 a ... c,0
4387,earthquake,orm,earthquake drill ?,0
4388,earthquake,in the word of god,darchambau thank you for your great encouragement and for retweet of new video the come apocalyptic u earthquake amp tsunami,1
4391,earthquake,keepthefaith jj,earthquake drill ?,1
4392,earthquake,global edition,earthquake ems md 2.9 off coast of northern california g,1
4393,earthquake,london,' there be a small earthquake in la but do not worry emmy possum be fine ',1
4395,earthquake,"seattle , wa",sure the megaquake story bring a sense of panic but the question be will anything really change ?,1
4396,earthquake,world,earthquake m 3.4 - 96km n of arenas puerto rico time2015-08-05 103424 utc2015-08-05 063424 -0400 at,1
4397,earthquake,"saline , mi",scar to be live in seattle when this predict earthquake be go to destroy ?,1
4398,electrocute,here .,adanne kindly follow back,0
4401,electrocute,,devonbreneman hopefully it do not electrocute your heated blanket laugh my as off,0
4402,electrocute,,kid get disney version of the game operation only 2 aa battery ? i swear my old version have like 8 d and would nearly electrocute you .,0
4403,electrocute,bot account,elecman could electrocute me and I would say thanks .,0
4405,electrocute,,when you get an extension cord that extend from your bed to your bath tub ? let pray i do not electrocute myself,0
4406,electrocute,otrakansascity,i wan na tweet a ' niall thank you for not make me be to electrocute myself ' tweet but I be scar I will jinx it,0
4407,electrocute,"dalkeith , scotland",what the fuck thomas edison after make the lightbulb use to electrocute animal to make everyone think teslas power be unsafe ? wank,0
4408,electrocute,"durant , mi",achievement unlock replaced light socket do not electrocute self,0
4410,electrocute,naperville,electrocute yourself,0
4411,electrocute,,electrocute your turn ?,0
4412,electrocute,forge my story,zxathetis ' be you okay ? ! i electrocute you too badly right ? ',0
4413,electrocute,,the sea will electrocute u all ?,0
4415,electrocute,,electric v gas brewing not want to electrocute myself question,0
4416,electrocute,,danisnotonfire do not let phil help out he will probably electrocute himself,0
4421,electrocute,mass,mmchale13 try to electrocute self with phone cord,0
4423,electrocute,14cisistj,I be not the mom friend but i still see my friend a my little baby that i have to care for or else they will electrocute themselves,0
4424,electrocute,,why do my phone electrocute me when It be charge,0
4425,electrocute,,she say that she would love to come help but the sea would ... electrocute u all ... ?,0
4426,electrocute,michigan,it be freeze in my room amp i really want to unplug the ac but i do not want to electrocute myself and die,0
4427,electrocute,,i need you to delete this before i start cry into my computer and electrocute myself,0
4428,electrocute,,lightseraphs piss at you and could have their pikachu electrocute you and,0
4430,electrocute,here .,let her go - passenger,0
4432,electrocute,where I be suppose to be,omarmolina036 milioooo he be try to electrocute ya as laugh out loud hell no i be not fuck with emilio no more ?,0
4435,electrocute,"kutztown , pa",kayla be about to electrocute herself .,0
4436,electrocute,london,no but seriously i will electrocute half of uk army 's so i can touch bangtan i do not play game when it come to bts,0
4437,electrocute,"budapest , hungary",photo weallheartonedirection i wouldn't let david electrocute himself so im the asshole,0
4438,electrocute,"texas , usa",i would like to electrocute everyone who use the word ' fair ' in connection with income tax policy . - william f. buckley jr .,0
4440,electrocute,ca,photo weallheartonedirection i wouldn't let david electrocute himself so im the asshole,0
4441,electrocute,"houston , tx",foxnews he still have his beard - have he be visit by any1 while in prison ? if he keep that hideous beard electrocute him ! uglypeople,1
4442,electrocute,"cairo , egypt .",but the sea would ... electrocute u all .,0
4444,electrocute,south africa,eltorroloco we can hear the conversation now ... ' sorry senator we think you say ' electrocute ' 50 million ... ' etc .,0
4445,electrocute,,the link to watch the show well work or i might electrocute someone,0
4448,electrocute,,when i be cook early i get electrocute some crucial ? now I be psychic laugh out loud,0
4449,electrocute,karachi pakistan,pakistannews pakpattan city news man electrocute from our correspondent pakpattan a man be electrocute ...,1
4450,electrocute,,' hey bitch blow me ' uh no . stick your dick in some water then an outlet so you get electrocute ...,0
4451,electrocute,,christie keep tell me that i need to be electrocute,0
4452,electrocute,,so i have my phone charging and lighten struck in my backyard and i be hold my phone and it electrocute my hand ? hurt so bad man ?,0
4454,electrocute,,i get electrocute this morning how be your day go ? ?,0
4455,electrocute,,' why be i be constantly electrocute ? ' ' i do not know . be you by chance stand next to a cactus ? ' borderlands borderlands2 oocvg ftw,0
4456,electrocute,new york,woman electrocute red redblood videoclip,0
4457,electrocute,edinburgh,thatfatguy there be literally a video of an elephant he have tie up in metal cable and electrocute to death,0
4458,electrocute,htx,fr cuz i risk be electrocute every shower ?,0
4459,electrocute,,youth electrocute in khulna via sharethis,1
4463,electrocute,usa,south side factory where worker electrocute pay 17000 penalty columbus -,1
4464,electrocute,not so cool ky,michael talk about when he be electrocute oh my god rowysolouisville,1
4465,electrocute,,steveycheese99 mapmyrun where you be electrocute all the way round ? the map sure look like it .,0
4466,electrocute,north carolina,I be love this classic barn shot ! we may or may not have get electrocute get stung a few time and step in ...,1
4468,electrocute,,got electrocute last night at work for the first time in my life ... shit be weird ?,0
4470,electrocute,hampshire uk,.bbcnews .mwlippert southkorea dog prepare ! electrocutedboiling waterfur machine all still alive,0
4471,electrocute,oblivion ?,just think I would let you all know ... It be probably not a good idea to plug in your hairdryer when It be wet you will be electrocute .,0
4472,electrocute,"south west , england",mt earthsvoice treatment of tiger in china be appal electrocute in front of businessmen amp eaten saveti ...,1
4476,electrocute,,i be blow dry my hair amp the cable caught on fire . i let go of it as soon a i realize . just before i could get electrocute ?,1
4478,electrocute,?,i be work out today and i sweat so much like i though i be gon na get electrocute by earbuds oh my god,0
4479,electrocute,"redondo beach , ca",do baby actually get electrocute from wall socket ? I be wonder how i and those before me survive childhood .,1
4480,electrocute,"newcastle , england",also my iphone charger be break and i just electrocute myself .,0
4482,electrocute,new york city,it be a queer sultry summer the summer they electrocute the rosenberg and i do not know what i be do in new york .,0
4486,electrocute,,seriously look like a get electrocute after i blow dry my hair It be really attractive ?,0
4487,electrocute,"planet eyas , shandral system",zotar50 skeleton alchemist be electrocute to death by atamathon the giant golem on golem graveyard 1 .,1
4488,electrocute,karachi pakistan,pakistannews nankana sahib city news electrocute from our correspondent nankana sahib a youth be elect ...,1
4489,electrocute,,god damn it ! i electrocute myself ?,0
4490,electrocute,"mumbai , maharashtra",watch a man electrocute on the roof of mumbailocals be definitely a lesson ... people please learn ! lessonforlife marinelines mumbai,1
4491,electrocute,atlanta,work in factory pressing design onto t-shirt be electrocute dt faulty ground . bos dock my pay while i be at er worstsummerjob,1
4492,electrocute,,elsa be gon na end up get electrocute . she be gon na end up like that cat from christmas vacation .,0
4493,electrocute,,I be in the shower and i go to go change the song and of course i get fuck electrocute by the cord,0
4494,electrocute,,not be able to touch anything or anyone in penney without be electrocute ?,0
4496,electrocute,,student electrocute to death in school campus,1
4498,emergency,michigan,a whistleblower lawsuit accuse that supervisor of sleep on the job more than once accord to official .,0
4499,emergency,new york,survival kit whistle fire starter wire saw cree torch emergency blanket s knife - full re,1
4503,emergency,,emergency flow mp3 rar,1
4504,emergency,"new orleans , la",emergency dispatcher in boone county in the hot seat,0
4507,emergency,new york,survival kit whistle fire starter wire saw cree torch emergency blanket s knife - full re,0
4508,emergency,columbus ? north carolina,emergency surgery,0
4509,emergency,usa,deal 37592 temporary fake tooth teeth replacement kit emergency dental oral care come,0
4511,emergency,phoenix,god forbid anyone in my family know how to answer a phone . i need new emergency contact .,0
4514,emergency,denmark,alaskan prince of wale archipelagowolves be near extinction . demand emergency protection ! standforwolves,1
4515,emergency,davao city,' the day you learn the importance of emergency exit be the day your heartbeat stop sound familiar . ',0
4516,emergency,"base out of portland , oregon",newyorkcity for the international emergency medicine conference with lennon hill hospital and drjustinmazur,0
4517,emergency,kuwait,plane from new york to kuwait diverts to uk after declare state of emergency,1
4518,emergency,"wildomar , ca",when your child need emergency care they can be see in our emergency department by radychildrens specialist !,0
4519,emergency,,stl ace grille - surface mount speedtech light - amber emergency light - 544,0
4520,emergency,bush,the new quest type be ' level up quest ' . it an always present quest with x2 exp design to help people level up outside of emergency quest,0
4521,emergency,new york,11000 seed 30 vegetable fruit variety garden kit emergency survival gear mre - full rea,0
4522,emergency,"indianapolis , in",update indiana state police reopen i-65 near lafayette follow emergency bridge repair that close key highway for about 28 hour .,1
4523,emergency,we be global !,sf asian woman 's shelter crisis line 415 751-0880. emergency sheltersupport service 4 non-english speaking asian woman amp child .,1
4524,emergency,,emergency root canal ! tookitlikeaman lovemydentist sore,0
4525,emergency,,runnerjoy yes especially new client that walk in and think a wart be an emergency .,0
4526,emergency,adelaide,myanmar flood childfund and international need and care aust careemergencies appeal,1
4527,emergency,"anchorage , ak",anchorage job emergency medicine - nurse practitioner - healthcare recruitment counselor wasilla ak em ...,0
4528,emergency,world,set up an emergency fund in 3 easy step you never know when a surprise expense will pop up . so work up t ...,0
4529,emergency,,the eye of the nation amp broad conservation community be on alaska akgovbillwalker reinstate emergency buffer protectdenaliwolves,0
4530,emergency,university of limerick,gon na call up tomorrow with the aul ' emergency dental appointment ' excuse just like the whole tooth fall out incident of last year,1
4531,emergency,,loan until settlement day ? emergency money advance treasure-house self outbreed yours below take-home akx,0
4533,emergency,sacae plain,in both ' peacetime and time of national emergency . ',1
4534,emergency,"melbourne , australia",from leandotorg lean thinking for quicker police emergency response time,0
4537,emergency,southern maine,former heroin addict share story a city leader sound alarm city official say emergency team respond t ...,1
4538,emergency,,busty blonde teen natalia starr fuck the security guard on set view and download video,0
4539,emergency,five down from the coffeeshop,come across this fire video not mine ... enjoy ... fire fireman firetruck emergency rescue 911 summertime siren,1
4541,emergency,"renfrew , scotland",batfanuk we enjoy the show today . great fun . the emergency non evacuation be interest . have a great run .,0
4542,emergency,,denali wolf population decline from 143 in 2007 2 just 48 in 2015. reinstate emergency buffer zone protectdenaliwolves alaska adndotcom,1
4543,emergency,,chowtaxis of newport a big thanks for the emergency run to pick jackie up from bristol temple message much appreciate,1
4544,emergency,,I be glad when i call someone It be not an emergency since they never answer their phone or call back ?,0
4546,emergency,"koala lumper , malaysia",to supply and install new frp emergency slide at tunas kijangbank megara malaysia closing date 2015-08-14 ...,0
4547,emergency,,emergency in odai bucharest romania 600 dog die ! they be so hungry that they eat each other !,1
4548,emergency20plan,"antioch , ca",4 printable emergency plan template,0
4549,emergency20plan,,pots thank you for emergency dec. 4 day and no plan to get h20 to those who have no transport . can you deploy troop ?,1
4550,emergency20plan,"alexandria , va , usa",see aug 4 2015 poconorecord emergencymgtmag - how many household have an emergency plan ?,1
4551,emergency20plan,ireland,our builder be have a dental emergency . which have ruin my plan to emotionally blackmail him this afternoon with my bump .,1
4553,emergency20plan,"calgary , ab",this from the city of calgary - city of calgary have activate municipal emergency plan the municipal emergency ...,1
4556,emergency20plan,reedit,gamergate the end of reedit be come . It be time we devise an emergency evacuation plan .,0
4557,emergency20plan,"nashville , tn",niece these be especially good for you with the kid . megan swagger ruthann mccormick daisy henley ...,0
4561,emergency20plan,"bakersfield , ca",good tip ! do your family have an emergency plan ? ...,0
4562,emergency20plan,"calgary , alberta , canada",.cityofcalgary activates emergency plan amid severe thunderstorm warn yyc abstorm,1
4563,emergency20plan,somewhere in the canada,city of calgary activates municipal emergency plan -,1
4564,emergency20plan,nagpur,govt plan for rs40000cr lifeline to fci waste of money ask people to store grain fr 3612 month fr emergency enough capacity available nw,0
4565,emergency20plan,"los angels , ca",do you know the emergency plan at your workplace ? if not ask your supervisor or operation manager . retail,0
4567,emergency20plan,surrey manchester,national health service england announce new plan to meet emergency care target,0
4568,emergency20plan,"calgary , ab , canada",the city have activate the municipal emergency plan . primarily stay indoors avoid flood area call 311 for ...,1
4569,emergency20plan,,city of calgary activates municipal emergency plan - 660 news,1
4571,emergency20plan,calgary,hello calgary ! important news ! please be advise !,1
4573,emergency20plan,"fort myers , florida",cool tip from our friend at counterstrike security amp sound ...,0
4575,emergency20plan,"atlanta , ga",bc it cost less to have sick people use emergency room ? ... grrrr ...,1
4576,emergency20plan,im in route,basedgeorgie yo forreal we need to have like an emergency action plan incase donald trump become president while that lil baby,1
4577,emergency20plan,"madison , wi",rebeccaforreal accepts wisconsin emergency response plan on behalf of govwalker nbc15,0
4578,emergency20plan,kansas city,cruise 's ' mi 5 ' emergency plan awesome fail,0
4579,emergency20plan,north hastings ontario,practice your family fire escape plan so everyone know what to do in case of an emergency .,0
4580,emergency20plan,u.s. northern virginia,biztip we recommend all business to get an alternative source of electricity . solar wind and battery . have an emergency plan ! now !,1
4582,emergency20plan,m ! pp !,when your body 's like ' go to fuck to sleep same ' and your mind 's like ' make an emergency plan for every natural disaster go ',1
4584,emergency20plan,indiana,do you have a plan ? emergency preparedness for family of child with special need autism specialneeds,0
4585,emergency20plan,los angels,senator call for emergency housing boxer einstein back plan to move homeless vet to va campus,1
4587,emergency20plan,"cochran , alberta , canada",severe thunderstorm warning remain for cochran . cityofcalgary have enact municipal emergency plan after today 's storm . abstorm,1
4588,emergency20plan,"leduc , alberta , canada",can not fix stupid . mt cbccalgary do not drive through flooded underpass warn city a it enact municipal emergency plan . yyc abstorm,1
4589,emergency20plan,,do you have an emergency drinking water plan ? download guide in english spanish french arabic or vietnamese .,0
4590,emergency20plan,"chapel hill , nc",a big issue leave undone be how to get home if adverse weather hit . gotriangle have no real emergency plan in place,1
4592,emergency20plan,,city of calgary activates municipal emergency plan a more thunderstorm approach,1
4593,emergency20plan,"204 , 555 11 avenue s.w .",the municipal emergency plan be now in effect . stay safe everyone ! abstorm yyc,1
4595,emergency20plan,calgary,storm conclude city of calgary 's municipal emergency plan deactivate,1
4596,emergency20plan,"augusta , ga",county 911 overload prompt use of emergency plan during july 4 celebration,0
4597,emergency20plan,"dallas , tx",chrisroth98 chaselabsports in an emergency situation late in the year . not a a plan in camp,1
4598,emergency20services,,chillimik hushlegs hah ? ... be you really compare yourselves to the emergency service ! that brilliant ! talk about up your own are !,0
4599,emergency20services,london,tflbusalerts tflbusalerts the drive in alford close both way while emergency service deal with a call out . bus be now stick .,1
4600,emergency20services,,glenstannard essexweather do you know where about a i hear emergency service near by,1
4601,emergency20services,"torrance , ca",join the providence health amp service team ! see our late nursing job open here torrance ca hire,0
4602,emergency20services,"usa , alabama",sustainability task force present levy to fund emergency service - wdtv,1
4604,emergency20services,"olympia , wa",nursing alert emergency department psychiatric rn .90 fte day providence health amp service olympia wa,1
4606,emergency20services,"london , uk",i be not an american but i have family who have serve in the military work in the emergency service and work in ...,1
4607,emergency20services,,emergency service committee and personnel committee meeting on thursday night,0
4608,emergency20services,,we be hire ! click to apply rn iiemergency servicesft7p-7a - nursing houston tx,1
4609,emergency20services,"ca , az nv",we be hire ! read about our late job open here rn nurse shift manager emergency service - full time ... -,0
4610,emergency20services,"british columbia , canada",veteran vet act would ensure every military veteran 's access to high level of emergency care service proper treatment ... followme,0
4611,emergency20services,auckland,emergency service unsure how to cope with loss of page network,0
4614,emergency20services,,brooklyn locksmith domesticate emergency mechanic service circa the clock movement ! gba,0
4616,emergency20services,"orange county , ny",public hearing on 2015-16 sunyorange budget thurs 86 at 315 emergency service ctr goshen .,0
4617,emergency20services,"henderson , nevada",apply now to work for dignity health a rn emergency service full time 7a-730p siena campus in henderson job,0
4619,emergency20services,"los angels , ca",want to work in missionhills ca ? view our late open nurse job job hire,0
4620,emergency20services,"vancouver , british columbia",remove tsunami debris from the west coast karen robinson environmental and emergency service manager of the,1
4622,emergency20services,"london , england",the tubestrike be because tfl worker may have trouble planning downtime . i hope none need emergency service .,0
4624,emergency20services,usa,break news - call for tasmania 's emergency service to be train in horse ... -,1
4625,emergency20services,"nevada , usa",can you recommend anyone for this job ? rn emergency service full time 3p - 330a rise de lima campus - hiring,0
4627,emergency20services,,emergency shutdown system - edmonton,1
4628,emergency20services,alaska,healthcare job in kodiak ak emergency service supervisor - emergency ... at providence health amp service job,0
4630,emergency20services,"whippany , nj",air group be here to the rescue ! we have 247 emergency service ! learn more about it here -,0
4631,emergency20services,"seattle , wa",want to work at swedish health service ? we be hire in seattle wa ! click for detail nurse job job,0
4632,emergency20services,"sydney , new south wale",goulburn man henry van belsen miss emergency service be search for a goulburn man who disappear from his,1
4634,emergency20services,"olympia , wa",we be hire ! read about our late job open here emergency department psychiatric rn .90 fte day -,0
4635,emergency20services,"kodiak , ak",providence health amp service emergency service supervisor - emergency department ... kodiak ak healthcare job,0
4637,emergency20services,"los angels , ca",want to work in tarzan ca ? view our late open nurse job job hire,0
4639,emergency20services,?,beyond stress beyond hysteria into the grey misty indifference of complete shutdown of all but emergency service in my brain,0
4641,emergency20services,sydney,service be return to normal southline after a medical emergency at yennora and urgent track equipment repair at cabramatta earlier .,1
4642,emergency20services,"birmingham , england",swayoung01 hi i think that i recognize your smile . i believe that the emergency service be the best performing art follower simon .,0
4644,emergency20services,"park ridge , illinois",our doctor and nurse in the new pediatric emergency department be all specialize in child service !,0
4646,emergency20services,"los angels , ca",missionhills ca nurse register nurse - emergency department full time ... at providence health amp service,0
4649,engulfed,"fredonia , ny",just saw a car on the i-77 fully engulf in flame hamah,1
4650,engulfed,,men escape car engulfed in flame in parley 's canyon crew investigate cause -,1
4655,engulfed,,men escape car engulfed in flame in parley 's canyon crew investigate cause -,1
4656,engulfed,,he come to a land which be engulf in tribal war and turn it into a land of peace i.e . madinah . prophetmuhammad islam,0
4657,engulfed,"glendale , ca",trafficalert eastbound 210 freeway at citrus ave in azusa . two motorcycle involve in accident with one fully engulf in flame in lane,1
4658,engulfed,,men escape car engulfed in flame in parley 's canyon crew investigate cause -,1
4659,engulfed,kuwait,he come to a land which be engulf in tribal war and turn it into a land of peace i.e . madinah . prophetmuhammad islam,1
4661,engulfed,,tube strike live late travel update a london be engulf in chaos cross-london travel will be accept ...,1
4664,engulfed,"fleetoxford , uk",just get engulf in a car-induced tidal wave on my run ... i think this only happen in the movie ?,0
4666,engulfed,,fnaftalkmc stand there engulf in the fire smiling,0
4667,engulfed,uk,tube strike live late travel update a london be engulf inchaos,1
4669,engulfed,bahrain,he come to a land which be engulf in tribal war and turn it into a land of peace i.e . madinah . prophetmuhammad islam,1
4670,engulfed,coventry,do you feel engulfed with low self-image ? take the quiz,0
4671,engulfed,,men escape car engulfed in flame in parley 's canyon crew investigate cause -,1
4672,engulfed,,he come to a land which be engulf in tribal war and turn it into a land of peace i.e . madinah . prophetmuhammad islam,0
4673,engulfed,,michael be engulf by that jumper,0
4674,engulfed,newcastle,why be you engulf by low self-image ? take the quiz,0
4675,engulfed,forslrp,godsfirstson1 and she wrap his coat around herself . it practically engulf her .,1
4677,engulfed,"rochester , ny",when your cake be engulf in flame literarycakes,0
4678,engulfed,,raheelsharif be manifest how one right man at the helm can save a sinking ship engulf in a dark-stormy-tidal-sea . well do .,1
4679,engulfed,california,why tf do i decide to workout today ? my body feel like It be be engulf by a mass of fiery disdain .,0
4680,engulfed,,do you feel engulfed with low self-image ? take the quiz,0
4681,engulfed,nevada wish for colorado,man be equally incapable of see the nothingness from which he emerge and the infinity in which he be engulfed - blaine pascal,0
4682,engulfed,"kokomo , in",fully engulf garage fire propane tank inside . sunnymeade dr .,1
4684,engulfed,,he come to a land which be engulf in tribal war and turn it into a land of peace i.e . madinah . prophetmuhammad islam,0
4687,engulfed,london,suelinflower there be no word to describe the physical painthey rip you apart while you scream for dear lifeits like be engulf,0
4688,engulfed,,zachzaidman 670thescore wld b a shame if that golf cart become engulfed in flame . boycottbears,0
4689,engulfed,usa,car engulfed in flame back up traffic at parley summit,1
4690,engulfed,"kenosha , wi 53143",why be you engulf by low self-image ? take the quiz,0
4691,engulfed,,he come to a land which be engulf in tribal war and turn it into a land of peace i.e . madinah . prophetmuhammad islam,0
4692,engulfed,,men escape car engulfed in flame in parley 's canyon crew investigate cause -,1
4693,engulfed,,men escape car engulfed in flame in parley 's canyon crew investigate cause -,1
4694,engulfed,,men escape car engulfed in flame in parley 's canyon crew investigate cause -,1
4695,engulfed,coventry,do you feel engulfed with low self-image ? take the quiz,0
4696,engulfed,london,' tube strike live late travel update a london engulfed in chaos ' lt- genuine baffling telegraph headline,1
4697,engulfed,,lucas dude be ghost rider . not the nic cage version but an actual ' engulfed in flame ' badass . gets,1
4698,epicenter,londonsurrey,carneross indeed and a remarkably puny idea to place at the epicenter of a new post-capitalism epoch,0
4699,epicenter,,question be anybody else have this problem with the ' 7 ' circle in epicenter ?,0
4700,epicenter,"charlotte , nc",tomorrow kick off your weekend with drink amp entertainment aliveafter5,0
4702,epicenter,san diego,elisagxrcia i think of that every time i go to the epicenter hah,0
4703,epicenter,"charlotte , nc",this friday ! club vault 3rd floor epicenter,0
4704,epicenter,lagos,tanzania elephant population decline by 60 in five year census reveals,0
4705,epicenter,clt,i need a spot w some drink special . I be kinda tire of the epicenter,0
4706,epicenter,africa,retweet calestous tanzania elephant population decline by 60 in five year census reveals,1
4707,epicenter,san diego,september 15 defeater at the epicenter hell yeaahh,0
4708,epicenter,,how a little studio in the middle of nowhere be become the epicenter of communication .,0
4709,epicenter,,epicenter - lydia tweak - thanks to phillipten .,0
4710,epicenter,lydia,question be anybody else have this problem with the ' 7 ' circle in epicenter ? via jailbreak,0
4711,evacuate,,i feel like if kayla and cee ever get in the same room everyone should evacuate because it would be so petty and childish i could not deal,1
4712,evacuate,,chicago ap organizer of lollapalooza say they be reopen the music festival after the threat of a storm prompt them to evacuate,1
4713,evacuate,tallahassee florida,learn how to evacuate your home in the event of a wildfire view video at ca nv ut co or,1
4714,evacuate,,disaster control team be study way to evacuate the port area in response to tidal wave warnings.900037,1
4715,evacuate,new england,' so again make sure to evacuate past the fire door . any question ? yes ? ' ' why would we open the door to the fire ! ? ! ? ! ? ' i ... i ... i cant,0
4716,evacuate,"waterloo , ont",when there be a fire alarm go off in zehrs and we keep work for 20 minute then decide to evacuate everyone ...,1
4717,evacuate,,california amp039monsteramp039 fire be 20 contain a 13000 be tell to evacuate,1
4719,evacuate,,if you do a cannon ball into the ocean then japan would evacuate .,1
4720,evacuate,worldwide,firefighters evacuate from northampton township house fire,1
4722,evacuate,17-feb,okay i need all of you to evacuate the house so i can write this poem,0
4723,evacuate,brisbane,fire crew evacuate passenger from a gold coast tram trap when powerlines fell across a carriage . tenners 5pm,1
4724,evacuate,"new britain , ct",cascade - evacuate the dancefloor official video via youtube,0
4725,evacuate,,disregard my snap story there be an angry white girl riot happen a we speak . evacuate,1
4726,evacuate,,fwd i literally jump out of bed put on beach clothes and run out my door like i have to evacuate for an apocalypse,0
4729,evacuate,,pls can alllll the nitty evacuate stockwell,0
4730,evacuate,,cancel the fucking show . evacuate metlife,0
4731,evacuate,,condemnation clearly replace the late response aimlessly dry evacuate detersion de hlg,1
4732,evacuate,"chevy chase , md",the efik would be design for building occupant once they evacuate and report to their evacuation assembly site,1
4734,evacuate,la - everywhere,jay and alexis break up there go all your faith and goal people ... evacuate yourself,0
4735,evacuate,wrap and yuk 's finger,joonma dealbreaker that be it that be the dealbreaker s.o.s . abandon ship evacuate the building,1
4736,evacuate,sever county .,so all the store 's fire alarm go off today at work and we have to evacuate . i be like ' omg ! i.s.i.s . it happen ! ',1
4737,evacuate,,louis be sad . cancel the show now . everyone leave . evacuate . this can not go on .,0
4738,evacuate,rochester,no do not evacuate the student just throw them in the dungeon . that be stupid .,0
4739,evacuate,,the u.s. also fly over each bomb site in world war ii with warn letter tell people to evacuate,1
4740,evacuate,"gold coast , qld , australia",mygc broken powerlines evacuate gold coast tram suspend service,1
4742,evacuate,,soon police dispatch say there be a person threaten to shoot up the walmart on rutherford amp they have to evacuate,1
4744,evacuate,,the summer program i work for go the city pool we have to evacuate because one of my kid leave a surprise . jimmyfallon worstsummerjob,0
4745,evacuate,london uk,u govt refuse to evacuate 1000 of american from yemen yemen usa evacuation abandon,1
4747,evacuate,nashville,ahhtheenikki and from what i can tell they respond to today 's gunman quickly and be able to evacuate all the people so no one be shoot .,1
4748,evacuate,fly hippie you know,30 second for my bitch to evacuate ?,0
4749,evacuate,u.s.a,california wildfire force thousand to evacuate via youtube,1
4750,evacuate,an eight-sided polygon,pantalonesfuego yeah i grow up in the canyon above l.a. we have to evacuate a few time .,1
4752,evacuate,,quick shut down the show take the stage down evacuate everyone from the premise louis be upset,0
4753,evacuate,konoha village,meetkakarotto ' do n't bother while you be offline i manage to evacuate everyone out of here include hinata so so go ahead and cause,1
4754,evacuate,"st. catharine , ontario",evacuate from your life .,0
4755,evacuate,?,tonight be be quite interest ... a few minute ago the fire system go off and we have to evacuate the building .,1
4757,evacuate,fsc ' 19,i just want everyone to know that emile be worried i be get a milkshake when we be suppose to evacuate,1
4758,evacuate,901,and my fam have to evacuate bc we need power,1
4759,evacuate,"london , england",wow . fifa16 have pre season tournament in career mode . bloody hell evacuate the building whocares,0
4760,evacuate,,perhaps the criminal murderous nazi should pack their bag amp evacuate themselves from london amp all uk ? tubestrike well do !,0
4762,evacuate,,do anyone know why murfreesboro walmart be evacuate this evening ? dnjcom,1
4765,evacuate,"chicago , il",green line service on south side disrupt after cta train derail passenger evacuate .,1
4766,evacuate,gold coast,powerlines down over tram on gc highway . passenger have just be evacuate 9newsbrisbane 9newsgoldcoast,1
4768,evacuate,"portland , oregon",red cross reopens shelter at bickleton school after 25 home evacuate in amp around roosevelt wa due to wildfire . liveonk2,1
4769,evacuate,"portland , ore .",new evacuation order for 25 home in danger of hwy . 8 fire near roosevelt wash. koin6news,1
4770,evacuate,florida,they evacuate the mall . again . ?,1
4771,evacuate,,more than 300 camper evacuate a california wildfire blaze on official say,1
4773,evacuate,north west england uk,strafford center film fan angry after odeon cinema evacuate follow false fire alarm twitter user tell ...,1
4774,evacuate,"denver , colorado",13000 evacuate a california firefighter fight flame to save home . rockyfire,1
4775,evacuate,"manchester , uk",strafford center film fan angry after odeon cinema evacuate follow false fire alarm,1
4777,evacuate,midwest,rocky fire in northern california swell to 60000 acre 12000 evacuate portland phoenix miami atlanta casper,1
4778,evacuate,manchester uk,strafford center film fan angry after odeon cinema evacuate follow false fire alarm twitter user tell of,1
4779,evacuate,"tv5 , philippine",5 dead 3 miss 103 family evacuate due to flood in bukidnon ...,1
4782,evacuate,"hackney , london",missleylaha i do not get to buy one after the last london show because the fire alarm go off and everyone have to be evacuate . hahahaha,0
4783,evacuate,"nashville , tn",just get evacuate from the movie theatre for an emergency . saw people run from another they be .,1
4784,evacuate,,worldnews fall powerlines on link tram update fire crew have evacuate up to 30 passenger who be tr ...,1
4785,evacuate,"queensland , australia",passenger evacuate amp lane block off a power line come down over a gold coast tram 9newsgoldcoast,1
4786,evacuate,,alert ! sandy hook elementary school evacuate after bomb threat,1
4787,evacuate,"harpurhey , manchester , uk",strafford center film fan angry after odeon cinema evacuate follow false fire alarm,0
4788,evacuate,"portland , oregon",evacuation order lift for roosevelt in highway 8 fire . koin6news,1
4789,evacuate,"benton city , washington",our thought be with these local resident ! time for some heavy rain !,1
4790,evacuate,manchester,strafford center film fan angry after odeon cinema evacuate follow false fire alarm twi ... manchesterlite,1
4791,evacuate,"chicago , but philly be home",78 passenger evacuate safely after green line train derails .,1
4793,evacuate,,hotel evacuate after fire on shore drive in norfolk,1
4794,evacuate,,115film doctor we must leave immediately the core be unstable ... the whole building be tell to be evacuate . take the research . we need ...,1
4795,evacuate,break news,evacuation order lift for town of roosevelt - washington time,1
4797,evacuate,seoul,rocky fire,1
4798,evacuate,,harar al sham in our negotiation with iran over al zabadani they want all sunni evacuate out of al zabadani !,0
4799,evacuate,wa state,entire town of roosevelt wash. evacuate because of wildfire,1
4800,evacuate,"hensley street , portland",katunews sr14 remain closed a brush fire burn 1700 acre liveonk2,1
4802,evacuate,,good thing there be actually just a legit fire in the mall and nobody evacuate !,1
4803,evacuate,michigan,be it seclusion when a class be evacuate and a child be leave alone in the class to force compliance ? morevoices,1
4807,evacuate,west,rocky fire in northern california swell to 60000 acre 12000 evacuate portland phoenix miami atlanta casper,1
4808,evacuate,,i get evacuate from the cinema 30 min through inside out kill me please,0
4809,evacuate,everywhere,gold coast tram hit by fall powerlines up to 30 people have be evacuate from a tram on the gold coast af ...,1
4810,evacuate,"gold coast , australia",tram traveller evacuate after powerlines come down in surfer,1
4812,evacuation,,fan order evacuation of abandon aircraft at mma fan note that the action have become necessary due to re ...,1
4813,evacuation,"portland , oregon",break authority have issue new mandatory evacuation notice for 25 home to the north of the fire in roosevelt wa,1
4814,evacuation,,fan order evacuation of abandon aircraft at mma via todayng,0
4819,evacuation,washington,roosevelt wash. under evacuation order due to wildfire,1
4820,evacuation,"eureka , california , usa",humboldt cty sheriff 's office have issue an evacuation advisory for 10 residence in the classics area ... more info at,1
4821,evacuation,"lagos , nigeria",fan order evacuation of abandon aircraft at mma,1
4823,evacuation,,vietnam war patch u 71st evacuation hospital highland medic,1
4825,evacuation,,. veldfest announces refund after day two 's extreme weather evacuation,1
4826,evacuation,sydney australia,our mission to see the end of this movie last night markoturner annaciclismo after get fire alarm evacuation,1
4828,evacuation,"bend , oregon",update bend fd say roof co. worker accidentally cut through natural gas line in post office lead to evacuation for about a half-hr,1
4829,evacuation,"bend , oregon",evacuation advisory for swayback ridge area ... voluntary-inciwebmad river complex announcement wildfires calfires,1
4830,evacuation,,run out evacuation hospital index remedial of angioplasty dissertation at power elite hospital dismay,1
4831,evacuation,"chevy chase , md",so the ifak be an ' individual first aid kit ' to treat a single trauma victim i think i should create the efik or evacuation first aid kit,1
4832,evacuation,"natinixw hoops , berkeley",elm poo help the displace from the rocky fire . please consider ! elm evacuation center via gofundme,1
4833,evacuation,usa,bend post office roofer cut gas line prompt evacuation -,1
4834,evacuation,"minna , nigeria",fan order evacuation of abandon aircraft at mma fan note that the action have become necks ... via todayngr,1
4835,evacuation,eiu chucktownlasalle il,ericbulak jaclynsonne oliviaann i be look for you guy on the live stream . I be guess the evacuation cost you the front ?,0
4836,evacuation,uk,fan give owner of abandon aircraft evacuation ultimatum via dailytimesngr . they should probe them too !,1
4840,evacuation,northern california u.s.a .,updated rockyfire map with mandatory evacuation area red advisory evacuation yellow 2 eva center green,1
4842,evacuation,"yellowknife , nt",update the gnat have just issue a voluntary evacuation order for cabin owner at pickerel lake near the reid ...,1
4843,evacuation,"bend , oregon",evacuation order lift for town of roosevelt wash. though resident warn to be ready to leave quickly,1
4844,evacuation,"renfrew , scotland",batfanuk we enjoy the show today . great fun . the emergency non evacuation be interest . have a great run .,0
4845,evacuation,"sydney , australia",my school just put the evacuation alarm on accidently with 2 different trial exam happen be you kid me,0
4846,evacuation,united state,walk down the middle of michigan ave last sunday during lolly evacuation 2015,1
4847,evacuation,"t 43.631838 , -79.55807",ink entertainment address veld evacuation and refund status trc via torontorc,0
4848,evacuation,yellowknife,a voluntary evacuation be be recommend at this time for pickerel lake cabin across highway from reidlake fire say mama nwt yzf,1
4849,evacuation,"u 44.414510,8.942499",ibrahimmisau fan order evacuation of abandon aircraft at mma via twitter,1
4850,evacuation,"tri-cities , wash .",evacuation order lift for town of roosevelt,1
4852,evacuation,"bend , oregon",update more from bend fd on how a natural gas line cut prompt evacuation of the main post office this afternoon,1
4853,evacuation,"portland , ore .",new evacuation order for 25 home in danger of hwy . 8 fire near roosevelt wash. koin6news,1
4854,evacuation,,reid lake fire prompt campground evacuation order,1
4856,evacuation,,this be an evil generation rock and roll evacuation ! as far a the eye can see ! hey hey hey hey !,0
4857,evacuation,the empirefirst order,ariabrisard leiaorganasolo good . play along with her . you may begin your operation with the death star . the evacuation be nearly complete .,0
4858,evacuation,"brisbane , queensland",evacuation drill at work . the fire door would not open so i get to smash the emergency release glass feelingmanly,0
4859,evacuation,usa,evacuation order lift for roosevelt after wildfire miss town - homo news,1
4860,evacuation,"moncton , new brunswick",gas leak force evacuation in east saint john nb,1
4864,explode,ig imaginedragoner,if ryan do not release new music soon i might explode,0
4866,explode,,learn how i gain access to the secret of the top earner amp use them to explode my home business here please rt,0
4867,explode,,noahcrothman bore him with minutia serve bad champagne . he may just explode .,0
4868,explode,london berlin online,' i eat because it make my mouth explode with joy and my soul rise upwards . ',0
4869,explode,"williamsburg , va",housing start explode to newheights,0
4870,explode,,annealiz1 you be go to make the internet explode with this dr. simon . oo ... be he alone or be there a redhead nearby ? laugh out loud,0
4872,explode,emily helen shelley,attjcdemos folieacat well we all know her old user be like a timebomb ... destine to explode,0
4874,explode,"new orleans , louisiana",see these guy reach the front foot out load the shoulder and spin ? neither do i ! hit loadampexplode,0
4875,explode,"yamaku academy , class 3-4",k except every character be shizune . the world would explode .,0
4876,explode,,whether you like it or not everything come out of the dark be ready for that shit to explode ?,0
4877,explode,australia,It be cold and my head want to explode ... the joy of work from home - I be go back to bed peace out ?,0
4878,explode,"spring grove , il",if schwarber ran into me go that fast i would explode into piece,0
4879,explode,the windy city,be he about to crash ? do the queen die ? do something explode ? who know .,1
4881,explode,,i swear it feel like im about to explode ?,0
4882,explode,"washington , d.c .",kendall jenner and nick jonas be date and the world might quite literally explode,1
4883,explode,"oklahoma city , ok",my brain id about to explode laugh my as off,0
4884,explode,"bloomington , in",after have two can explode i want to drink the rest but these ... kali coffee stout photo,0
4887,explode,,learn how i gain access to the secret of the top earner amp use them to explode my home business here please rt,0
4888,explode,"yamaku academy , class 3-4",version of k where if a character be every character world would explode . rin shizune mishap emi kanji yuuko nomiya hisao,0
4889,explode,united state,philadelphia eagle jordan matthew be go to explode in 2015 news hotnewscake,0
4890,explode,"whitey , on",I be about to explode ?,0
4891,explode,,learn how i gain access to the secret of the top earner amp use them to explode my home business here please rt,0
4892,explode,kajang ? uitm puncak alarm,my head gon na explode soon,0
4893,explode,"dallas , tx",deniseromano megynkelly gop that be one way to make their head explode ...,0
4894,explode,,block the plate with a charge schwarber come down the line cervelli . i dare you . you would explode into a little puff of smoke,0
4895,explode,,allenenbot if you mess up It be gon na explode ...,1
4896,explode,? philly baby ?,my brain go to explode i need to leave this house . ill be out smoke pack if you need me,0
4897,explode,"cleveland , tn",vine of the year oh my god i be about to explode,0
4898,explode,theythem,tag by attackonstiles million a-punk hang em high alpha dog yeah boy and doll face little white lie explode,0
4899,explode,,learn how i gain access to the secret of the top earner amp use them to explode my home business here please rt,0
4900,explode,my deli,what if i want to fuck the duck until explode . it could be greasy,0
4901,explode,,all these people explode ?,0
4903,explode,,learn how i gain access to the secret of the top earner amp use them to explode my home business here please rt,0
4905,explode,,anonchimp think it a tie with thunderstorm though they make my soul explode ...,0
4906,explode,,my head be gon na explode,0
4908,explode,winnipeg,I be ready to explode !,0
4909,explode,new hampshire,deldryden if i press on the twitch will my head explode ?,0
4910,explode,,toronto go crazy for the blue jay . can you imagine if the leaf get good ? the city might literally explode .,0
4911,explode,,chick masturbate a guy until she get explode on her face gt,1
4912,explode,trust district,crimsonfuckingv bitchl0vecannon even you have to admit seas that sasha be a cute piece of as . then she explode all over the sidewalk .,0
4913,explode,? in yokohama japan,kakeru teduka before 70years of today in hiroshima It be explode the one atomic bomb . it be so sad day .,1
4914,explode,london,a tin of tesco dog food ' explode ' and prompt this complaint - via chelseadogs pet dog animal puppy,0
4915,explode,lfc x gsw,kopiteluke1892 it broken it fully explode .,1
4917,explode,,im dead ! my two love in 1 photo ! my heart explode into a million piece ! ? brandonskeie samsmithworld,0
4918,explode,,the dress meme have officially explode on the internet,1
4919,explode,"chicago , il",final medina update shoot a 105 . 49 on front explode with a 56 on back . imkeepingmydayjob pic be famous 17,1
4920,explode,"elwood park , nj",well a i be changing an ipad screen it fuck explode and glass go all over the place . look like my job be go to need a new one .,0
4922,explode,usa,the dress meme have officially explode on the internet,0
4923,explode,,my little heart just explode otrametlife mtvhottest one direction,0
4924,explode,australia,junk be 13 year old when the atomic bomb explode over hiroshima on august 6 1945 .,1
4926,explode,south east of u.k,just saw the man whose mind explode . there should be a drake zarharzar day .,0
4929,explode,,i read about that break for hour before twitter notice it and i though that be nothing to worry about bc twitter be not exploded bc of it,0
4931,explode,,that explode amp bring about the beginning of universe match what be mention in the versethe heaven and earth thus the universe,0
4934,explode,usa,if you tell me ten year ago that I would be see anime on the big screen ... ... i probably would have explode,0
4935,explode,,the dress meme have officially explode on the internet,0
4936,explode,,reason bluewestlo have explode on youtube 38745,0
4938,explode,lrhcthbandfour - bournemouth,luke microphone explode ovary,0
4940,explode,"oakland , ca",holy crap kingmyth1999 my phone just explode . hah,0
4943,explode,antigua ? new york city,do this man just squeeze another man 's head with his bare hand until it literally explode ?,0
4944,explode,jamaica,itsnasb now i have to go replace my sarcasm meter which just explode . -,0
4945,explode,zboyerwashingtontimes.com,kai forbath just demolish a weather station set up on a drill field with a missed field goal . thing just explode into metal bit .,1
4946,explode,,merycormier hah ! exactly ! colima be definitely in the hot seat . laugh out loud ' it 's shay . ' be no different from a bomb that get explode .,0
4948,explode,wonderland ? ? ?,my head explode i swear,0
4951,explode,,yumiko jump in surprise a the fire shot upwards into the air and explode catch off guard ' noah ... ' she had lenkaiswaifu,0
4952,explode,,that explode amp bring about the beginning of universe match what be mention in the versethe heaven and earth thus the universe,0
4953,explode,elizabeth king,oh yeah my ipod almost explode last night i be use it while charge and shit be spark akxbskdn almost die,1
4954,explode,germany,lunasagalle synapsenkotze ' the exploded - bean the bastard ',0
4955,explode,,date meet sex hot teen as explode by fat cock,0
4957,explode,,news science london warship explode in 1665 because sailor be recycle artillery cartridge ... life teach,1
4958,explode,,okgooner hahaha great song . ' spent 15 year get load . 15 year till his liver explode . now what be bob go to do now that he ... ',0
4959,explode,,work at a fast food joint . poured burnt hot oil down the sink . it hit the water in the trap and explode . fallontonight worstsummerjob,0
4961,explosion,new york,new explosion-proof tempered glass screen protector film for blackberry z10 - full read by,0
4962,explosion,"london , uk",ee recall power bar phone charger after explosion burn woman the register,1
4964,explosion,,another mechanical mod explosion man injure when a ' pharaoh ' mod blow up in his hand -,1
4966,explosion,,report corey brewer be drug test after 51-point explosion,1
4967,explosion,,young dancer move about 300 youth in attendance at the gmmbc youth explosion this past saturday . inspiring !,1
4968,explosion,"london , united kingdom",around 10 injured in explosion in chemical park in western germany ...,1
4969,explosion,germany,i like a youtube video huge building explosion at 2500fps - the slow mo guy,1
4970,explosion,,large explosion rock aluminum plant in southeast missouri renaomi-no logo,1
4971,explosion,"chicago height , il",... do not think I have ever be this close to a mental explosion in so long,0
4972,explosion,,gaelite 0 explosion greg 2 top 3rd 0 out 0 ball 0 strike ... no one on p 16 morgan orchard b,1
4973,explosion,,it a tie dye explosion on instagram help me . im drown in tie dye,1
4974,explosion,,explore new world three moment of an explosion by china miville,1
4975,explosion,s.f . bay area,more-gtosha officer on siteinvestigating noranda explosion -kfvs12 news cape girardeau carbondale poplar bluff,1
4978,explosion,,a time-lapse map of every nuclear explosion since 1945 - by sao hashimoto war atomicbomb,1
4979,explosion,blood indian reserve,kircut1 let get a dope picture together and have the dopes explosion ?,0
4980,explosion,,big data and social information explosion the union that could evolve your retail strategy ... hua,0
4981,explosion,,aspire musician amp song writer share her talent at the gmmbc youth explosion on this past saturday .,0
4982,explosion,,colinhoffman29 i hope he do . and i hope you die in the explosion too,1
4983,explosion,"columbus , oh",a pyrotechnic artwork by cai guo-qiang explodes into a blossom on the step of the philadelphia ...,1
4984,explosion,"chicago , il",aminespn mencius tear be bad correct ? take the explosion n more pain day to day right ?,0
4985,explosion,on the toilet have a dump,lordrsbiscuits that be always good for a pretty explosion .,1
4986,explosion,,new explosion-proof tempered glass screen protector film for blackberry z10 - full read by,0
4988,explosion,"city of london , london",ee recall power bar battery pack after explosion in student 's bedroom,1
4989,explosion,,cum explosion ! begforcum alldaycumshots cumcovered sexycumshots cumtown bjnutt cumslut2 girlslovecum,0
4990,explosion,,saddle with accountable information explosion tip pro preferable financial top brass tawfmcaw,0
4992,explosion,new york,new explosion-proof tempered glass screen protector film for blackberry z10 - full read by,0
4993,explosion,new york,new explosion-proof tempered glass screen protector film for blackberry z10 - full read by,0
4995,explosion,,do you miss the bitcoin explosion - do not miss out - hangout tonight at 830pm est gtgtgt,0
4996,explosion,,kindermorgan gas explosion,1
4997,explosion,florida,tampa super freestyle explosion live in concert at amalia arena - sep 19 ? ticket info,0
4998,explosion,"long island , ny",we find a sunflower explosion on our walk .,1
5000,explosion,,be in a bad as mood today get on the elevator at school and decide to make explosion nose everytime some one press a button ?,0
5001,explosion,,checkout all the burgle rule amp feature that sneak in on throne 's wd !,0
5002,explosion,new york,new explosion-proof tempered glass screen protector film for blackberry z10 - full read by,0
5004,explosion,palestine texas,you be invite to the expo explosion summer event 2015 ! when august 14th friday 2015 where ben e keith ...,1
5005,explosion,,the gusto in persist have amongst empty-pated communication explosion hpssjd,1
5007,explosion,,the inside of the explosion box ... get it customize the way you want ! dcubecrafts greetingcards,0
5008,explosion,,for those that be interested in the gun powder art discuss at the end of ' introduction to theological aesthetic ',0
5010,explosion,"kauai , hawaii",the government be concern about the population explosion and the population be concern about the government explosion . - joe moore,0
5013,eyewitness,,remember pittsburgh eyewitness history of steel city by len barcousky pb penn,0
5015,eyewitness,east london .,squibb i be an eyewitness ha,0
5016,eyewitness,,eyewitness identification via reedit,0
5017,eyewitness,rhode island,wpri 12 eyewitness news rhode island set to modernize it voting equipment wpri 12 eyewitness,0
5018,eyewitness,jammy and kashmir,eyewitness account of survivor of hiroshima glean from a number of oral history project,1
5019,eyewitness,canada,dutch crane collapse demolishes house dramatic eyewitness video capture the moment a dutch crane hoisting ...,1
5022,eyewitness,,eyewitness medium be actively embrace by uk audience . read the report by emhub on the impact of ugc in news,0
5024,eyewitness,united state,read an eyewitness account from hiroshima from this day in 1945 life,1
5025,eyewitness,,interesting approach but do not replace eyewitness video . the ferguson case - video -,1
5027,eyewitness,"terlingua , texas",climatechange eyewitness to extreme weather 11 social medium post that show just how crazy thing a ... anarchy,1
5028,eyewitness,"chicago , il",kaputt21 hamburg police chief gregory wicket have tell 7 eyewitness news he ' ca n't confirm or deny ' an investigation be underway .,0
5029,eyewitness,somewhere in jersey,i like a youtube video mini pony pack a punch . live report from the salem county fair on cbs3 eyewitness,0
5032,eyewitness,stay fly ?,lone survivor the eyewitness account of operation redwing and the lost hero of seal team,1
5033,eyewitness,,the civil right movement eyewitness history series weller sanford hardcover,0
5034,eyewitness,,how little boy affect the people in hiroshima eyewitness testimonial,1
5035,eyewitness,india,read a schoolboys eyewitness account of hiroshima,1
5037,eyewitness,philippine,read an eyewitness account from hiroshima from this day in 1945 life,1
5038,eyewitness,"orlando , fl",wftv eyewitness news tn school psychologist arrest in florida on child porn charge,0
5039,eyewitness,"bakersfield , california",wake up kern county eyewitness news morning air right now on krak cbs29 . liveonkbak,1
5040,eyewitness,"washington , dc",on anniversary of hiroshima bombing illustrated timeline of bombing . eyewitness account particularly horrify,1
5041,eyewitness,los angels ... ca ... usa,aug. 06 2015 radio show article 1 eyewitness account of abortion organ harvest by plan parenthood,0
5043,eyewitness,,dk eyewitness travel guide denmark travel guide ebay auction you should keep an eye on,0
5044,eyewitness,,dk eyewitness travel guide denmark travel guide ebay auction you should keep an eye on,0
5046,eyewitness,uk,retweet patrickjbutler excellent damiengayle eyewitness account of kid company closure ' you drop the bomb and expect,1
5047,eyewitness,,monkey abuse by notorious laboratory dealer a pet eyewitness invest ... via youtube,0
5049,eyewitness,pennsylvania,a true tbt eyewitness news were you,0
5050,eyewitness,,dk eyewitness travel guide chicago by darling kindersley publish staff travel book ebay auction you s ...,0
5052,eyewitness,south africa,It be light out again with stage-two load shed stage-two load shedding will be in force between 5pm and 10pm .,0
5055,eyewitness,,dk eyewitness travel guide denmark travel guide ebay auction you should keep an eye on,0
5056,eyewitness,"orlando , fl",wftv eyewitness news fbi man who steal u secret ' marry ' honduran minor for sex,0
5059,eyewitness,"new york , ny",free bokoharam captive speak up i will make sure she go to school . ' guardian,0
5060,eyewitness,south africa,' i try to save mid mafia ' one of the murder accuse have testify he try to save mid macias life .,0
5061,famine,,russian ' food crematorium ' provoke outrage amid crisis famine memory moscow reuters - russian government ...,1
5062,famine,florida but i wan na be n texas,oct336 guy these bitch be not famine then ?,0
5063,famine,"new york , usa",' food crematorium ' provoke outrage amid crisis famine memory ...,1
5064,famine,"kyiv , ukraine",russia ' food crematorium ' provoke outrage in country soaring poverty soviet famine memory,1
5065,famine,,hunger hit me and i can not function probably would not last long in famine zonesthank god,0
5067,famine,,accord to a 2011 gallup poll the more money you have the more likely you be to suffer from time famine. ? ari,0
5068,famine,jamdung,people like unu feast today and famine tomorrow,0
5069,famine,panama,top 3 turn on the darkness king redeem - queen serene famine wolf,0
5071,famine,,russian ' food crematorium ' provoke outrage amid crisis famine memory,1
5072,famine,,robertmeyer9 re your example low food price cause farmer to go broke famine next year . mean simple capitalism fail to fee peoplegt,0
5073,famine,"washington , d.c .",a memorial to the million who perish in the holodomor have be erect in the u.s. capital .,1
5074,famine,"earth , milky way , universe",export food wont solve the problem . african will end famine n poverty by solve out of control tribal war .,1
5075,famine,,' food crematorium ' provoke outrage amid crisis famine memory ...,1
5076,famine,,new article russian ' food crematorium ' provoke outrage amid crisis famine memory read more at here,1
5078,famine,"edappally , kochi",build muscle with feast and famine feed most diet plan be base around lose weight but what should you,0
5079,famine,texas,the famine be come to an end bluebell,1
5080,famine,"in fairies , where else ? -",' she taste like a feast after a famine . and he be starve . ' trust jack writes4coffee iartg rwa tw4rw rrbc,0
5082,famine,,russian ' food crematorium ' provoke outrage amid crisis famine memory,1
5083,famine,massachusetts,russia destroy food while people go hungry . we be not the only one with an insane government .,1
5085,famine,,financialtimes ethiopian regime continue receive foreign aid when famine struck for 2 year eastern ethiopia,1
5087,famine,ukraine,reuters russian ' food crematorium ' provoke outrage amid crisis famine memory,1
5088,famine,,a grade in black horse faminemega . score 0840728 dynamic,0
5089,famine,? ?,russian food crematorium provoke outrage amid crisis faminememories,1
5092,famine,,bolshevik government monopolize food supply to seize power over hungry population . artificial famine be the result,1
5094,famine,united state,russian ' food crematorium ' provoke outrage amid crisis famine memory via yahoonews,1
5095,famine,ireland,I have experience the smell of rot potato for the first time . the famine must have be awful if the whole country smell like that .,1
5096,famine,san francisco,russian ' food crematorium ' provoke outrage amid crisis famine memory,1
5097,famine,,when thing become terrible more than the great ethiopian famine ...,0
5098,famine,"rogersville , mo",savagenation reminds me when the peasant destroy their food when stalin 's army come to ' redistribute the wealth ' . it cause faminedeath,1
5099,famine,"tampa , fl",update 1-russian ' food crematorium ' provoke outrage amid crisis famine memory russian society still real ...,1
5101,famine,,the adventure of fineness 9 the famine be over,1
5102,famine,ukraine,' food crematorium ' in russia provoke outrage amid crisis famine memory,1
5103,famine,,robert conquest famine museum kiev guidofawkes mediaguido,0
5104,famine,,russian food crematorium provokes outrage amid crisis famine memory,1
5105,famine,,cnn the end of time be upon u . famine war death plague . the presence be grow strong .,0
5106,famine,telangana,maratha raider scorch their land amp punjab refuse them food aid during the 1943 famine wonder if bengalis harbor some ' hard feeling ',1
5107,famine,"chatham , il",image of famine hope in christ - a blog on what happen when we forget god hopeinchrist lifelettercafe,1
5109,famine,,surfphoto i squeeze a tear . famine plague tsunami no chance . lego - blubber !,0
5110,famine,charter member of the vrwc,russian ' food crematorium ' provoke outrage amid crisis famine memory - yahoo news,1
5113,fatal,,11-year-old boy charge with manslaughter of toddler report an 11-year-old boy have be charge with manslaughter over the fatal sh ...,1
5114,fatal,"wood buffalo , alberta",roger goodall 's fatal mistake tom brady an innocent man,0
5115,fatal,"t 10.614817868480726,12.195582811791382",boy 11 charge with manslaughter in shoot death of elijah walker the 11-year-old appeared wednesday in a ...,1
5116,fatal,,fatal attraction be common n what we have common be ' pain ' ...,0
5117,fatal,"anchorage , ak",apd investigate fatal shooting of 3 year old child in southeast anchorage,1
5119,fatal,nakhon si thammarat,investigator shift focus to cause of fatal waimate fire,1
5120,fatal,somewhere with clyde,asianshawtyy ? I be sorry . but I be out,0
5122,fatal,"buffalo , ny",police man in his early 30 dy after shoot on vermont st .,1
5124,fatal,quincy,man accuse in fatal hit-and-run to get new judge via khqa,0
5125,fatal,winnipeg,winnipeg police seek witness in arlington and william fatal crash,1
5126,fatal,"fresno , ca",chrisdanielshow nearly-fatal pee in san francisco,0
5127,fatal,varanasi,11-year-old boy charge with manslaughter of toddler report an 11-year-old boy have be charge with manslaughter over the fatal sh ...,1
5128,fatal,"laredo , tx",petition to remaster fatal frame 1 with a windwaker-style selfie mode,0
5130,fatal,thane,11-year-old boy charge with manslaughter of toddler report an 11-year-old boy have be charge with manslaughter over the fatal sh ...,1
5131,fatal,"new south wale , australia",man charge over fatal crash near dumbo refuse bail via dailyliberal,1
5132,fatal,,california man face manslaughter charge in sunday 's wrong-way fatal crash in ... - ca ...,1
5134,fatal,poconos,the five fatal flaw in the iran deal via youtube,0
5135,fatal,"sacramento , ca",stockton police be investigate a fatal drive-by shooting in north stockton,1
5136,fatal,"haddonfield , nj",deputy dog dispute lead to fatal shooting in person county gunfail nra,1
5137,fatal,,11-year-old boy charge with manslaughter of toddler report an 11-year-old boy have be charge with manslaughter over the fatal sh ...,1
5138,fatal,southern california,ca cop illegal immigrant with 4 prior arrest charge in fatal sex attack,1
5139,fatal,,spookyfob feelslikefob i be okay thank you yes your kindness be fatal though It be like patrick stump level kindness .,0
5140,fatal,,11-year-old boy charge with manslaughter of toddler report an 11-year-old boy have be charge with manslaughter over the fatal sh ...,1
5141,fatal,"jaipur , rajasthan , india",success be not permanent amp failure be not fatal .,0
5142,fatal,? ? ?,investigator shift focus to cause of fatal waimate fire,1
5144,fatal,,11-year-old boy charge with manslaughter of toddler report an 11-year-old boy have be charge with manslaughter over the fatal sh ...,1
5145,fatal,bangalore,11-year-old boy charge with manslaughter of toddler report an 11-year-old boy have be charge with manslaughter over the fatal sh ...,1
5146,fatal,,tell me why or why not to adopt in this way maybe i overlook something fatal for me ? whyor why not ?,0
5148,fatal,also follow ?,boy 11 charge with manslaughter in shoot death of elijah walker,1
5149,fatal,,robert ballet 's log statement be always at the fatal level .,0
5150,fatal,play for ryan ?,fatal attraction,0
5152,fatal,,news crime police id victim in fatal crash that close i-65 near franklin one person be d ... justice court,1
5153,fatal,dimapur,11-year-old boy charge with manslaughter of toddler report an 11-year-old boy have be charge with manslaughter over the fatal sh ...,1
5154,fatal,,investigator shift focus to cause of fatal waimate fire,1
5155,fatal,in the potter hand,boy 11 charge in fatal shooting of 3-year-old,1
5157,fatal,,11-year-old boy charge with manslaughter of toddler report an 11-year-old boy have be charge with manslaughter over the fatal sh ...,1
5159,fatal,,11-year-old boy charge with manslaughter of toddler report an 11-year-old boy have be charge with manslaughter over the fatal sh ...,1
5160,fatal,,investigator shift focus to cause of fatal waimate fire,1
5162,fatality,,exclusive in 179 fatality involve on-duty nypd cop in 15 year only 3,1
5164,fatality,new york,nyc news legionnaire death toll rise to 8 in new york city all eight fatality be of old adult with ...,1
5165,fatality,"new york city , ny",let u fraction the vital need for our fatality . how would you break it down in education economy,0
5166,fatality,,la vega in top 5 city for red-light running fatality - news3lv,0
5168,fatality,"corpus christi , texas",we be totally unprepared for an emp attack . both china russia and probably isi possess them . 90 fatality . why be we push them ?,1
5169,fatality,cape town,city implores motorists not to speed after more report of animal fatality near nature reserve -gt,1
5170,fatality,,kyrikoni expressandstar who say veg and fruit be good for you . hope there be be no injury or fatality .,0
5171,fatality,wolverhamptonbrumjersey,understand that there be no fatality a no one be trap inside the wholesale market . 8 fire engine and 40 fire fighter on scene .,1
5172,fatality,"chamblee , georgia",a of the 6-month mark there be a total of 662 fatality - 114 more than the first half of last year,1
5174,fatality,official website,hse release annual workplace facility data . have a look,0
5175,fatality,washingtonstate seattle,seattle 's deadly red light runner intersection reveal,1
5176,fatality,techfish,5 reject mortal combat fatality mortal combat have stretch the boundary of it,0
5177,fatality,"washington , dc charlotte , nc",unsuckdcmetro minor train leave rail . major 11382 smithsonian interlock derails amp crash into barrier wall with fatality .,1
5178,fatality,,injury illness and fatality late number,1
5179,fatality,united state where It be warm,osage beach release name,0
5180,fatality,,i wonder how coolweird it will look to have all the character in mkx do fatality on skinless predator,0
5181,fatality,"washington , dc",saudi arabia aha fatality report follow suicide bomb at mosque avoid area,1
5182,fatality,"hope road , jamaica",' use our road wisely and prevent the carnage from continue ... let u have no fatality over this holiday period ... ' ggindependencmessage,0
5183,fatality,jersey,mortal combat fatality be so gross but interesting,0
5184,fatality,,the x-ray in mkx be look like fatality .,0
5185,fatality,"westend , puritan ave",dwilliams313 retweet ieansquad when you don't know how to do fatality in mortal combat,0
5186,fatality,,- ? - kitana ? her fatality slay me body ? vine by kombatfans33,1
5187,fatality,"youngstown , oh",osp concern about mount fatality,1
5188,fatality,,mortal combat x all fatality on meat predator .,0
5189,fatality,"nantes , france",estimate damage and fatality of an hiroshima-sized atomic bomb drop on your hometown - hiroshima70,1
5190,fatality,"st. john 's , nl , canada",the ramp be report fatality and serious injury a a result of the collision on the tch near whitbourne .,1
5191,fatality,"caserta-roma , italy",govt allocate 1.3 bn for flood action issue take center stage after fatality in veneto,1
5192,fatality,pekanbarubatam islandmedan,there have be zero spider bite-related fatality in australia since 1979 .,0
5193,fatality,oman muscat al see,i like a youtube video tremor be no joke ! tremor dlc fatalitiesx-ray,1
5194,fatality,san francisco,' motordom ' lobby to change our language around traffic fatality . we need to go back to the future visionzero,0
5195,fatality,wisconsin,share to help our cousin 's family,0
5196,fatality,,' among other main factor behind pedestrian fatality be people fail to yield to a car ',1
5197,fatality,"jogja , indonesia slowly asia",mortal combat x be an excellent fatality and the most fun ive ever have with a mortal combat sega 's version,0
5198,fatality,vancouver bc,user reduces drink drive fatality say independent study,0
5199,fatality,,i like a youtube video from kevinedwardsjr mortal combat x - pc gameplay - fatalitiesx-rays mkx,0
5200,fatality,usa,la vega in top 5 city for red-light running fatality,1
5201,fatality,,ramp confirm fatality in two-vehicle crash tch remain close at whitbourne due to accident,1
5202,fatality,"avon , oh",... american casualty include 400000800000 fatality and five to ten million japanese fatality . ',1
5203,fatality,,no uk train accident fatality for 8th year run despite 4 increase in passenger journey healthandsafety,1
5204,fatality,the north,i fail to see how that would not bring the number of road fatality down immensely,0
5206,fatality,"philadelphia , pa",policylab be at cecanf 's last public hearing in new york city today and tomorrow to address child abuse and neglect fatality,1
5207,fatality,just happy to be anywhere,.kurtschlichter yep consider that million of japanese fatality be project for downfall . freemarketeer dibang,1
5208,fatality,,ship logistics inca fatality a migrant boat capsizes in med with hundred inboard capsize a i ...,1
5209,fatality,"lima , ohio",message board will display updated traffic fatality up from 582 and new message begin today traffic death 616 - slow for worker .,1
5210,fatality,ireland,driver fatality down on irish road but pedestrian and cyclist at more risk,1
5211,fatality,"lowell , ma",ebrointheam jay ... big l ... pun ... biggie ... wrap over ... zero question ... fatality ... flawless victory,0
5212,fatality,play soccer eat pizza,jakeadavis fatality's we be cuddle right now so ... ?,0
5213,fatality,,trulystings yo direct message me,1
5218,fatality,ny,so these savage leak thomas brady gangstermail account and wonder why he be quick to fatality his samsung mobile ? b real son .,0
5219,fatality,hueco undo,i like a youtube video from vgbootcamp sx 109 - sn vabengal zss vs. sw fatality captain falcon,0
5220,fatality,,hibernate pbx irrespective of pitch fatality careerism pan crbzfz,0
5221,fatality,nairobi,fatality !,0
5222,fatality,boston cape cod ?,dying of lyme disease case fatality rate nearly 100,1
5223,fatality,,hripsk when you do a fatality and like the corpse be still littering,1
5224,fatality,rafael castillo,fatality,0
5226,fatality,,wow fatality on 101 big rig hit motorcyclist blood everywhere ? wow . I be sick .,1
5227,fatality,new jersey,tellyfckngo jaycootchi nah you hit homie wit the fatality and then son 'd him wit the banality . cold . cold a fuck lmfaoooo .,0
5228,fatality,"fort wayne , in",kosciusko police investigate pedestrian fatality hit by a train thursday,1
5229,fatality,"enterprise , nv",fatality,0
5230,fatality,,bardissimo yes life have a 100 fatality rate .,0
5231,fatality,,how many basket do a charming fatality by tonyakappes11 get ? mystery paranormal,0
5232,fatality,434,they be make a bad boys 3 and 4 ! a must see,0
5233,fatality,grand rapid mi,fatality's need a team ? we need one .,0
5234,fatality,u.s.a,afghan soldier kill u general america 's highest-ranking fatality since vietnam,1
5235,fatality,434,that usually never happen,0
5236,fatality,new york,babybackreeve fatality !,0
5238,fatality,utica ny,08315 cat fatality utica ny pleasant amp holland aveblack cat with white paw . average size . on grass next to north side of road .,0
5242,fatality,,pxnatosil renunciedilma fatality !,0
5243,fatality,,jaxmk2 stage fatalityuudlk close,0
5244,fatality,nunya,' see that there be a video of every fatality on mileena make me sad . ',0
5245,fatality,"houston , tx",chrisman528 fatality ...,0
5247,fatality,usa,kosciusko police investigate pedestrian fatality hit by a train thursday,0
5248,fatality,,fatality,1
5249,fatality,tx,fatality scary af . probably not the best falcon but still scary .,0
5251,fatality,"christian , tennessee",i like a youtube video from vgbootcamp sx 109 - sn vabengal zss vs. sw fatality captain falcon,0
5252,fatality,"nashville , tn",truck crash on 40w at us70 in lebanon be a fatality . very sad . expect long delay through the morning .,1
5254,fatality,"bishop stortford , england",lindasocvat tflbusalerts yes apparently . report of cow fatality as well sadly .,1
5255,fatality,earth,i like a youtube video from deathmule mk x tremor stalag might fatality on erma tournament pharaoh,0
5256,fatality,"brentwood , ny",i add a video to a youtube playlist sx 109 - sw fatality captain falcon vs. snow fox ssb4 loser,0
5257,fatality,,death of loretta buddy responsible for authenticate obama birth certificate the sole fatality of nine on plane,1
5259,fatality,honduras,fatality ?,0
5260,fatality,,everyday be a near death fatality for me on the road . thank god be on my side . ?,0
5262,fear,"chippenhambath , uk",fear factory in december . do deal .,0
5263,fear,,i make a friend more interesting than all of you all combine,0
5264,fear,yea zone,the meaning i pick the one that change my life overcome fear behold wonder . tcc catch the light ... endless ...,0
5265,fear,"sit on the fence , new york",phnotf sometimes your cheekiness bleeds through my computer screen and i recoil in fear,0
5266,fear,,cause i know every man have a fear of a strong-minded woman but i say she be a keeper if she get it on her own and keep it running,0
5267,fear,,my big fear be disappoint the people who believe in me,0
5269,fear,carregado,i didn't want to hurt you but the fear drive me to do it ... midnight,0
5270,fear,"largo , md",men fear the feeling of be ' control ' by a woman . or passive aggressively be coerce into commitment before they be ready ...,0
5271,fear,,the thing we fear most in organizations-fluctuations disturbance imbalances-are the primary source of creativity . - margaret wheatley,0
5272,fear,mexico,fear factory - car official musicvideo,0
5273,fear,"cape town , khayelitsha",luzukokoti It be all about understand umntu wakho . if you do and trust your partner then y ok you will know and will not fear to do anything .,0
5274,fear,florida,photo referencereference xekstrin i think the nostril be eye and i almost cry from fear partake ...,0
5276,fear,"indianapolis , in",baileysmsteach the fear of not look like you know what you be doingahhhthat be a big one for me . perrychat,0
5278,fear,,the opposite of love be fear here why,1
5280,fear,,fear - youtube,0
5281,fear,stanford university,help me win by have the most share on my article ! a lifetime of fear thanks ! blackinamerica growingupblack,0
5282,fear,midwestern usa,cowgirllawyer we must refuse to become a nation with everyone living in fear of be shot unawares by intoxicated amor crazy people .,1
5283,fear,bedford in,horror film be make by incredibly creative artist . we interview 21 of them in depth for the anatomy of fear .,1
5284,fear,,i want to be with you forever stay by my side on this special night fear and loathing in las vegassolitude xmas,0
5285,fear,"thibodaux , la",my bad fear .,0
5286,fear,,shaken c7 magnum im shake in fear he be gon na hack the planet,0
5287,fear,brazil,when the world say finish god say do not fear - choosegod restoringpaths,0
5290,fear,in the moment,' by replace fear of the unknown with curiosity we open ourselves up to,0
5291,fear,,love god more than you fear hell,0
5292,fear,,do not tell the bride give me the fear,0
5293,fear,allison ontario,scottdpierce billharristv harrisgle beezersun I be forfeit this year fantasy football pool out of fear i may win n get my as kick,0
5295,fear,,' ... a of right now I be reopen the x-files . that be what they fear the most . ' thexfiles201days,0
5296,fear,saudi arabia - riyadh,live a balanced life ! balance your fear of allah with hope in his mercy and love for him .,0
5297,fear,new york . ny,my big fear be that eventually you will see me the way i see myself .,0
5298,fear,athens - nicosia,couple have less sex ... for fear it will be a let down internet movie and book say how sex ' ought to be ' p,0
5299,fear,,nothing to fear . It be all about take risk .,1
5300,fear,southern california,untangle yourself from require your partner to fill your need and how to love without fear besttalkradio listen,0
5301,fear,"bremerton , wa",the walk dead spin off fear the walking dead be on the 23rd ?,1
5302,fear,"tulalip , washington",mcnabbychic i fear not for a while,0
5304,fear,indonesia,the fear of the lord be the start of knowledge but the foolish have no use for wisdom and teach amsal 17,0
5305,fear,halifax,the number of people deny climate change on the polar bear article make me fear for the future of the u but also humanity in general .,0
5306,fear,"hilton head , sc",sensanders gd idea . I be 77 worked hard now have almost nothing fear live with poor fran reed 8437150124,0
5308,fear,new york,never let fear get in the way of achieve your dream ! deltachildren instaquote quoteoftheday disney waltdisney,0
5309,fear,"st. louis , mo",fear be my motivator,0
5310,fear,usa,daily reflection august 6 driven drive by a hundred form of fear self-delusion self-seeking and self-pity ...,0
5313,fire,,morganite gemstone white fire opal 925 sterling silver ring size 6 r1354,0
5315,fire,so paul,marquee como vista game of throne - 3x5 - kiss by fire bancodeseries,0
5316,fire,,save the date ! saturday august 15 2015 be the salisbury fire department open house at 325 cypress st 10am to ...,0
5317,fire,,why put out a fire when It be still burn .,0
5319,fire,2 high 2 come down,misshomasttopa cause be on fire we be on fire be on fire now ... yeah be on fire we be on fire be on fire nowwwwww,1
5320,fire,,my avi and header combo be fire,0
5321,fire,rex,auction shoe retro 5 fire red,0
5322,fire,,my asshole be on fire,0
5323,fire,big boy 0802,I be cry that song just end set myself on fire,0
5324,fire,,set thing on fire be always an option,1
5325,fire,,sit around a fire sound great right about now,0
5326,fire,,i see fire,0
5328,fire,brooklyn,but put ' flood of fire ' at the top of the list .,1
5330,fire,canada,I be on fire .,0
5331,fire,to the right of you !,politifiact harry reid 's ' 30 percent of woman serve ' plan parenthood claim be a ' pant on fire ' lie cot,0
5332,fire,"st.cloud , mn",dear canonusaimaging i bring it canonbringit fire canontattoo mn theresmorewherethatcamefrom,0
5335,fire,,seanhannity scottwalker yeah just who we need another middle class hat republican out to get hard work cop fire fighter teacher,0
5336,fire,,this fire be way too close what the fuck be go on ?,1
5337,fire,on a catwalk somewhere,fire meet gasoline always get ta get play twice laugh out loud,0
5338,fire,,wcw catsandsyrup tha bitch be fire,0
5339,fire,zac newsome love me,well it feel like im on fire .,0
5341,fire,"louisville , kentucky",her eye and word be so icy but she burn like rum on the fire,0
5342,fire,,news politifiact harry reid 's ' 30 percent of woman serve ' plan parenthood claim be a ' pant on fire ' lie ...,0
5343,fire,,nothing like a good fire,1
5344,fire,sakai,daughterofnai tenshi activate yuri 's fire card !,0
5345,fire,"fort valley , gafayetteville , ar",california be shake ... catch on fire ... and overcharge people on rent for the past 150 year it be not go nowhere .,1
5346,fire,arizona,there be a fire in the catalina . look kinda cool . this picture do not do it justice .,1
5347,fire,,zaynmalik do not overwork yourself . your album be gon na be fire just do not overwork or stress ! i love you take care,0
5349,fire,"vancouver , bc",justinling i promise not to tax pancake or rainbow or not die in a fire .,0
5350,fire,"newark , nj",this nigga chi dis be what meek be suppose to do . this shit actually fire,0
5351,fire,the road to success,i wan na set some shit on fire .,1
5352,fire,the desert,in the word of charlie daniel ' fire on the mountain run boy run . ',1
5353,fire,"sydney , australia",i just check in ! at on fire on zomatoaus lovefood,1
5354,fire,"tuba city , ca",when your heart be big than the obstacle in front of you euro dontexpectnothing july fire euro,0
5355,fire,,fire wave and darkness,0
5356,fire,university of south florida,it may seem like our fire have be a little burnt out ...,0
5357,fire,,smell a bon fire while drive make me wan na be sit near one make s'mores ?,1
5359,fire,the moon,will be drop fire selfie tomorrow say ' you 're welcome ' ahead of time .,0
5362,fire20truck,"niagara fall , ontario",fire call brant av drummond rd for fire - structure - single . unit car 6 on call truck,1
5365,fire20truck,"woodcreek h , roseville , ca",your psa for the day if a fire truck be behind you with light go move over ! so they can get to their call .,0
5366,fire20truck,united state,rfp fire truck service body for f-450 fire fight rescue amp safety equipment transport ...,0
5367,fire20truck,,reno truck trailer catch fire in reno,1
5368,fire20truck,,wild night in the village of pugwash every fire truck be out that the town have which be like a fire truck for every house -population6,1
5371,fire20truck,here there,' an 18-wheeler come along and strike the fire truck spin it around 180 degree and cause it to roll over ',1
5372,fire20truck,district 12 - orange county,sigalert update 3n-133 close at 5 fwy ufn- trash truck fire,1
5373,fire20truck,plain o ' texas,brooktekle do not look like a murder scene just 1 cop a fire truck and 2 fire assistance car along with a helicopter,1
5375,fire20truck,southeast asia,former township fire truck be use in philippine - langley time philippine,1
5377,fire20truck,,former township fire truck be use in philippines township of langley assistant fire chief pat walker seen ...,1
5378,fire20truck,,our garbage truck really catch on fire lmfao .,0
5379,fire20truck,,kapokekito on northgate by the taco truck that be fire .,1
5380,fire20truck,,It be never a good sign when you pull up to work amp there be five ambulance amp a fire truck in the bay . wompppp at least It be friday,1
5381,fire20truck,"saipan , cnmi",fire truck and ambulance in k3 phase 3. hope everyone 's okay . prayforsaipan,1
5382,fire20truck,"orange county , calif .",sigalert north amp southbound 133 close btwn 5 fwy and irvine boulevard due to truck fire . chp be detour traffic .,1
5383,fire20truck,lose in my thought,eeenice221 true because of the truck that catch fire ?,1
5384,fire20truck,,justinejayyy ohgod xd i do not mean it so p but you have that fire truck in the back of you to make up for it so you good xd,0
5385,fire20truck,five down from the coffeeshop,come across this fire video not mine ... enjoy ... babes way of say hi to me while he be in the fire truck ? fireman,0
5386,fire20truck,los angels,133 n past the 5 l lane be reopen . all other lane be close . all lane be open on the 133 s. trash truck fire cleanup . knx1070,1
5387,fire20truck,"orange county , ca",sigalert north amp southbound 133 close btwn 5 fwy and irvine boulevard due to truck fire . chp be detour traffic .,1
5389,fire20truck,five down from the coffeeshop,find this cool photo not mine 1952 dodge wayne body 4 window bus . ex libby mt fire department truck . all ori,1
5391,fire20truck,,trident 90225 chevy fire truck with pumper ims fire kept . red ho 187 plastic,0
5392,fire20truck,"tallahassee , fl",toddler bed firetruck bundle fire truck firefighter sticker decal sign wall,0
5396,fire20truck,,when a monster truck racer catch on fire at the fair,1
5397,fire20truck,"lagena beach , calif .",truck fire clog canyon road,1
5400,fire20truck,"nevada carson city , freeman st",rgj truck trailer catch fire in reno,1
5403,fire20truck,,philippine former township fire truck be use in philippine of emergency equipment in cebu philippi ...,1
5404,fire20truck,la ?,there a fire truck in this parking lot,0
5406,fire20truck,,even sun article on nno,0
5407,fire20truck,,' choose to be happy . fire truck the rest . ' ? review of kick push by jaymcleanauthor,0
5408,fire20truck,,former township fire truck be use in philippine - langley time filipino,0
5409,fire20truck,,jacksonville fire amp rescue engine 58 - awesome truck ! - official jade fl ... via youtube,1
5410,fire20truck,aracaju - sergipe,njturnpike njturnpike reopens hour after truck fire in ?,1
5411,first20responders,,jukebox something about first responder military they be our true hero 's ! besides your music,0
5412,first20responders,"nashville , tennessee",I be grateful for our first responder - mnpdnashville nashvillefd and others - who act so swiftly to save countless life today .,1
5413,first20responders,texas,usatoday . pray for god 's healing and safety of first responder,0
5416,first20responders,long eaton derbyshire uk,join charity 10k run event ! doningtondash 11am start sun 20 sept 2015 castle donington community first responder,0
5417,first20responders,worldwide,love the way this book be write to include so many vantage point of first responder detkenlang kindle,0
5418,first20responders,,first responder would never be send to the wrong address again with smarttek 's gps-based panic button myers safety,0
5420,first20responders,"portage , in worldwide",we can help say denver firefighter work to curb first responder suicide,1
5423,first20responders,"victoria , bc canada",what be cool be that teen be become what i like to call ' digital first responder ' for their friend who need a little help or support !,0
5425,first20responders,,carmine cinema on antioch shoot ' we be grateful ' for staff and first responder safety be ' high priority ',1
5426,first20responders,roadstrails everywhere,retweet roadie thanks to alex for his story amp to all first responder for be there when we need you .,0
5428,first20responders,new york city,i just add ' sandy first responder lose their home ' to vip home page group on video,1
5430,first20responders,"nashville , tn",thankful for our first responder especially mnpdnashville for life save response today in antioch !,1
5432,first20responders,,juneau empire - first responder turn out for national night out,0
5437,first20responders,"liberty township , ohio",red i do not throw the word hero around lightly ... usually reserve for first responder and military ... but he be a hero ...,0
5439,first20responders,aberdeenshire,u want future first responder to be more high-tech -,0
5442,first20responders,"los angels , ca",there be still room for you at our party for first responder from around the country ! 3rd annual best ever .,0
5443,first20responders,a hoop somewhere,incase of accident the first responder would know that there be a baby present,0
5444,first20responders,michigan,kirsten gillibrand extend health care to 911 first responder !,1
5445,first20responders,"bloomington , indiana",' we can help ' say denver firefighter work to curb first responder suicide,1
5446,first20responders,usa,first responder convene for national summit and award on gi technology gisuserpr geotech,0
5448,first20responders,,york co. first responder compete to save life in badge for blood paramedic em,0
5449,first20responders,"washington , dc",some good info to help first responder cope individual resilience factsheet for responders,0
5450,first20responders,,iafflocal4416 no live lose except those of first responder or the public they be charge with protect ?,1
5452,first20responders,"bask ridge , nj",first responder get int bridgeportspeed free on saturday ! detail,0
5454,first20responders,"stalybridge , tameside",at the 999day emergency service display ! meet the brave police firefighter and first responder that help keep u safe ! ?,1
5455,first20responders,,this week first responder and dart member be participate in a four day intensive technical large animal ...,1
5458,first20responders,"sacramento , ca",a firefighter make gain on rockyfire jerry brown be head to the area to meet with first responder tomorrow morning,1
5459,first20responders,"franklin , tn near nashville",after shoot event at the theater starbucks be give free coffee to all first responder police amp firefighter . antiochhickoryhollowtn,1
5460,first20responders,"st. louis , missouri",' no lender fee for veteran or first responder past and present ' on linkedin,0
5461,flame,bandung,new giant flame giant full black pantofel infoorder sms087809233445 pin23928835 pic.twitter.compnpizody,1
5462,flame,new york,new snap on tool black baseball hatcap silvergray embroider s logo flame - full re,0
5465,flame,new york,new snap on tool black baseball hatcap silvergray embroider s logo flame - full re,0
5466,flame,"louisville , ky",vampire go through the table of flame ultimalucha luchaunderground elreynetwork,0
5467,flame,,cabin fever 2 flame,0
5468,flame,"manhattan , ny",' if you can not summon the flame directly from hell store buy be fine'-me mom-dies,0
5469,flame,freeport ny,just add some more fire to the flame for saturday ! rick wonder will be spin a guest set along with chichi ...,0
5471,flame,650559,kelworldpeace taxstone yoga flame !,0
5473,flame,,sbnation flame what make a good penalty killer ?,0
5475,flame,dreamy lake,i guess you can say ig 's hope go up in flame,0
5476,flame,,I will cry until my pity party 's in flame ?,0
5477,flame,houston,that new lil b x chance be nothing but flame,0
5479,flame,hell,gilderoy i wish i be good enough to add flame to my nail im on fire,1
5480,flame,"asheville , nc",my gang walk round with them brown flame . amp that 100nd,0
5481,flame,new york,new snap on tool black baseball hatcap silvergray embroider s logo flame - full re,0
5482,flame,st. patrick 's purgatory,tadhgtgmtel dude be just smoking and the fucking thing go up in flame i though a bomb go off oh my god scar,1
5484,flame,,maryland mansion fire that kill 6 cause by damage plug under christmas tree report say - into the flame ...,1
5485,flame,cockerelshoes,new giant flame giant manly brown infoorder sms087809233445 pin2327564d,0
5486,flame,united state,you see the devastation amp it shocking . firefighter continue to battle flame in california . benstracy report,1
5487,flame,manaus,watch it go up in flame,1
5488,flame,"sioux fall , s.d .",rp say they can see smoke come from the silo on 260th street in hartford but no flame .,1
5489,flame,,i choose you so if we can search for the joy of just the two of u well be near smiles no matter what cold flames burn our bod portgassdk,0
5491,flame,republican dominican,maryland mansion fire that kill 6 cause by damage plug under christmas tree report say - into the flame firefighter 's bravery ...,1
5492,flame,"eastlake , oh",erinmariefishy everyone be set flame upon me,0
5493,flame,"hillsvillelynchburg , va",flamesnation that be the optimistic side of me . no doubt It be tough . but it can be do . i feel like the game will pivot on defense .,0
5494,flame,u.s.a,maryland mansion fire that kill 6 cause by damage plug under christmas tree report say - into the flame ...,1
5495,flame,some where,so pardon me while i burst into flame . I have have enough of the world and it people 's mindless game,0
5496,flame,travel around the world,awickedassassin want to burst into flame ! anna hug him tightly,0
5497,flame,"616 bentwood , mi",selmoooooo edvinnn imtariik dzaficharis elmo you not catch flame from me im just gon na be witness the slaughter,1
5498,flame,,' bloody ' ell ! let it burn ! ' rubybot,0
5499,flame,,if you have an opinion and you do not put it on thh internet you will first into flame .,0
5501,flame,? jet life ?,i have a rise follower graph ! 2 more follower in the past week . get your stats right here,0
5502,flame,fairy tail !,aisumage akumareisu -just between gray and ophelia red flame blaze around her person set nearly everything in the area,1
5503,flame,santa domingo alma rosa,soloquiero maryland mansion fire that kill 6 cause by damage plug under christmas tree report say - into the flame firefighter ...,1
5505,flame,somewhere around you,maryland mansion fire that kill 6 cause by damage plug under christmas tree report say - into the flame ...,1
5506,flame,houston ? corsican,whoops you good make all your shot tomorrow cause I be record and flame will be throw tomorrow,0
5507,flame,"cincinnati , oh",i add a video to a youtube playlist nick mina - up in flame official video,0
5509,flame,bacon,he good than sean bro . i can admit that sean be flames now . but he good than sean,0
5510,flame,,the advantage apropos of in flame favorable regard mississauga ontario pwhvgwax,0
5514,flatten,some other mansion,flatten all cartoony-like . ' whoa there papa ! ',0
5515,flatten,chicago,the road to success be pave with penny that i flatten on the train track you be welcome .,0
5517,flatten,"ashley , manchester",feel like I have be flatten by a sumo wrestler ? no pain no gain muaytai wantmyabsback strong ?,0
5518,flatten,"bow , nh",idea in food flatten,0
5519,flatten,leicester,zosma have just flatten him there ? cfc,0
5520,flatten,"from , somerset , england",zosma have just absolutely flatten that guy ?,0
5521,flatten,mar,flatten,0
5522,flatten,"melbourne , victoria",70 year ago the first atomic attack flatten hiroshima 3 day later it be nagasaki both war crime to put moscow in it place,1
5524,flatten,uk,today august 6th be the 70th anniversary of a-bomb ' little boy ' be drop on hiroshima.70000 kill outright a the city be flatten,1
5525,flatten,"essex , england",would have just flatten the little midget ?,0
5526,flatten,"new york , ny",who say this ? yosemite sam or drumpf ? nobody ill vote for a flatten out rabbit skin a-huh huh i always say,0
5528,flatten,somewhere too cold for me,grabakahitman izigarcia when he flatten machida ... do he lose that fight ... nope he lose fight to guy he should not of lose to also,1
5529,flatten,barbados,floored4 flatten early bird do get de cup ... so lag about pun de dock and watch people drink,0
5531,flatten,,conklin be flatten . shuffle foot instead of kick slide . do not get hand up into chest .,0
5532,flatten,leeds,flatten thee striker,1
5534,flatten,"wahpeton , nd",pick up flatten hay men masonite in wahpeton nd,0
5535,flatten,,zosma just flatten that guy ?,0
5538,flatten,"charley , lancashire , uk",fylde building set to be flatten one of preston city center iconic building be disappear from the skyline .,0
5539,flatten,,iamhorsefly hide your kid hide your wife . he be on the loose . i think i flatten you with a ball ?,0
5540,flatten,,would have be great if mbiwa just flatten that little rat .,0
5541,flatten,"northampton , ma",jimmozel puckflattened ball laugh out loud,0
5544,flatten,ventura,i do not doubt it . but it be his implicit statement in do it that make me want him flatten by a bus .,0
5545,flatten,le memenet,kainyusanagi grummz pixelcanuck and flatten raynor . raynor be a balding imperfect biker marine not a emo generic western hero .,0
5547,flatten,"lubbock , texas",seanpeconi jasonfloyd lynchonsports criscyborg i think the risk of losing and get her nose flatten have a lot to do with it,0
5548,flatten,derby,mum 's literally just pick up her new car today and flatten the battery already try to sort out the bluetooth ? muppet,0
5552,flatten,"mississauga , ontario",tweetinglew tersestuff motley flatten harper in his heartland harper import ten of thousand of that feeling when slave cost albertan job,0
5553,flatten,delhi,twilightfairy flatten frog ?,0
5554,flatten,"keighley , england",imagine get flatten by kurt zosma,0
5555,flatten,pomfretprovidence,' the fallacy be it be up to the steam roller . It be up to the object whether it will be flatten or not . ' robertcalifornia thereisonlysex,0
5556,flatten,"baltimore , md",photo beach earring beach jewelry vacation earring keep calm and beach on earring make with flattened ...,0
5557,flatten,,100 1 ' mix new flat double side linerless bottle cap you choose mix flatten - full re,0
5558,flatten,"east lansing , mi",bigburgerboi55 flat football ! ? more like he flatten the spartan from crush them back in the day ! hail,0
5559,flatten,rocket through the galaxy,satanaofhell ever see by far . a dreamy look come over his face and his ear flatten a he start to walk slowly toward her . You would,1
5560,flatten,new york,100 1 ' mix new flat double side linerless bottle cap you choose mix flatten - full re,0
5561,flood,boston,when fizzy be sit in the regular flood seat ... and no one know who she be ...,0
5563,flood,united state,jkl cancel flash flood warning for bell harlan knox ky wx,1
5564,flood,new york,spot flood combo 53inch 300w curve cree lead work light bar 4x4 offload fog lamp - full re,1
5565,flood,new york,spot flood combo 53inch 300w curve cree lead work light bar 4x4 offload fog lamp - full re,0
5567,flood,"warrandyte , australia",a small flood with bigconsequences,1
5569,flood,"british columbia , canada",homecoming queen kill on way home from the prom by flood water ! socialnews,1
5570,flood,,2pcs 18w cree lead work light offload lamp car truck boat mining 4wd flood beam - full rea,0
5573,flood,,It be be rain since you leave me now I be drown in the flood you see I have always be a fighter but without you i give up,0
5575,flood,aix-en-provenceutrecht,creationmin rwrabbit gooneratheist atheistic1 lolatjesus yet still why do so many fish die in the worldwide flood ? i wonder .,0
5576,flood,philadelphia,and please do not flood poor robertbenglund 's mention . he be put in his work !,1
5577,flood,new york,spot flood combo 53inch 300w curve cree lead work light bar 4x4 offload fog lamp - full re,0
5578,flood,"van burn , mo",atlarnxx but he didn't,0
5579,flood,new york,12 ' 72w cree lead work light bar alloy spot flood combo dive offload 4wd boat - full read,0
5580,flood,new york,2pcs 18w cree lead work light offload lamp car truck boat mining 4wd flood beam - full rea,1
5581,flood,"niagara fall , ontario",hellotybeeren cue the flood of people ' ironically ' call you that,0
5582,flood,usa,motor hot deal 452 gtgt 10x 27w 12v 24v led work light flood lamp tractor truck suv utv a,0
5584,flood,,85v-265v 10w lead warm white light motion sensor outdoor flood light pir lamp auc,0
5586,flood,hawaii usa,iembothfo at 1000 be 2 nnw hand maui co hi county official report coastal flood,1
5587,flood,new york,1 pair new 27w 4 ' round lead work drive flood light off-road atv utv - full read by ebay,0
5588,flood,new york,2pcs 18w cree lead work light offload lamp car truck boat mining 4wd flood beam - full rea,0
5589,flood,,internet basic the flood defective intertissue be soul mate the milk trench host guabxfv,1
5590,flood,,bmx issue areal flood advisory for shelby al till aug 5 900 prime minister cdt,1
5592,flood,new york,2pcs 18w cree lead work light offload lamp car truck boat mining 4wd flood beam - full rea,0
5593,flood,usa,flood advisory in effect for shelby county in al until 9 prime minister alex,1
5594,flood,united state,retweet grantfactory grant fund weymouth meeting on seawall and flood grant set for thursday night,1
5595,flood,new york,spot flood combo 53inch 300w curve cree lead work light bar 4x4 offload fog lamp - full re,0
5598,flood,new york,spot flood combo 53inch 300w curve cree lead work light bar 4x4 offload fog lamp - full re,0
5599,flood,new york,spot flood combo 53inch 300w curve cree lead work light bar 4x4 offload fog lamp - full re,0
5600,flood,united state,flood advisory issue august 05 at 428pm edt by nws wxky,1
5602,flood,,survive the plague float the flood just peek our head above the mud no one 's immune deafening bell my god will we survive ourselves ?,0
5603,flood,new york,spot flood combo 53inch 300w curve cree lead work light bar 4x4 offload fog lamp - full re,0
5604,flood,usa,flood prone waterways in westchester county now eligible for million in state aid newyork -,1
5605,flood,waddesdon,chinese rescue team arrive in myanmar to help flood victim sittway,1
5608,flood,"knoxville , tn",flood advisory issue august 05 at 710pm cdt until august 05 at 800pm cdt by nw ... the urban and ... weather,1
5609,flood,new york,12 ' 72w cree lead work light bar alloy spot flood combo dive offload 4wd boat - full read,0
5611,flood,"rock spring , wy",rock spring resident live off elk street continue to battle flood issue after monday rain storm . while,1
5612,flood,vietnam,cuban leader extend sympathy to vietnam over flooding at,1
5613,flood,"tampa-st. petersburg , fl",business at the sponge dock wash out by rain flooding,1
5614,flood,,warlordqueen he thrust a little more before he jam his cock deep inside her flood her womb and pussy with his hot thick cum,0
5617,flood,usa,severe thunderstorm and flash flooding possible in the mid-south and midwest weather environment climate nature,1
5618,flood,"huntsville , alabama",1130a radar update widespread showersstorms but move over the same areas-minor flooding possible hunwx,1
5619,flood,"nova scotia , canada",tip to prevent basement leak - create control joint to eliminate random crack . homeimprovement flooding,0
5620,flood,,flooding ?,1
5621,flood,metro manila,adorableappple no report flood po in the area . ten-4 . mmda,0
5622,flood,,flood kill 166 displace over one million in pakistan - daily news amp analysis yugvani,1
5624,flood,break news,flood kill 166 displace over one million in pakistan - daily news amp analysis,1
5625,flood,jakartakuala lumpurs'pore,lao flood -10 village underwater world vision respond,1
5626,flood,uk,flood ukfloods - british trekker rescue amid flash flood in himalaya a group of british tr ... - flooding,1
5627,flood,,slopeofhope maybe the plan be to dilute until they can safely say ' we have to start charge or It be over ' . longs would come flooding in .,0
5628,flood,vietnam,cuban leader extend sympathy to vietnam over flooding at,1
5629,flood,,ill only direct message hotel info because people be flood my notification ask me for info,0
5631,flood,i accept song request,when the wave be flood the shore and i can not find my way home anymore that be when i look at you,1
5632,flood,"honolulu , hawaii",if flooding occurs in your home - how to stop mold growth via proudgreenhome,1
5633,flood,,flooding of track cause derailment sa insubcontinent insubcontinent,1
5634,flood,"miami beach , fl",the chinese be flood new york city market like never before,0
5635,flood,republic of texas,obama keep 27 iraqi christian asylum seeker detention while flood u.s. unscreened muslim via dcclothesline,1
5638,flood,"california , usa",so grateful for all the support flood in from netkicorp dinner guest ! thank you all !,1
5641,flood,huntsville al,there some flash flooding in madison valleywx,1
5642,flood,?,thebaine be it too soon to start flood your comment section with ' come to brazil ' comment ? bc i will,0
5644,flood,do not run,and last year it be just a lot of ' the drum be flood ' and ' janice I be fall ',0
5645,flood,west midland,bbcengland a burst water main cause major flood at a birmingham hospital omg .,1
5646,flood,jakartakuala lumpurs'pore,heavy rainfall and flooding in northern vietnam situation report no.2,1
5647,flood,,crabbycale oh my god the memory be flood back,0
5650,flood,global-nolocation,flood disaster burst water pipe flood apartment at nycha senior center - ny1 ny1burst water pipe flood a ...,1
5651,flood,,lrt look at all my tom feel flood back,0
5652,flood,jakartakuala lumpurs'pore,myanmar msf assist thousand a bad flood in decade hit part of myanmar,1
5653,flood,"ocean city , nj",resident in the central part of ocean city heard from engineer about flood mitigation option tuesday ocnj ...,1
5654,flood,,wen i finally get the girl i want I be flood all wit all pic of u rs though,0
5655,flood,belleville,kwislo i see her flooding at mad decent,0
5656,flood,"kualar lumper , malaysia",monsoon flood kill dozen in myanmar prompting call for help -,1
5657,flood,"austin , tx",memorial unveil for travis county deputy kill in sept. flooding travis county sheriff greg hamilton join,1
5658,flood,,flood kill 166 displace over one million in pakistan at least 166 people have be kill and nearly 11 lakh,1
5659,flood,"nadia , gujarat , india !",thankkk you all soo much for flood my notifications my fella parsholics r superb amp jus soo awesomelove love you all always frvrgrateful ?,0
5661,flood,south of d.c .,slip slide away - flash flood info for writer tony pester sonoranrattler writingtips,1
5662,flood,,who be bring the tornado and flood . who be bring the climate change . god be after america he be plague her farrakhan quote,1
5663,flood,adventist - lesson sabbath,myanmar flood heavy monsoon rain during the month of july have cause flooding flash flood and landslid ...,1
5664,flood,australia,in india 119000 people have take shelter in the 966 relief camp the government have set up after the flood,1
5665,flood,,pmharper do not worry I be sure climate have nothing to do with hail flood tornados in alberta amp ontario . I be sure god 's just mad at you .,1
5668,flood,passamaquoddy,ictyosaur i never think it would be a what the fuck moment yet It be here after month of 90 degree heat next we will have flash flood ...,1
5669,flood,iii.xii.mmxi,grant like half my town flood when it rain but still whatever,1
5670,flood,"sherwood , brisbane , australia",madonnamking rspca site multiple 7 story high rise building next to low density character residential in an area that flood,0
5671,flood,canada,cyberdemon531 i hope that mountain dew erodes your throat and flood your lung leave you to drown to death,1
5672,flood,michigan,disaster group stun by flood,1
5673,flood,london,there be this person amp they reckon when you be die your brain flood with dmt cause you to relive your life in real time in a simulation,0
5674,flood,,have you ever remember an old song something you have not hear for year ? word that carry flood of memory all along . priceless,0
5675,flood,california,flood fish finally sunshine amp fab deal from albertsons anniversary sale lauren paint a beautiful life,0
5676,flood,global-nolocation,flood disaster bengal flood cm magmata banerjee blame dvc bjp claim state fail to use ... - economic t ...,1
5677,flood,,69 dead due to flood in myanmar naypyidaw aug 5 prensa latina the death toll rise today to 69 in myanmar ...,1
5680,flood,estados unidos,typhoon soudelor approach after 7 kill 2 miss in flood in philippine via abc7chicago,1
5683,flood,new jersey,casewrites when it rain in nj it flash flood . otherwise it just a desert of grief and tax .,1
5684,flood,"new york , ny",download itunes ' flood of glory ' by quiz santos jazz art music,0
5685,flood,"timaru district , new zealand",contactenergy yep . during flood of 1999 or 2000 - clyde dam release every bit of water it could . most speccy ! ev charge your way ?,1
5686,flood,cameroon,bamenda flood kill animal bird -,1
5687,flood,"st austell , cornwall",i hope it rain throughout the whole weekend i hope it flood and the portaloos become sentient .,0
5688,flood,"ogba , lagos , nigeria",apc chieftain task dickson on n15b flood donation to bayelsa,1
5689,flood,philippine,pagasa 712am yellow warn - panay island guimaras negros . possible flood in low-lying area amp landslide in mountainous area .,1
5690,flood,,rt 40hourfamine in bangladesh government have not declare flood an emergency . worldvision will continue to m,1
5692,flood,north america,nearly 50 thousand people affect by flood in paraguay ?,1
5693,flood,earth,etp bengal flood cm magmata banerjee blame dvc bjp claim state fail to use relief fund even a flood w ...,1
5694,flood,,may allah help all those suffer from the pakistan flood ! you and your family be in our dua,1
5695,flood,,child in myanmar face a ' double catastrophe ' a flood hit the most ...,1
5698,flood,"new york , usa",love when drake flood instagram . make you feel real in tune with everything he do like you be there or sun .,0
5699,flood,,who be bring the tornado and flood . who be bring the climate change . god be after america he be plague her farrakhan quote,0
5703,flood,,69 die in myanmar flood 250000 affect,1
5704,flood,,typhoon soudelor approach after 7 kill 2 miss in flood in philippine typhoon,1
5705,flood,,memphis always flood,1
5706,flood,"21.462446 , -158.022017",flood cause damage and death across asia all medium content 05.08.2015,1
5707,flood,rio de janeiro,gas soon a maintenance end everyone flood the server gtservers destroy by extreme load gtmaintenance start anew,0
5710,flood,,who be bring the tornado and flood . who be bring the climate change . god be after america he be plague her farrakhan quote,0
5711,forest20fire,,e1.1.2 particulatebreak up of solid combust fossil fuel voltaic active forest fire biological vocpetroleum ch4 bacteria decomposition,1
5712,forest20fire,pdx,be careful anyone who live west of beaverton . forest grove have a rapidly spread fire heading east,1
5713,forest20fire,shelby county,i add a video to a youtube playlist ori and the bind forest ep 6 ' fire and death ',1
5714,forest20fire,,how be it one careless match can start a forest fire but it take a whole box to start a campfire ?,1
5715,forest20fire,port matilda pa,our little forest fire warden,1
5716,forest20fire,"concord , n.c .",fire in pisgah national forest grow to 375 acre,1
5717,forest20fire,"wedding , california , usa",ashenforest floorburnt manzanita amp timber on johnson fire along ridge on forest road 1. routecomplex,1
5719,forest20fire,,sweet2young -runs at her for set my forest on fire and bite the shit out of her neck,1
5720,forest20fire,,hornybigbadwolf -sets the forest on fire,1
5721,forest20fire,"latina , romania",i like a youtube video j. cole - fire squad 2014 forest hill drive,0
5722,forest20fire,"wedding , california , usa",view of smoke column rise above the south end of the blake fire along forest road 1. routecomplex,1
5724,forest20fire,,it start a forest fire that can not be put out .,1
5726,forest20fire,"asheville , nc",fire in pisgah national forest grow to 375 acre,1
5727,forest20fire,,i have to grill for a school function . one of the grill we have go be pretty much either off or forest fire . no inbetween ! make it work,0
5729,forest20fire,,515p for those who watch over me forest fire smoke have lift ' cuff fme take a run the pet store on the hwy n. I will home by 7p .,1
5730,forest20fire,los angels for now,we be have forest fire out here in local but the only fire you should watch for be ybtheprophet realhiphop,1
5732,forest20fire,?,u.s. forest service firefighter david ruhr 38 die in the ' frog fire ' in the modoc national forest . he have be temporarily reassign,1
5733,forest20fire,western washington,uses an acronym for united state fire service .,0
5734,forest20fire,atlanta,how be it one careless match can start a forest fire but it take a whole box to start a campfire,0
5736,forest20fires,,only you can prevent forest fire . ?,1
5739,forest20fires,,naturaldisasters a california fire rage the forest service sound the alarm about rise wildfire cost ...,1
5740,forest20fires,,q why do duck have big flat foot ? a to stamp out forest fire . q why do elephant have big flat foot ? a to stamp out flame duck .,0
5741,forest20fires,"alberta , canada",gilmanrocks7 wow . where be this ? for the rest of the summer i usually have to worry about forest fire . calgary be about 8 hour away .,1
5743,forest20fires,"washington , d.c .",a california fire rage forest service sound the alarm about sharply rise wildfire cost,1
5744,forest20fires,,a little concerned about the number of forest fire where I will be live,1
5745,forest20fires,,nycdivorcelaw trump be a climate deniers algae bloom in the pacific from calif to alska- seaweed in caribbean forest fires snowball inhofe,1
5746,forest20fires,montana,the forest service now spend gt50 of it budget fighting fire,1
5748,forest20fires,,cartoon bear . without them we would have no knowledge of forest fire or toilet paper .,0
5751,forest20fires,,this be the first year the forest service spend more than half it annual budget on fight fire . climatechange,1
5752,forest20fires,,a california fire rage the forest service sound the alarm about rise wildfire cost,1
5753,forest20fires,,reedit lightning spark new fire in boise national forest rstormcoming,1
5754,forest20fires,san francisco,the spread of conflict palmoil have spark an increase in fire destroy forest throughout indonesia,1
5757,forest20fires,cape cod,photo blue by forest.fires source,1
5758,forest20fires,,I be about to cook your smokey the bear save forest fire face as,0
5759,forest20fires,nicola valley,forest fire amp die salmon time 2 act not deny . climate change nightmare be here bcpoli cannoli vanpoli,1
5760,forest20fires,tip on my blog at,tale of the tree deep water love lake tahoe . and no forest fire,0
5763,forest20fires,"boise , idaho",8-5-2015 - 430 p.m. - progress be make on boise forest fire,1
5764,forest20fires,,a group of florida forest service firefighter could be deploy to california to help contain fire . detail at 10 !,1
5765,forest20fires,,pray ! for east coast forest fire ! pray ! that they be put out . pray ! for rain !,1
5766,forest20fires,duncan,bluejays brave angel instead of dump water on yourselves please send it to british columbia to help with the forest fire,1
5769,forest20fires,,heartdisease u.s. forest service say spending more than half of budget on fire,1
5771,forest20fires,texas,' no harrell only you can prevent forest fire ' ?,0
5772,forest20fires,,climate consequence u.s. forest service say spending more than half of budget on fire,1
5775,forest20fires,,u.s. forest service say spending more than half of budget on fire,1
5776,forest20fires,base in ca - serve nationwide,property loss from northern california wildfire nearly double via yahoonews,1
5777,forest20fires,"portland , oregon",inciweb or update rogue river-siskiyou national forest fire 8515 1200 prime minister rogue river-siskiyou nf area,1
5778,forest20fires,"vancouver , bc",forest fire could delay abbyairshow but official say it could be a good thing,1
5780,forest20fires,"lansdale , pennsylvania",u.s. forest service say spending more than half of budget on fire by ian simpson,1
5781,forest20fires,,campsite recommendation toilet shower pub fire no kid pizza shop forest pretty stream no midges no snake thanks ?,1
5783,forest20fires,,when ur friend and you be talk about forest fire in a forest and he tell you to drop ur mix tape out there ... straightfire,1
5784,forest20fires,"sacramento , ca",firefighting consumes forest service budget spark political clash forest service report cite increase cost of,1
5789,hail,"carol stream , illinois",great michigan technique camp b1g thanks to bmurph1019 hailyoutsey . termn8r13 goblue wrestleon,1
5790,hail,,np avenge sevenfold - hail to the king,0
5791,hail,,all hail shadow hybrid mix feat . mike souter youtube youtube,1
5792,hail,calgaryairdriereddeerab,tremblayeh we like big hail and we can not lie ! sirmixalot,0
5793,hail,united state,lzk issue severe thunderstorm warn wind 60 mile per hour hail 0.75 in for sharp ar till 815 prime minister cdt wx,1
5794,hail,"hattiesburg , miss",two great ' dawns ' dak and jak ! hail state !,0
5795,hail,arkansas,strong thunderstorm 4 mile north of japton move se at 25 mph . large hail and wind gust up to 50 mile per hour pass ... arwx,1
5797,hail,united state,rnk issue severe thunderstorm warn wind 60 mile per hour hail 1.00 in for rockingham stokes nc till aug 5 1000 prime minister edt,1
5798,hail,,thank you so so much to everyone for post the rain and hail outside ... i have no idea guy ?,0
5799,hail,"dagenham , essex",chojo everyone hail to the pumpkin king !,0
5800,hail,inside the beltway dc area,cue storm with massive wind and hail ! now a power outage wii in davidson county .,1
5801,hail,,heyseto enjoy ! hopefully there will be no epic hail storm where you be go !,0
5803,hail,usa,strong thunderstorm 4 mile north of japton move se at 25 mph . large hail and wind gust up to 50 mile per hour pass ... arwx,1
5804,hail,"florida , usa",all hail lady cheryl ! 24 reason you should be obsess with cheryl cole,0
5805,hail,"windsor , ontario",kmactwn meaganerd look like a bowl of weather cereal . new ! kellogg 's sugar hail ! stay crunchy even in milk ...,0
5807,hail,,hail mary full of grace the lord be with thee . bless art thou among woman and bless be the fruit of thy ...,0
5808,hail,"brasil , fortaleza ce",see on fahlowcw all hail the queen ? mtvhottest justin bibber,0
5812,hail,,modnao23 the hail be ruin everything . plus my car i have not even get yet . have yet another killer migraine and i lose my glass . ?,1
5814,hail,paradise city,fazerain all hail the cloud,0
5815,hail,"rapid city , south dakota",new warning for central hill 1 ' hail 60 mile per hour wind . not affect sturgis but could later tonight . kotaweather,1
5816,hail,antoine fisher,hailzel man you kno I be there !,0
5817,hail,between dire and radiant,hail ! pic,0
5818,hail,,heavy rain and lightning overhead in oakridge sw calgary - at least it will melt the hail ... yycstorm abstorm,1
5819,hail,"calgary , ab",heyitsepark heavy rain and hail,1
5821,hail,calgary,weathernetwork here come the hail !,1
5822,hail,,flow397 come datcha from boston . have goofball size hail yesterday sunny amazing sky today ! parkchat,0
5824,hail,"indianapolis , in",central mass . fruit tree escape heavy damage after wind hail,1
5825,hail,,new warning for central hill 1 ' hail 60 mile per hour wind . not affect sturgis but could later tonight . kotaweather,1
5826,hail,united state,unr continue severe thunderstorm warn wind 60 mile per hour hail lt.75 in for weston wy and custer fall river pennington sd till 715 p,1
5827,hail,"bay area , ca",kevin tan say hail to the chef - and green pasture which feature sustainable and organic cooking ...,0
5828,hail,"la vega , nevada",hail the new caesar !,0
5829,hail,global,calgary pound with hail on second day of storm,1
5832,hail,watch those video -,darkndtatted pull up holmes !,0
5833,hail,"tulsa , oklahoma",hires doppler show storm just ne of edmond be now severe with 1.25 ' hail and 60mph wind possible . okwx,1
5834,hail,united state,unr issue severe thunderstorm warn wind 60 mile per hour hail 0.75 in for weston wy and custer fall river lawrence meade pennington s,1
5835,hailstorm,"calgary , ab",well so much for outdoor pestering calgaryfringe mothernature hailstorm rain yycfringe killhard,1
5836,hailstorm,usa,haleywhaley hailstorm hey there be a secret trick to get 375.000 gem clash ofclans check them now on my profile,0
5837,hailstorm,"ab , canada",nice job calgary transit !,0
5840,hailstorm,"newton center , massachusetts",freak boston hailstorm produce a hailstorm of business ... for auto-body repair specialist . peterhowenecn 630830 tonight neck,1
5841,hailstorm,kick horse pas,oh my god nixon life ! that be richard m. nixon tricky dicky right there in the picture be not it . hide in calgary he ...,1
5842,hailstorm,,hailthe user summons a hailstorm last five turn . it damage all pokémon except the ice type .,0
5843,hailstorm,far away,calgary news weather and traffic for august 5 90,0
5845,hailstorm,"calgary , alberta",adriasimon hailstorm day 2 ... round2 yyc yycstorm,1
5847,hailstorm,,more wicked weather roll through calgary and surround area,1
5848,hailstorm,calgary,get ta love summer in calgary . yyc hailstorm crazyweather,1
5849,hailstorm,"suginami-ku , tokyo , japan",severe weather and a rare hailstorm pummel boston -,1
5850,hailstorm,washington state,we the free hailstorm maxi,1
5853,hailstorm,somewhere,those that i have swear to defend have prove themselves to be friend of the house hailstorm .,0
5854,hailstorm,massachusetts,twin storm blow through calgary 1,1
5855,hailstorm,heaven,summer heat drive bobcat to calgary backyard 35,1
5856,hailstorm,"calgary , alberta",ready for my close up ... error nope ! notgoingoutinthat hailstorm alberta hellonwheelsamc howfans talkinghell,1
5858,hailstorm,,ig ' it 's hail again ! abstorm yyc hail hailstorm haildamage yycweather calgary captureyyc alberta sto,1
5861,hailstorm,,summer heat drive bobcat to calgary backyard 3,1
5863,hailstorm,"calgary , canada",sadly the tent fly do not survive this hailstorm and now i have tear in the roof and water in the tent . only ...,1
5864,hailstorm,virgo supercluster,this be boston yesterday after an intense hailstorm x-post from rcityporn 46082474,1
5867,hailstorm,,my favorite text,0
5868,hailstorm,facebook.comtradcatknights,canada hailstorm flash flood slam calgary knock out power to 20k customer,1
5869,hailstorm,"wyoming , mi grand rapid",if you be gon na take a break at work ... you get ta do it right ! carlilescanoelivery lovemyjob,0
5870,hailstorm,"cliff , colorado",severe hailstorm in progress over northeast logan county ... cow,1
5873,hailstorm,dicky beach,councilscc it do say hailstorm,1
5874,hailstorm,,this be why i be scar to leave my car under tree in a storm jamaicaplain boston hailstorm,1
5875,hailstorm,far away,calgary news weather and traffic for august 5 45,0
5876,hailstorm,"not los angels , not new york .",the stephen ave flower pot get a little rip up in the hailstorm today yyc abstorm calgary iamdowntown,1
5881,hailstorm,heaven,grow calgary avoids bad of city 's wicked weather 16,1
5882,hailstorm,,photo this be why i be scar to leave my car under tree in a storm jamaicaplain boston hailstorm ...,1
5883,hailstorm,"calgary , alberta",calgary transit reviewing policy after leave hundred of commuter strand during hail,1
5884,hailstorm,"calgary , ab , canada",600 passenger abandon at lrt station during tuesday 's hailstorm yyc yycstorm abstorm,1
5885,harm,global,quality metric penalty may harm patient care pcp say primary care physician generally hold positive vi ...,0
5886,harm,"massachusetts , usa",tareksocal i think a lot of celebrity have to treat people a if they could harm them,0
5887,harm,,stick and stone may break my bone but word will never harm me,0
5888,harm,,i s2g if anyone try to harm my cupcake I will fuck hunt you down to the end of the earth harrybecareful,0
5889,harm,"queensland , australia",vanderbilt first do no harm,0
5890,harm,kansas city,leedsrouge love what you pick ! we be play worth it by fifth harmkid ink because of you ! listen amp vote,1
5891,harm,"cleveland , oh - san diego , ca",imagine a doctor treat an ebola patient without ever place himself in harm 's way .,1
5892,harm,,' but right now you be only annoy by them . if you actually hang out with them You would see that they mean no harm . ' audaciousspunk,0
5893,harm,the barn,I have burn myself before not in the self harm way in the I be a dumbass and i should not be allow to be around fire way,0
5894,harm,where the wild thing be,i concur . the long you spend with your child the more harm ? mmk,0
5896,harm,? semekeepschangingsoyeh ?,people keep not tag self harm and It be fuck me up,0
5898,harm,kansas city,dinallyhot love what you pick ! we be play worth it by fifth harmkid ink because of you ! listen amp vote,0
5899,harm,,i do not pray harm on member of isis.i pray they experience the life-rebooting love of god amp become ' paul 's ' in god mind-blowing final act,0
5900,harm,"buffalo , ny",be the safety improvement be make to route 198 in buffalo do more harm than good ?,0
5901,harm,,be inner man wayward on route to harm spent replace online survey ? qzloremft,0
5902,harm,i love you zany,if anything happen i will fuck fly 2 metlife which be 3 hour away from meampbeat d crap out of any1 who try 2 harm d boys otratmetlife,0
5903,harm,gotham city,you can never escape me . bullet do not harm me . nothing harm me . but i know pain . i know pain . sometimes i share it . with someone like you .,1
5904,harm,"seattle , wa",how standardized test harm child of color and what we can do about it via parentsacrossam cc billgates,0
5905,harm,world wide,for i know the plan i have for you declare the lord plan to prosper you and not to harm you plan to ...,0
5906,harm,,laurenmiller7 she will not harm you,0
5907,harm,,angelstar39 obama should feel responsible bringing in these illegals he- his family well protect from harm . no feeling or heart 4 others,0
5908,harm,tx,I have be mean to harm you in the best way i see fit ?,0
5909,harm,england,vilelunar i trickshot with a regular controller fuck infinite fading be so harm gt,0
5911,harm,"sumter , sc",sex worker say credit card ban on online ad do more harm than good,0
5912,harm,someday I will live in england .,how can someone harm this angel !,0
5913,harm,hogsmeade,if anyone be to harm the boy they would get take down immediately not by security but by the fan real quick,0
5916,harm,55 access retweet link please x,so many security cards this be good . i dare them to let someone harm harry otrametlife,0
5918,harm,? ? ?,someone just reblogged a picture of self harm scar oh please it 2015 can we stop,0
5919,harm,10-jul,wowsavannah what be the harm ? they be collectible,0
5920,harm,,interview with actor randy irwin a.s.k what could be the harm,0
5921,harm,kansas city,5hvzlaradio love what you pick ! we be play worth it by fifth harmkid ink because of you ! listen amp vote,0
5922,harm,the south westcoast,all i get in this world be my brother i do not wan na see no harm come they way ima lil upset right now ?,0
5923,harm,hogwarts,wwexdreamer talk to please do not harm your self in any way shape or form please we care about you and if i saw you right now you better,0
5925,harm,va,malistkiss sunni continue to believe they be more righteous and they continually harm shia . defeat the ideal of islam .,1
5927,harm,,news4buffalo yes a lot more harm then good if there be guardrails up now why cant we go 50. their will be a big problem when school start,0
5928,harm,"portland , or",spacewolverine no harm no foul and somebody need to say it .,0
5929,harm,,tastemycupcakee lmfaooo hell nah ? yo as think ?,0
5930,harm,? symbolicjensen ?,self harm I be so angry please tag your scar on tumble jesus christ i don't wan na get trigger,0
5932,harm,,rjg0789 idk ... i feel like his movie have do more harm than good . they make u look stereotypical annddd colorist be prevalent sort of,0
5933,harm,"los angels , california",quality metric penalty may harm patient care pcp say - primary care physician generally hold positive view ...,0
5934,harm,contoocook valley region of ne,politician be use false allegation to attack plannedparenthood amp harm woman . we be not fool we standwithpp,0
5935,hazard,,classycolkett thorgan hazard make his move permanent go gladbach this summer laugh my as off,0
5937,hazard,australia,lifestyle it make me sick baby clothes deem a hazard,0
5938,hazard,,longbreastyat yeah i do not think he be elite either i think hazard be the good player too . but not by much,0
5939,hazard,"alameda , ca",choke hazard prompt recall of kraft cheese single,1
5942,hazard,"london , england",see hazard without the beard like ...,0
5943,hazard,arizona,get that hazard pay,0
5944,hazard,"lancashire , united kingdom",i like a youtube video from chaboyyhd battlefield 4 funny moment - duke of hazard undercover soldier,0
5947,hazard,a van down by the river,phiddleface not if there a choke hazard ! ? don't die before i get there !,0
5949,hazard,,road hazard cascade rd sw childless dr sw,0
5950,hazard,niff,road closure remain in effect due to hazard tree fall tree torching and uphill run of the fire . forest service road 1 remains close,1
5952,hazard,"giddy , greenland",so now that di maria have leave my dear muff back to the hazard-di maria argument ... I would say hazard be way well ? i do not care,0
5953,hazard,,davis 's drug guide for nurse by judith hopper deglin and april hazard vallerand,0
5954,hazard,,the eden hazard of hockey,0
5955,hazard,chicago,confirm sanchez hazard and bolasie will be out for the rest of the season .,1
5956,hazard,"roppongi , minato , tokyo",thatpersianguy youngsafe ? eden hazard a harden be spot on flopping be identical,0
5957,hazard,,i rate hazard very highly but his fanboys be among the bad account on twitter .,0
5958,hazard,,dannyraynard not bad personally I would get rid of either hazard or aguero for a good striker than berahino,0
5959,hazard,"pleasanton , ca",choke hazard prompt recall of kraft cheese single,0
5960,hazard,,break arsenal 's hector bellerin have be arrest for question regard the disappearance of eden hazard .,0
5961,hazard,"portsmouth , va",freak accident ? sure . look for someone to blame ? maybe . remember that player break his leg cuz cart be at back of end zone ? common sense,0
5962,hazard,scandinavia,december 2011 court dismiss the group charge of rape victim say ' get rap be an occupational hazard ... ! ' u military isi !,0
5963,hazard,,95-03 bmw 528 530 540 740 emergency warn hazard switch button oem 20177-707d,0
5964,hazard,kenya,kenya news chelsea talisman eden hazard keen to match cristiano ronald and lionel mess . mipasho,0
5965,hazard,"chicago , il",' big lead hazard in new england history . ' yeah let u nail these guy .,0
5966,hazard,dil 's campsite,deaddreamer15 ... because if it be on fire that 'd be a safety hazard,1
5972,hazard,massachusetts,precious cargo onesie recall for choke hazard .,0
5974,hazard,,tomdean86 he be alright but hazardwillian be not gon na be shift easily .,0
5975,hazard,,862015132 pm hazard in high traffic area at 5000 dean bridge rd,1
5978,hazard,,battlefield 4 funny moment - duke of hazard undercover soldier mav t ... via youtube,0
5979,hazard,,londonfire hi ... be there an email that people can use to report s'thing they think be a fire hazarddangerous ?,1
5980,hazard,uk,our tipster preview chelsea v swansea amp there be a 481 double ! chelsea hazard,0
5981,hazard,,arianagrande girl you still licking ' public donut ? health hazard ... u should be in jail .,0
5982,hazard,alford,fair enough we have two of the best attacking winger in the prom in hazard and lillian who will basically start every game 100,0
5983,hazard,,862015108 pm hazard in high traffic area at 1500 wrightsboro rd,1
5985,hazardous,"nashville , tn",wholesale we gon rep that hit at all costs hazardous wholeteam3 wholesaleent,0
5987,hazardous,swinfodot.state.al.us,i-10 eb at miss line update offload the hazardous material be go much slow than expect . road could stay close until tomorrow be .,1
5988,hazardous,usa,taiwan grace expect that large rock tree mud unstable candor saturate land may slide ... very hazardous in hillymountain area ...,1
5989,hazardous,,dlh issue hazardous weather outlook hwo,1
5990,hazardous,,jax issue hazardous weather outlook hwo,0
5991,hazardous,,risk assessment and optimization for rout hazardous waste collection sustainable environmental,0
5992,hazardous,united state,jax issue hazardous weather outlook hwo wx,1
5995,hazardous,far away from home,igmpj be not dangle pierce crystal potentially hazardous to the eye ?,0
5996,hazardous,,foodscare offers2go nestleindia slip into loss after magginoodle ban unsafe and hazardous for humanconsumption,1
5997,hazardous,,what tribal slap world pres how to recognize a hazardous waste and the multidimensi,0
5998,hazardous,"british columbia , canada",skinny jean be hazardous for your health ! socialnews,1
5999,hazardous,,from recycle to only use nonhazardous chemical holland 1916 continually strive to maintain an eco-friendly existence .,1
6000,hazardous,,dam gm slap world pres how to recognize a hazardous waste and the multidimensional,1
6001,hazardous,,never fear quarrel but seek hazardous adventure .,0
6002,hazardous,"gainesville , fl",0913 pm hazardous weather outlook no hazardous weather be expect at this time ...,0
6003,hazardous,united state,jkl issue hazardous weather outlook hwo wx,1
6004,hazardous,"muntinlupa city , philippine",hearitfrompa also pls help u with our campaign to warn the public about the hazardous keratin treatment . the brazilian blowout copycat .,0
6007,hazardous,united state,meg issue hazardous weather outlook hwo wx,1
6009,hazardous,"muntinlupa city , philippine",hearitfrompatty also pls help u with our campaign to warn the public about the hazardous keratin treatment . the brazilian blowout copycat,0
6012,hazardous,,caution breathing may be hazardous to your health .,1
6013,hazardous,"oregon , usa",be it possible to sneak into a hospital so i can stab myself with a hazardous needle and inject some crazy disease into my vein until i die,0
6015,hazardous,,theblackshag dannyoneil too toxic ... cancer ... disease ... hazardous waste ... noxious ...,1
6017,hazardous,,caution breathing may be hazardous to your health .,0
6019,hazardous,"memphis , tn",meg issue hazardous weather outlook hwo,1
6020,hazardous,,It be get to be hazardous get into this world alive .,1
6022,hazardous,?,joshlado not tweet and drive joshua . typo be hazardous .,0
6023,hazardous,"mysore , karnataka",foodscare offers2go nestleindia slip into loss after magginoodle ban unsafe and hazardous for humanconsumption,1
6024,hazardous,,eversafe emergency auto kit for all weather unsafe hazardous rush-hour gridlock jumper-ca,1
6026,hazardous,,mtr issue hazardous weather outlook hwo,1
6027,hazardous,"portland , or",hazard - hazardous condition at sb i5 fwy at sw terwilliger boulevard portland or portland police pp15000266858 1726 pdx911,1
6030,hazardous,canada,skinny jean be hazardous for your health ! socialnews,1
6031,hazardous,"new delhi , delhi",foodscare offers2go nestleindia slip into loss after magginoodle ban unsafe and hazardous for humanconsumption,0
6032,hazardous,,psd special slap world pres how to recognize a hazardous waste and the multidimensi,1
6033,hazardous,united state,dlh issue hazardous weather outlook hwo wx,1
6034,hazardous,"british columbia , canada",skinny jean be hazardous for your health ! socialnews,1
6036,heat20wave,"fort worth , texas",retweet startelegram homeless vulnerable during north texas heat wave,1
6037,heat20wave,,rawfoodbliss I be in the middle of a humid heat wave and a patch on my forehead flare up . i take olive oli extract and 4 tablespoonful olive oil,0
6038,heat20wave,usa,heat advisory be in effect from 1 prime minister through 7 prime minister thursday . a building heat wave and increase humidity ... law,1
6039,heat20wave,"greenfield , massachusetts",many thank you for share and your comment alex lightman - what evidence do it take or will it take for you or your ...,0
6041,heat20wave,,apocalyptic iran heat wave nearly breaks world record,1
6043,heat20wave,,japan heat wave intensifies death toll surge to 55,1
6045,heat20wave,,heebsterrr i remember the heat wave the year i go brush and they do not have ac ?,0
6047,heat20wave,"karachi , pakistan",waseembadami condemning of death more than 1000 due to heat wave in karachi . may allah gv patience to their heir .,1
6048,heat20wave,"london , riyadh",something frightening be happen to the weather in the middle east,1
6049,heat20wave,,creationsbykole cork city in ireland ... we get to 17 degree today ... that be a heat wave for u hah,1
6050,heat20wave,"crawford , london",hollywarnexx mini heat wave apaz,1
6051,heat20wave,"arnhem , the netherlands",arnhem weather - ltpgtan unrelenting and dangerous heat wave will expand across the south central united state,1
6053,heat20wave,pacific northwest,uae cool to mideast heatwave rain watch late video ncms issue warn of thunder rain poor visibility ...,1
6055,heat20wave,somewhere in spain,klarajoelsson well i have see it now ! that be a bummer . we have have this heat wave tho ... 43'c ! I would prefer the rain ... p,1
6056,heat20wave,,It be a heat wave . squad revitup pizzarev,1
6057,heat20wave,"jackson , miss",jackson m long streak of triple-digit heat since 2013 forecast in dallas,1
6058,heat20wave,"state college , pa",must read forecast ! long streak of triple-digit heat since 2013 what happen next ?,1
6059,heat20wave,"frisco , tx",wfaaweather pete when will the heat wave pas ? be it really go to be mid month ? frisco boy scout have a canoe trip in okla .,1
6060,heat20wave,,not ... ready for this heat wave ... i do not want the sun to come back out ... I be enjoy this break of cooler temp ...,1
6061,heat20wave,malaysiajordan,It be kinda cool tonight . be the heat wave finally over ? ? 7amdollela 3la kelli 7aal,1
6064,heat20wave,,heat wave be end ! watch a big area of rain though ... will impact part of the area . detail now on nbc10 at 5pm,1
6065,heat20wave,somewhere out there,rachelcaine the weatherit need to make it mind up . first snow tornado now would you say a heat wave ?,1
6066,heat20wave,,chilli heat wave doritos never fail !,0
6069,heat20wave,usa,heat wave in welcome back heavy loss and no compensation report - via palinfoen palestine,1
6070,heat20wave,international action,heat wave add to the misery of internally-displaced hazans via presstv,1
6071,heat20wave,,cherry print match lipstick just rediscover cars heat wave. ? by emilyschuman,0
6072,heat20wave,"oklahoma city , ok",long streak of triple-digit heat since 2013 forecast in dallas an unrelenting and dangerous heat wave will ...,1
6073,heat20wave,planet of da bathing ape,heat wave get ta be over 9000 today,1
6074,heat20wave,"maricopa , az",startide It be hotter there than phoenix this week with 3x the humidity . gt.gt heat wave .,0
6075,heat20wave,liverpool,greatbritishbakeoff love to know where i be when all this nice weather happen ! do miss the heat wave ? ?,0
6076,heat20wave,albuquerque new mexico,kristenkoin6 yay good cooler weather for pdx ... abq nm be feel the heat wave now bcuz my rain dance be not work -,0
6078,heat20wave,,long streak of triple-digit heat since 2013 forecast in dallas,1
6083,heat20wave,new york brooklyn,have you hear 05 love to love you ... heat wave vol 5 by george deejayempiresound on soundcloud ? np,0
6084,heat20wave,"nebraska , colorado the globe",weather warfare follow the money this government be what our found father be warn u about the weather ...,1
6085,hellfire,rheinbach germany,orchid - sign of the witch,0
6086,hellfire,,day 3 without my phone and due to my slow shit computer it be utter hellfire ' plea send help,0
6087,hellfire,,the prophet peace be upon him say ' save yourself from hellfire even if it be by give half a date in charity . ',0
6088,hellfire,,hellfire be surround by desire so be careful and don't let your desire control you ! afterlife,0
6090,hellfire,riyadh,the prophet peace be upon him say ' save yourself from hellfire even if it be by give half a date in charity . ',0
6091,hellfire,uk,deedeecasey be on tour in the day to hellfire cave ! would love to investigate the place though !,0
6092,hellfire,keddah khartoum,beware of your temper and a loose tongue ! these two dangerous weapon combine can lead a person to the hellfire islam !,0
6093,hellfire,united hood of the globe,hellfire ep - silentmind amp bookofdaniel,0
6094,hellfire,"jubal ic , saudi arabia .",allah describes pile up wealth thinking it would last forever a the description of the people of hellfire in surah humaza . reflect,0
6096,hellfire,,beware of your temper and a loose tongue ! these two dangerous weapon combine can lead a person to the hellfire islam !,0
6097,hellfire,,the prophet peace be upon him say ' save yourself from hellfire even if it be by give half a date in charity . ',1
6098,hellfire,,hellfire ! we don't even want to think about it or mention it so let not do anything that lead to it !,0
6099,hellfire,,hellfire be surround by desire so be careful and don't let your desire control you ! afterlife islam,0
6100,hellfire,colorado,ianhellfire you say It be rude base on an experience . kind of a next level sub tweet in a way lol . either way you get work up,0
6102,hellfire,,jyheffect my good you stay in ny ? ?,0
6103,hellfire,,hellfireev jackperu1 then i do this to one of them ?,0
6104,hellfire,"denver , colorado",also i don't think sew think a leather belt would work out that well lol,0
6105,hellfire,? ? ? ?,allah describes pile up wealth thinking it would last forever a the description of the people of hellfire in surah humaza . reflect,0
6106,hellfire,right next to compton,ianhellfire i get it for the mistake but bos get it bad cause their job be to oversee my work . bos do not change after that ...,0
6108,hellfire,"11th dimension , los angels",that hellfire song from the hunchback of note dame remind me a lot of my house,0
6109,hellfire,"denver , colorado",the message you send and they do not reply . i see that you saw my message the least you can do be tell me to ' fuck off ' or something .,0
6110,hellfire,,beware of your temper and a loose tongue ! these two dangerous weapon combine can lead a person to the hellfire islam !,0
6111,hellfire,,the prophet peace be upon him say ' save yourself from hellfire even if it be by give half a date in charity . ',0
6112,hellfire,,hellfire be surround by desire so be careful and don't let your desire control you ! afterlife,1
6113,hellfire,,hellfire ! we don't even want to think about it or mention it so let not do anything that lead to it islam !,0
6115,hellfire,"570 vanderbilt brooklyn , ny",new cocktail on the list ! el diabolo ma verde mescal yellow chartreuse honey cucumber hellfire bitter ...,0
6116,hellfire,? ? ... ?,hellfire be surround by desire so be careful and don't let your desire control you ! afterlife islam,0
6118,hellfire,,the prophet peace be upon him say ' save yourself from hellfire even if it be by give half a date in charity . ',0
6119,hellfire,,hellfire ! we don't even want to think about it or mention it so let not do anything that lead to it !,0
6120,hellfire,"denver , colorado",ggkeeponrockin strawberrysoryu oh okay i just get the message twice and get suspicious . sorry . I will check it out !,1
6123,hellfire,? ? ?,allah describes pile up wealth thinking it would last forever a the description of the people of hellfire in surah humaza . reflect,1
6125,hellfire,,hellfire be surround by desire so be careful and don't let your desire control you ! afterlife,0
6126,hellfire,silvermoon or ironforge,fel lord zakuun be about to die ! hellfire wod,1
6127,hellfire,"charleston , wv",hellfire gargoyle hoof coil,0
6128,hellfire,"denver , colorado",mechamacgyver wow bet you get blame for that too huh ?,0
6130,hellfire,colorado,ianhellfire again not really . do you have any idea how many time i have be ignore for fade . you can not expect anything .,0
6132,hellfire,,the prophet peace be upon him say ' save yourself from hellfire even if it be by give half a date in charity . ',1
6133,hellfire,"benicia , ca",usarmy have enter into the jam project to replace tow and hellfire missile . check it out here,0
6134,hellfire,riyadh ',hellfire ! we don't even want to think about it or mention it so let not do anything that lead to it islam !,1
6135,hijack,houston tx,tension in bayelsa a patience jonathan plan to hijack apc pdp -,1
6137,hijack,innerhalb der like,gamergate ' our entire attempt to hijack your community destroy your industry and scam everyone in sight be just sarcastic ' . drop dead .,0
6138,hijack,,bayelsa poll tension in bayelsa a patience jonathan plan to hijack apc pdp plan by former first lady and ...,1
6140,hijack,"new york , ny",dreamoforgonon teeess not to hijack but a a bona five cislady i can confirm this a true incidental homosexuality gaybi for woman .,1
6141,hijack,"kansas city , mo",0-day bug in fully patch o x come under active exploit to hijack mac,0
6145,hijack,,0-day bug in fully patch o x come under active exploit to bypass password ... - ar technical,0
6146,hijack,,reveal evertor hijack united bid for 14-year-old wonderkid ! -,0
6147,hijack,,I have just post on my blog about criminal who hijack lorry and bus arrest in enugu photo,1
6148,hijack,nigeria,criminal who hijack lorry and bus arrest in enugu photo donjazzy policing humanrights,1
6150,hijack,nigeria,criminal who hijack lorry and bus arrest in enugu photo,1
6151,hijack,,tension in bayelsa a patience jonathan plan to hijack apc pdp,1
6152,hijack,"port harcourt , nigeria",plan by former first lady and wife of ex-president goodluck jonathan dame patience jonathan to hijack the all ...,1
6153,hijack,eat strawberry shitsickles,mockingpanems cuddlesforjen what if he slam her against the wall for the wrong reason but then he come out of hijack mode and it,0
6154,hijack,lagos nigeria,patience jonathan on the move to hijack apc in bayelsa state,1
6156,hijack,,criminal who hijack lorry and bus arrest in enugu accord to the nigerian police force ... via music212,1
6159,hijack,nigeria,patience jonathan on the move to hijack apc in bayelsastate,0
6160,hijack,,swansea ? plot hijack transfer move for southampton target virgil van dick ?,0
6162,hijack,maryland,jeep cherokee owner file lawsuit against fiat chrysler barman after hacker ... - the consumerist mcgsecure,0
6163,hijack,,0-day bug in fully patch o x come under active exploit to bypass password ... - ar technical,0
6164,hijack,"lagos , nigeria",extension in bayelsa a patience jonathan plan to hijack apcpdp,1
6165,hijack,,swansea plot hijack transfer move for southampton target virgil van dick,1
6166,hijack,,welshninja87 click on the tag there be lot of them . retweet them to hijack the hashtag,0
6167,hijack,"near richmond , va",another mac vulg !,0
6169,hijack,nigeria,late post bayelsa poll tension in bayelsa a patience jonathan plan to hijack apc pdp,0
6170,hijack,worldwide,latestnews tension in bayelsa a patience jonathan plan to hijack apc pdp,1
6171,hijack,nigeria,tension in bayelsa a patience jonathan plan to hijack apc pdp,1
6173,hijack,kolkata,stay cautious .,0
6174,hijack,be everywhere,bayelsa poll tension in bayelsa a patience jonathan plan to hijack apc pdp plan by former first lady and ...,0
6175,hijack,,rickybonessxm fuck you too specially there new shit . first they hijack itunes now all sirius chan . fuck off already hah just saying,0
6178,hijack,"miami , florida",tension in bayelsa a patience jonathan plan to hijack apc pdp -,1
6181,hijack,,swansea plot hijack transfer move for southampton target virgil van dick,1
6183,hijack,nigeria,bayelsa poll tension in bayelsa a patience jonathan plan to hijack apc pdp plan by former first lady and ...,0
6184,hijack,"oregon , usa",jasoncundy05 chelsea need to hijack man utd deal for pedro ... 20 mill bargain adam drive home in oregon usa con blue !,0
6185,hijacker,,governor allow parole for school bus hijacker liveleakfun ?,1
6187,hijacker,san francisco,governor allow parole for california school bus hijacker who kidnap 26 child in 1976 .,1
6188,hijacker,san francisco bay area,gov . brown allows parole for 1976 chowchilla school bus hijacker james schoenfeld .,0
6191,hijacker,"louisville , ky",remove the and linkury browser hijacker,1
6192,hijacker,southern california,san jose mercury governor brown allows parole for california school bus hijacker,0
6193,hijacker,"sarasota , fl",remove the and linkury browser hijacker,0
6195,hijacker,,the hijacker-turned-sat-tutor who evade authority for three decade via slate,1
6196,hijacker,,governor allow parole for school bus hijacker,1
6197,hijacker,washington state,governor allow parole for school bus hijacker via nbcnews i remember this crime send chill through parent,1
6198,hijacker,,school bus hijacker give parole after 39 year,1
6199,hijacker,"fort collins , co",remove the and linkury browser hijacker,1
6200,hijacker,halifax,remove the and linkury browser hijacker,0
6201,hijacker,,governor allow parole for school bus hijacker,1
6202,hijacker,usa,how to remove browserhijacker,0
6203,hijacker,,complete solution to get rid of browser hijacker removal guide ! -,0
6206,hijacker,,remove the and linkury browser hijacker,0
6207,hijacker,"west chester , pa",remove the and linkury browser hijacker,0
6208,hijacker,,medieval airplane hijacker testa earnings the distinction diver htarvrgly,1
6211,hijacker,,governor allow parole for california school bus hijacker fresno link local network,0
6213,hijacker,"sacramento , ca",california school bus hijacker parole stand sacramento,1
6215,hijacker,,governor allow parole for california school bus hijacker local ...,1
6216,hijacker,"free state , south africa",hijacker cop back in the dock -,1
6217,hijacker,california,governor weigh parole for california school bus hijacker,0
6218,hijacker,,governor allow parole for school bus hijacker,1
6219,hijacker,california,governor weigh parole for california school bus hijacker,1
6220,hijacker,worldwide,retweet notexplained the only known image of infamous hijacker d.b . cooper .,0
6222,hijacker,"fresno , california",governor allow parole for california school bus hijacker fresno,1
6223,hijacker,worldwide,retweet notexplained the only known image of infamous hijacker d.b . cooper .,1
6224,hijacker,rsn tru,mauds99 jagexsupport change password through that link it will kick the hijacker off .,0
6226,hijacker,,jagexhelpdibi update jag enable but a hijacker have access might be what i be look for . finger cross .,0
6227,hijacker,,demo 8550013 hijacker 5th wheel hitch 21k ultra series double pivot,0
6230,hijacker,,medieval airplane hijacker hard shell cast the star deviate dyxtmrydu,1
6232,hijacker,"el past , tx",remove the and linkury browser hijacker,0
6233,hijacker,,how to remove softenza hijacker ? softenza anthelmintic nature book draw out help sea,0
6234,hijacker,,governor allow parole for california school bus hijacker - santa cruz sentinel,1
6240,hijack,,the murderous story of america first hijack,1
6241,hijack,"south pasadena , ca",ladyfleur the example i use be even worse in that It be a caf try to market itself whashtag hijacking .,0
6243,hijack,"perth , australia",hot funtenna hijack computer to send data a sound wave black hat 2015 prebreak best,0
6244,hijack,mongolia,hot funtenna hijack computer to send data a sound wave black hat 2015 prebreak best,1
6245,hijack,"brisbane , australia",hot funtenna hijack computer to send data a sound wave black hat 2015 prebreak best,0
6246,hijack,china,hot funtenna hijack computer to send data a sound wave black hat 2015 prebreak best,0
6247,hijack,world,the murderous story of america first hijack earnest pletchs coldblooded killing of,1
6248,hijack,"chiyoda ward , tokyo",hot funtenna hijack computer to send data a sound wave black hat 2015 prebreak best,0
6253,hijack,rome,hot funtenna hijack computer to send data a sound wave black hat 2015 prebreak best,0
6254,hijack,"athens , greece",the murderous story of america first hijack,1
6255,hijack,eastcarolina,hot funtenna hijack computer to send data a sound wave black hat 2015 prebreak best,0
6256,hijack,brazil,hot funtenna hijack computer to send data a sound wave black hat 2015 prebreak best,0
6257,hijack,in our heart earth global,hijack electric skateboard to make them safe scoopit,0
6258,hijack,,good samaritan shoot in horror hijacking johannesburg . ampmdash four men be shoot dead in bronville free state,1
6259,hijack,,hot funtenna hijack computer to send data a sound wave black hat 2015 prebreak best,1
6261,hijack,france,hot funtenna hijack computer to send data a sound wave black hat 2015 prebreak best,0
6262,hijack,,hot funtenna hijack computer to send data a sound wave black hat 2015 prebreak best,0
6263,hijack,,the ship have arrive safely . so it be quite unnecessary to sign the waiver that we will not sue microsoft if any hijacking occur .,0
6265,hijack,tokyo,hot funtenna hijack computer to send data a sound wave black hat 2015 prebreak best,0
6267,hijack,china,hot funtenna hijack computer to send data a sound wave black hat 2015 prebreak best,0
6268,hijack,,usagov korean be perform hijacking of the tokyo olympic game .,1
6269,hijack,,vehicle hijack in vosloorus gauteng on 2015-08-05 at 2300 white toyota conquest bkb066gp,1
6271,hijack,,drsarwatzaib070 come on . ik will face court for attack parliament and hijack tv station .,1
6272,hijack,brazil,hot funtenna hijack computer to send data a sound wave black hat 2015 prebreak best,0
6273,hijack,between idea 3-5pm best,to whomever be hijack my wife hotspot . i have a very specific skill set . i will create a character and perform a one-man show about you,0
6274,hijack,,hot funtenna hijack computer to send data a sound wave black hat 2015 prebreak best,1
6276,hijack,japan,hot funtenna hijack computer to send data a sound wave black hat 2015 prebreak best,1
6277,hijack,malaysia,the murderous story of america first hijack,1
6278,hijack,zimbabwe,good samaritan shoot in horror hijack 263chat twimbos zimpapersviews,1
6281,hijack,,the murderous story of america first hijack,1
6282,hijack,,mom be hijack my account to earn mcr status ! get your own account snort ! flavorchargedtea,0
6283,hijack,,hot funtenna hijack computer to send data a sound wave black hat 2015 prebreak best,1
6292,hostage,,egyptian militant tie to isis threaten to kill croatian hostage new york time 1717 gmt,1
6293,hostage,"vancouver , british columbia",ransomware hold b.c . man computer file hostage a virus lock andrew wilson 's family photo and other,0
6294,hostage,,i always tell my mom to bring me food or i will hold her cat hostage ?,0
6296,hostage,starling city,that moth that hold me hostage yesterday have be chill on the bathroom windowsill all day and I be not okay with this,0
6297,hostage,the great state of maine,islamic state group threaten to kill hostage if muslim woman aren't let go -,1
6299,hostage,,quote here-gtcnn purport isi video threaten croatian hostage,1
6300,hostage,glenview to knoxville,I be hungry a a hostage,0
6301,hostage,indiana,who be tomislav salopek the islamic state 's most recent hostage ? -,0
6302,hostage,,susanj357 msnbc allinwithchris It be like watch a hostage video sometimes ... but not always at least not yet,0
6303,hostage,roam around the world,islamic state group in egypt threatens to kill croat hostage,1
6304,hostage,,you will be hold hostage by a radical group .,0
6305,hostage,,when you get mug with ur gf you come up with the best excuse not to look like a bitch ' i want to fight but what if he hold you hostage ? ',0
6306,hostage,?,who be that shadow holding me hostage I have be here for day,0
6310,hostage,,related news ' isi video ' threatens hostage - europe - cnn,1
6311,hostage,"cape neddick , me",evahanderek marleyknysh great time until the bus driver hold u hostage in the mall parking lot laugh my fuck as off,1
6312,hostage,global,the horrific story of be a hostage - the horrific story of be a hostage It be 1974 and on a british ...,1
6314,hostage,"mariveles , bataan",islamic state group in egypt threatens to kill croat hostage,1
6315,hostage,"t 40.562796 , -75.488849",murfreesboro peeps I be hear walmart on s rutherford be on lockdown with a hostage be that true or a rumor ?,1
6317,hostage,roam around the world,islamic state group in egypt threatens to kill croat hostage,1
6318,hostage,,i send my email why be the trina hold me hostage rap me up ?,0
6320,hostage,"melbourne , fl",wtf ? her biological father be hold her hostage and her adoptive parent have not even look for her . criminal mind get me fuck up .,0
6322,hostage,new chicago,mylittlepwnies3 earlymay anathemazhiv tonysandos much of which have to do with lebanon 80 attack iran hostage crisis libya pan be,1
6323,hostage,,if you fill your mind with encouragement and positivity then it will not take you hostage . be careful of your content,0
6325,hostage,,i go to pick up my lunch today and the bartender be hold my change hostage because he want my number . ?,1
6326,hostage,san francisco bay area,pmarca content be hold hostage by network due to affiliation fee .,1
6328,hostage,australia,new isi video isi threaten to behead croatian hostage within 48 hour - tlvfaces - tlvfacesauspol,1
6329,hostage,,sydney hostage crisis have now be recover from the airasia wreckage .,1
6330,hostage,"victorville , ca",wut a lonely lunch . i get ditch . and I be hungry than a hostage !,0
6331,hostage,washington d.c .,nearly 35 year after their release from captivity legislation be be introduce in congress to compensate 53,0
6332,hostage,,gideonstrumpet have you be hold hostage ?,0
6334,hostage,"eugene , oregon",dysfunctional mcconnell plan on hold judicial nomination hostage . another example of how gop cant govern .,0
6335,hostage,thanjavur,2 hostage in libya remain unharmed government source on wednesday deny report that two indian national who,1
6336,hostage,japan,hot c-130 specially modify to land in a stadium and rescue hostage in iran in 1980 prebreak best,1
6337,hostage,"la vega , nv",hot c-130 specially modify to land in a stadium and rescue hostage in iran in 1980 prebreak best,1
6338,hostage,,hannahkauthor read american life first the chronicle freeamirnow freeallfour hostage hold by iran irandeal,1
6339,hostage,"cumming , ga",c-130 specially modify to land in a stadium and rescue hostage in iran in 1980,1
6340,hostage,westwestwestwestwestwestwest,russia stand down cold war nuke ban or face ocean superiority unconditional surrender next putin game set match release the hostage,1
6341,hostage,,broadcast journalism hostages to fortune otherwise quot-television blind else quot-operations since-3g super ...,0
6342,hostage,midwest,sinjar massacre yazidis blast lack of action overhostages,1
6343,hostage,new york city metro,holmgren describe 96 world cup we be lou 's hostage .,0
6344,hostage,tennessee,hot c-130 specially modify to land in a stadium and rescue hostage in iran in 1980 prebreak best,1
6345,hostage,,hot c-130 specially modify to land in a stadium and rescue hostage in iran in 1980 prebreak best,1
6346,hostage,,natalie stavola our costar explain her role in love and hostage . check it out ! lhmovie indiefilm comingsoon,0
6347,hostage,,render assistance gain a proxy for your hostage to fortune ssu,0
6348,hostage,heathrow,c-130 specially modify to land in a stadium and rescue hostage in iran in 1980 ...,1
6349,hostage,,deosl86 xaviermarquis hostage be meaningless might as well just play cod search and destroy .,0
6350,hostage,,' well guess what young girl . you be not damsel in distress . you be not hostage to the word of your peer . ',0
6354,hostage,,no news of hostage in libya india terrorism africa ap ts nri news trs tdp bjp,1
6355,hostage,ok,texansdc kylekrenek zepp1978 frobeusns never think i could have that much fun save and shoot teddy bear hostage . laugh out loud,0
6356,hostage,,sinjar massacre yazidis blast lack of action over hostage,1
6358,hostage,"tampa , fl",c-130 specially modify to land in a stadium and rescue hostage in iran in 1980 submit ... aviationaddicts,1
6361,hostage,tonyjcentralizedhockey.com,holmgren we refer to those 35 day a ' the hostage situation . ' we be lou 's ' hostage . ',1
6362,hostage,"cleveland , oh",bark will tell the american people that the life of the hostage in iran depends on congress voting to give terrorist a nuke for hostage .,1
6363,hostage,"pune , maharashtra",minhazmerchant great job do by village hostage,1
6365,hostage,cuba,hot c-130 specially modify to land in a stadium and rescue hostage in iran in 1980 prebreak best,1
6366,hostage,china,hot c-130 specially modify to land in a stadium and rescue hostage in iran in 1980 prebreak best,0
6369,hostage,rocky mountain,sinjar massacre yazidis blast lack of action over hostage portland phoenix newyork miami atlanta casper iraq,1
6370,hostage,,new free porn clip ! taking of hostage dangerous for favor free rt adult sex tube,0
6371,hostage,germany,banditregina i also love the episode ' bang ' in season 3 when caroline bigsby ? take hostage in the supermarket .,0
6372,hostage,,no news of hostage in libya india terrorism africa ap ts nri news trs tdp bjp,1
6373,hostage,"brazos valley , texas",cruz iran deal leave 4 american hostage languish in iran - noirandeal tedcruz2016,1
6374,hostage,,nigerian military rescue 178 hostage from book harm - florida sentinel bulletin florid ... security terrorism,1
6375,hostage,,no news of hostage in libya india terrorism africa ap ts nri news trs tdp bjp,1
6376,hostage,,one year on from the sinjar massacre yazidis blast lack of action over hostage,1
6380,hostage,eastcarolina,hot c-130 specially modify to land in a stadium and rescue hostage in iran in 1980 prebreak best,1
6382,hostage,china,hot c-130 specially modify to land in a stadium and rescue hostage in iran in 1980 prebreak best,1
6383,hostage,the universe,cont'd- sinjar refer to a 40-pg document the group put together on the most of yazidi hostage in the day follow be massacre 2,1
6384,hostage,,nervana1 a per previous behavior jana would deal with the kidnap hostage not particularly pleasantly if div 30 fought jana .,1
6385,hurricane,,you mess up my feeling like a hurricane damage this broken home,0
6386,hurricane,blacklivesmatter,zaynmaiikist listen to hurricane,1
6387,hurricane,miami beach,everyone 's wonder who will win and I be over here wonder be those grape real ? bb17,0
6388,hurricane,"1 vacation destination , hawaii",hurricane guillermo live nova track loop wed.aug.5th,1
6389,hurricane,,eggalie hah i love hurricane because of you,0
6391,hurricane,"haiku , maui , hawaii",hurricane guillermo live nova track loop wed.aug.5th,1
6392,hurricane,,hurricanedolce happy birthday big brush,0
6393,hurricane,,guyreginald laugh out loud more than welcome ?,0
6394,hurricane,naff side poke out,hurricanedame ? i do not have them they out here,1
6395,hurricane,new york,bluedio turbine hurricane h bluetooth 4.1 wireless stereo headphone headset blk - full re,0
6396,hurricane,berlin - germany,lavapixcom do you see hurricane guillermo with meteoearth ?,1
6397,hurricane,vineyard,chubbysquirrel hurricanesurge this here be very true gt33333,1
6398,hurricane,,they should name hurricane with black people name . I would be terrify of hurricane shanaynay !,0
6399,hurricane,,them shoots be so hungry with body on they burner ?,0
6400,hurricane,potteratthedisc,hurricane 30stm que lembra,1
6402,hurricane,"anderson , sc",hurricane ? sick !,1
6403,hurricane,"the epicenter , and beyond",ad mile ' hurricane of fun the making of wet hot ',0
6404,hurricane,"book publish , usa",hurricane dancer the first caribbean pirate shipwreck margarita angle - henry holt and co. byr .,0
6405,hurricane,,cape coral city leader take part in mock hurricane training,1
6406,hurricane,? ? ? ? ? .,be careful during hurricane season ?,1
6407,hurricane,,my back be so sunburned,1
6410,hurricane,somewhere powerbraking a chevy,freegeezy17 you stay in houston ?,0
6412,hurricane,mexico city,nowplaying rock you like a hurricane - scorpion,0
6413,hurricane,,the hurricane mixxtail kinda taste like the watermelon four look . ? brittsand9,0
6414,hurricane,new york,bluedio turbine hurricane h bluetooth 4.1 wireless stereo headphone headset blk - full re,0
6415,hurricane,berlin - germany,vinustrip do you see hurricane guillermo with meteoearth ?,1
6416,hurricane,usa,grace here be damage level usa style ... taiwan china world hurricanetyphoon ratingscategories define again,1
6417,hurricane,,angelriveralib snowmen ' may have ' break law ? hurricane katrina may have cause some damage . without snowmen h,1
6418,hurricane,,hwrf absolutely lash taipei with hurricane force wind high storm surge and 20 ' of rain . not good news at all !,1
6420,hurricane,,pattonoswalt foxnews wait i think fecal hurricane be on scifi ? maybe that be turdnado . I have be forget up a shit storm lately .,1
6421,hurricane,the globe,hurricane guillermo live nova track loop wed.aug.5th,1
6422,hurricane,chicopee ma,entertain this thought for a moment diarrhea hurricane,0
6423,hurricane,,bluedio turbine hurricane h bluetooth 4.1 wireless stereo headphone headset blk - full re,0
6425,hurricane,,stream hype hurricane,0
6427,hurricane,,kick hurricane seriously simple website look for a seriously simple program to,1
6429,hurricane,,hurricanedolce no rob,1
6430,hurricane,new york city,mr. t stop wear gold chain in 2005 because he think it would be an insult to the people who lose everything after hurricane katrina,0
6434,hurricane,,ashley and i on go to hurricane harbor friday . ?,1
6436,injured,"srinagar , kashmir",militant attack police post in udhampur 2 spot injure suspected militant thursday attack a police post in ...,1
6438,injured,"dfw , texas",updatem.e . confirm 2 woman pull from burn house die last friday . 91 yr old edna jeffersonampdoris sherfield72 .,1
6440,injured,"piedmont triad , nc",unlicensed teen driver among 2 kill in nc crash,1
6441,injured,md,and you wonder why he be injure every year,0
6443,injured,florida,experienced urogyn try to help mesh injured woman talk the bad offender . meshnewsdesk,1
6445,injured,"paterson , new jersey",yelp bolster health care review with investigative journalism sick and injured patient at a local er be t ...,1
6446,injured,kolkata,terrorist attack police post 2 spot injure yug,1
6448,injured,,check this suryaray udhampur terror attack militant attack police post 2 spot injured suryaray india,1
6449,injured,,arian foster do keep his promise ... and that be to get injured every eat,0
6450,injured,tropical se florida,wakeupflorida ... floridians more likely to be killedinjured by a trophyhunt killer 's gun than by isi .,0
6451,injured,,rvacchianonydn the only surprise be that they be not all injure .,0
6452,injured,,chikislizeth08 you be not injure anymore ? ?,0
6453,injured,worldwide,top story - google 4 dead dozen injure in gaza blast near house level in summer war,1
6454,injured,ikorodu,photo 17 people kill and over 25 injured in deadly saudi mosque suicide attack,1
6455,injured,"lucknow , india",seem they declare war against government ...,1
6458,injured,london,udhampur terror attack militant attack police post 2 spot injure,1
6459,injured,"sacramento , ca",if i could i would have be by at work but get injured and we have security concern they must settle . this be torture .,0
6461,injured,,i can not believe blevins get injured fall off a curb . that be something that would happen to me never it expect for a pro player,1
6462,injured,doghouse,injured barcelona fullback alba out of super cup,0
6463,injured,,michaelgbaron how come scott rice do not get another shot . hold lefty to a 184. average . be he injure ?,0
6464,injured,mumbai,udhampur terror attack militant attack police post 2 spot injure suspected militant tonight attacked a p ...,1
6465,injured,someplace live my life,so paulista injure wilshere,0
6466,injured,usa,offer 8392 deluxe toilet safety supporthealthhomebathroomsupportelderlyinjureds,1
6467,injured,,washington post - 4 dead dozen injure in gaza blast near house level in summer war,1
6469,injured,nigeria,gun smuggler engage custom in shootout several person be allegedly injure on wednesday when men o ... rt,1
6470,injured,bronx ny,christiec733 please support this please cosponsor s. 928 and support aid for sick and injured 911 responder ! renew911health,1
6472,injured,world wide web,4 dead dozen injure in gaza blast near house level in summer war - washington post world,1
6473,injured,centurion,4 dead dozen injure in gaza blast near house level in summer war - via,1
6474,injured,,thehammers tonycottee1986 alsowhat if some of the 1st team player get injure ? then bilic would get slat for play theme can not win,1
6477,injured,,udhampur terror attack militant attack police post 2 spot injure suspected militant tonight attacked a p ...,1
6478,injured,,golf mcilroy fuel pga speculation after video injured world number one rory mcilroy fuel speculation ... news,0
6480,injured,india,breakingnews militant attack udhampur police post 2 spot injure,1
6481,injured,bronx ny,wearethenews please support this please cosponsor s. 928 and support aid for sick and injured 911 responder ! renew911health,1
6482,injured,avon,welles7 he be injure . he be a pro bowl back .,0
6484,injured,india,udhampur terror attack militant attack police post 2 spot injure suspected militant tonight attacked a p ...,1
6485,injury,?,injury may be forgive but not forget . aesop,0
6486,injury,"orlando , fl usa",official kinesiology tape of ironman long-lasting durability effectiveness on common injury,0
6490,injury,north london,tayiorrmade megatronafc possibly he be have injury on both ankle though . 2011 one bad but regardless both .,0
6491,injury,come here in 20 minute for an as kicking,in fact if you all could tag like small creeping or self inflicted injury of the skin a derma with bracket that would be nice,0
6492,injury,emirate,last time i check lot of injury over the course of time injury prone . calum36chambers be i wrong ?,0
6493,injury,"milton keynes , england",if you be slat gpaulista5 for jackwilshere 's injury then you be a disgrace to the afc fan base . injury happen you cunt !,0
6494,injury,scottsdale . az,next man up-ah screw this ! I be so tired of injury . what happen to camp cupcake ? more like camp cramp and break .,0
6495,injury,tennessee,my baby girl car wreak this afternoon thank god no serious injury and she be wear her seatbelt ! ...,1
6497,injury,,I be only experienced with injury below the waist,0
6499,injury,"saskatchewan , canada",jamienye you can not blame it all on coach management penalty defense or injury . curse be probably a good way to put it ! rider,0
6500,injury,,tonight we have attend a fire in romford with londonfire thankfully no injury,1
6501,injury,toronto,peel police say male cyclist struck near southdown road and royal windsor drive in mississauga . serious but non life-threatening injury .,1
6504,injury,north west london,likeavillasboas richchandler be ' injury prone ' be not actually just suffer injury often .,0
6505,injury,,nalathekoala a a health care professional that deal all gun violence sequelae i consider suicide injury accident and homicide,0
6506,injury,"dockland county , ny",west yack pineview road railroad cross off western highway . unit on scene of a csx train vs. truck no injury .,1
6510,injury,"atlantic highland , nj",accident with injury on nj36 sb at cr 516leonardville rd,1
6511,injury,"sutton , london uk",fkhanage look what shad forsyth have do in 1 year we will not have a many injury a before we will inevitably have injury like others,0
6512,injury,"alameda and pleasanton , ca",a new type of add ? head injury in child link to long-term attention problem,0
6513,injury,,imsushickoflove alekalicante right ? yep you be a witness to his injury hah It be a gauze !,0
6514,injury,"madison , wi st. louis mo",buffoonmike i know mo not do much would bite u he be influence by that shitty staff and injury be not acquisition,0
6515,injury,bay area,forsure back in the gym tomorrow . body be not even at 50. do not wan na risk injury .,0
6516,injury,california or colorado,why be gop block chance for disabledveterans with groin injury to have child ? thepartyofmeanness,0
6518,injury,"mesa , az",here we fuck go with the injury again who be next ?,0
6519,injury,carterville,carterville high school coach prepare for game-day injury,1
6520,injury,corpus - la vega - houston,the injury be start ! please dallascowboys stay healthy ! ?,0
6523,injury,spring tx,health fact 75 of muscle mass be make up of fluid . drink water to prevent strain sprain and other injury .,0
6525,injury,toronto,all injury pre fosterfloyd . those will be cover next week .,0
6527,injury,"georgia , u.s.a .",msnbc what a fucking idiot . he have a gun amp a hatchet yet there be still no serious injury . glad police terminate him .,1
6528,injury,"moncton , new brunswick",trauma injury involve kid and sport usually cycle relate director trauma n n,1
6529,injury,,judson1360 xtra1360 online and pass rush . rest of roster be stout bar injury,0
6530,injury,,diego costa need to stop get injury urg,0
6532,injury,"riverview , fl",4 common run injury and how to avoid them,0
6534,injury,california,enjoy a little golf this summer ? take care to avoid injury - back and shoulder injury can happen quickly,1
6535,injury,,nflexpertpicks michael floyd 's hand injury should not devalue his fantasy stock michael floyd 's damage digit win ...,0
6536,injury,beijing .china,rory mcilroy to test ankle injury in weekend practice chinadotcom sport,0
6537,injury,,clearedincident with injuryi-495 inner loop exit 31 - md 97georgia ave silver spring,1
6540,injury,,joboozoso sat usatodaynfl michael floyd 's hand injury should not devalue his fantasy stock,0
6541,injury,somewhere in china .,jack wilshere have poor injury recordand his off field behavior do not help.arsenal,1
6542,injury,"houston , tx",nepdloyko texan hope you be wrong . radio in houston have him a starter after foster injury,0
6543,injury,"sacramento , ca",traffic collision - no injury i5 s at i5 s 43rd ave offramp south sac,1
6545,injury,peru,sergiopiaggio ' id work so hard to get to that level that i want go to let the injury define me . i be go to define it . cool,0
6546,injury,,enter the world of extreme dive 9 story up and into the volga river,0
6547,injury,"los angels , california",california lawnegligence and firework explosion incident,1
6548,injury,,clearedincident with injuryi-495 inner loop exit 31 - md 97georgia ave silver spring,1
6549,injury,"cambridge , massachusetts",greg garza not in the 18 for atlas tonight v leone negro in cops mx play . he leave the previous game with an injury . usmnt,0
6550,injury,,poster ergo rotator cuff injury recovery kit super high convert rotator cuff inj,0
6551,injury,lahore,live cricket score in all match international domestic team tour team squad profile amp injury lama ba lama update follow iccrealckt,0
6552,injury,saint paul,my prediction for the viking game this sunday ... don't expect a whole lot . infant i think simmer goal be ... injury free 1st game,1
6553,injury,,dal news wednesday 's injury report rb lance dunbar injures ankle be list a day-to-day,0
6554,injury,,dante exam 's knee injury could stem jazz 's hoped-for surge back to ...,1
6555,injury,,adamrubinespn familiar arm injury or head case ?,1
6556,injury,los angels,dr jack stern interview end back pain for military injury . listen now,0
6559,injury,"shah alarm , malaysia",have a nightmare and be about to jump out of bed when i remember my injury ala it be too late and i scream in my bedroom,0
6560,injury,"dubai , uae",tennis defend champ svetlana kuznetsova withdraws from city open cite injury to her low left leg espy,0
6561,injury,"t 35.223347 , -80.827834",pft barkevious bingo miss brown practice with a mystery injury,0
6565,injury,,patriciatraina any update on the mcclain injury from today 's practice ? nyg,0
6566,injury,,clearedincident with injuryi-495 inner loop exit 31 - md 97georgia ave silver spring,0
6567,injury,,follownflnews michael floyd 's hand injury should not devalue his fantasy stock nfl news playoff,0
6568,injury,"plano , texas",' mcfadden reportedly to test hamstring thursday ' via teamstream,0
6569,injury,mnl,new level of tita-dom bowling injury .,0
6570,injury,,shorten just be link to arsenal cause injury .,1
6571,injury,,incident with injuryi-495 inner loop exit 31 - md 97georgia ave silver spring,1
6572,injury,"dallas , tx",cowboy wednesday 's injury report rb lance dunbar injures ankle be list a day-to-day,0
6573,injury,louisiana,jjdirty mlstransfers greggmair oh gio be my backup . but with skc next and bwp get a crack at nycfc injury i go bwp . laugh out loud wrong,0
6575,injury,"nairobi , kenya",enter the world of extreme dive 9 story up and into the volga river,0
6576,injury,california,quirk injury law 's news be out ! story via dantmatrafajlo,0
6577,injury,"dallas , tx",cowboy george injury woe take claiborne from first round to try to stick around can he do it ?,0
6579,injury,,enter the world of extreme dive 9 story up and into the volga river,0
6580,injury,russia,our big baby climb up on this thing on wheels-io hawk ! his knee injury ! where be my belt ? mr srk cook ur beautiful as for punishment !,0
6582,injury,,incident with injuryi-495 inner loop exit 31 - md 97georgia ave silver spring,1
6583,injury,baltimore,ngata on injury list at start of practice for lion,0
6585,inundate,ireland,a lois girl advertise for a new friend to replace her loved-up bff and have be inundate,0
6586,inundate,"england wale border , uk",lennlen probably . we be inundate with them most year !,0
6588,inundate,"zeerust , south africa",most of u dent get this english retweet reigncoco the world be inundate with ostentatious people stay woke !,0
6591,inundate,seattle,1st wk of rainy diet and my street seward park ave be inundate with bypass traffic so seattledot what be your plan ? seattletimes,0
6593,inundate,"boston , massachusetts",body shop inundate with car dent by hail ... good news insurance pay ... bad news you be stick with deductible ! wcvb,1
6594,inundate,bristol,hi fionagilbert sorry for the delay . slightly inundate with application at the mo but we have yours and will get back to you asap !,0
6596,inundate,ireland,a lois girl advertise for a new friend to replace her loved-up bff and have be inundate,0
6597,inundate,the main,i presume my timeline will be inundate with ' soggy bottom ' amp lashing of ' moist ' tweet now ! -d,0
6598,inundate,the windy plain of denver,vzwsupport do text use data ? she be inundate by a group text yesterday .,0
6601,inundate,"sunburn , ohio",assassinkpg brother you do not want my friendship-you want to add your commercial on my post . frankly I be inundate with this crap daily .,0
6602,inundate,"sunnyvale , ca",bentossell producthunt thanks ! i know you all get inundate . have a good one !,0
6603,inundate,land of lincoln,yahoocare perhaps you should change you name to yahoo do not care . be you so inundated with complaint that you can not respond to me ?,0
6604,inundate,,let people surf ! hi be no waimea bay . It be not like the beach be or ever will be inundate with surfer,0
6605,inundate,kenya,facebook page of bushman safari 's zimbabwe the company that palmer use 2 kill cecil be inundate with negative comments,0
6607,inundate,australia,kid be inundate with image and information online and in medium and have no way to deconstruct . - kerri sackville tms7,0
6608,inundate,,mistresspip I be amaze you have not be inundate mistress .,0
6610,inundate,nycnj,allyinwondrland that sound like the perfect bread ! I will hit up trader does this wind ? . not really laugh out loud already be inundate with,0
6611,inundate,swindon,listen to my grandad talk about his holiday be great but i do not want to be inundate with train photo ?,0
6613,inundate,croydon,sophieingle01 angharadjames16 you will be inundate with gift of banana malt loaf now ? worm,0
6614,inundate,asia,a a result of heavy rain in bangladeshaffected land be inundate by flood waters-land look like river at high tide bangladeshflood,1
6616,inundate,coventry,tonymcguinness probably be inundate with this question now but who be come to creamfields ? please say all 3 mainstage,0
6617,inundate,,bcfcticketlady mraamirjavaid can see you and inundated atm so just want to say well do . you be do a grand job kro,0
6619,inundate,"toronto , on , canada",inundate with westerns between storm of sword a a book on tape amp finish s5 of game of throne i do not know my starts from my greyjoys .,0
6621,inundate,singapore,myanmar 's president urge people to leave a low-lying southern delta region on thursday with rain water that have inundate much of the count,1
6622,inundate,"manchester , england",teahivetweets you would get inundated !,0
6624,inundate,"san jose , ca , usa",this be set to become a huge one month wonder . and then pornhub will be inundate ...,1
6625,inundate,"uk , republic of ireland and australia",inundate with employee holiday request paperwork ? our cloud base hour software hronlinetweets will help simplify your staff logistics .,0
6626,inundate,milton keynes,brace yourself samaritan by sunday evening you will inundate with thousand of call from depressed arsenal fan,0
6627,inundate,pontefract uk,ledofficial1 a you can imagine we be inundate with request each week for sample amp as much a we would love to be able to send sweet 12,1
6628,inundate,the dirty d,micountryhick pfft ! i wish i have a bot like that . instead I be daily inundate with 140 character of the same unhinged machismo bullshit .,0
6629,inundate,united state,teach data overload the grow demand for context and structure in a world inundate with information ... news,0
6630,inundate,,wither to death . be an album find when he undermine his backyard because his cat inundate the floor muster cat food .,0
6631,inundate,"paducah , ky",bilsko and suddenly I be inundate with research . humofthecity,1
6632,inundate,maryland,already expect to be inundate with article about trad author ' pay plummeting by early next year but if this be true it will be far bad,0
6634,inundate,,legna989 you be correct it be come from both side . maybe I be just friend on facebook w more rep so my feed be inundate w false claim ...,0
6635,inundation,asia european continent korea,megalopolis area pet party shiver fear instant ... global inundation overflow be commencement write ? ?,0
6636,inundation,,zachlowenba there be a few reason for that but one of them be the constant drake inundation . extremely annoy . if drake land u a,0
6637,inundation,,oh no . the boots amp heart social medium inundation be start . please no,0
6638,inundation,"athens , greece",potential storm surge flood map by national hurricane center,1
6642,inundation,,punjab government flood relief platform mealtime information on inundation damage rescue effort amp travel alert,1
6643,inundation,proudly canadian !,well unfortunately for my follower stage pic come in today . advanced apology for the inundation,0
6644,inundation,cascadia,kathrynschulz plus you be well out of the inundation zone amirite ?,0
6646,inundation,"county durham , united kingdom",sorry but that mousse inundation be fucking hilarious,0
6647,inundation,,beyond all bound till inundation rise,0
6648,inundation,,sprinkler frequently ask question about lawn inundation system answer ebb,0
6649,landslide,"melbourne , australia",kemalatlay caught in a landslide,1
6653,landslide,,.sink hole earth slide and avalanchesgtgt allah islam sinkhole landslide avalanche usa france uk uses ems,1
6654,landslide,,martinmj22 yougov when do a 12 seat majority with 36 of the vote become a landslide ?,1
6655,landslide,,hooded you fuck good berlatsky . if i do not win this fucking thing in a landslide I be hold you personally fuck responsible .,0
6656,landslide,"roanoke , va",landslide live by fleetwood mac nowplaying q99,0
6658,landslide,"dundee , uk",army veteran fear loose rock from dundee landslide could kill him at any moment he have face a hail of bullet,1
6660,landslide,texas,landslide ! trump 25.5 bush 12.5 via pollster realdonaldtrump,0
6661,landslide,new york city,inbound out of bound while many pick the eats to win the nl east in a landslide they currently sit 2 ...,1
6662,landslide,"austin , texas",toddstarnes enjoy the impending landslide todd . here .,0
6663,landslide,london,1130bst traffic a10gtparis a40 geneva a7 mon a1 hamburg a2gthanover a5 karlsruhe gotthard nb,1
6664,landslide,detroit tiger dugout,my lifelong all-time favorite song be ' landslide ' . this song have get me through a lot of though time amp ...,0
6665,landslide,usa,speaking of memorable debate 60-second know-it-all ronald reagan 's landslide romp on election day in 1980 m ...,0
6667,landslide,st.louis county missouri,awadgolf gop a capitalist would win big landslide in history people who have not vote in year even old school demo would elect him .,0
6668,landslide,europe,late landslide kill three near venice after heavy rain,1
6669,landslide,scotland,freebesieged .martinmj22 yougov which ' tory landslide ' ... you can not possibly mean the wafer-thin majority of g,1
6670,landslide,detroitwindsor,now play landslide by smash pumpkin 89x,0
6672,landslide,,get it win by a landslide those the perfect word cause i get it out the mud ...,0
6675,landslide,dundee,dundee news army veteran fear loose rock from dundee landslide could kill him at any moment,1
6676,landslide,indiana,so cool garbanzobean23 in the news ! cut ingot worker but i might be a little bias ?,0
6678,landslide,edinburgh,crowtherjohn effiedeans you just keep ur head in the sand john . the best place for it . lbr after 97 landslide . couldn't imagine sit now,0
6679,landslide,,method in contemplation of incident an lead bridal landslide wiwnpfxa,1
6681,landslide,,be stick on a sleeper train for 24 hour after derailing due to a landslide be most definitely the pit of the trip,1
6682,landslide,,' since1970the 2 big depreciation in cadusd in yr b4federal election coincide landslide win for opposition ',0
6683,landslide,uk,flashflood cause landslide in gilgit pakistan damage to 20 home farmland road and bridge 365disasters,1
6686,landslide,egypt,italy three dead after landslide in the italian alp via youtube,1
6687,landslide,the circle of life,so when you be catch in a landslide I will be there for you and in the rain give you sunshine I will be there for you,0
6688,landslide,,landslide while on a trip in skardu,0
6689,landslide,,listen to landslide by oh wonder soundcloud,0
6690,landslide,,ronwyden democrat restrict black from vote . in 48 ' landslide lyndon johnson win senate election by 67 vote of dead people in texas !,0
6693,landslide,,this govt of hubris have small maj yet act a if it have a landslide . opposition req 'd with vision rigor amp hunger to serve this democracy .,0
6694,landslide,"i get 113 mensa reply , oh my god",nominates self but ohhsehuns win by a landslide,0
6695,landslide,,landslide kill three near venice after heavyrain,1
6697,landslide,,morningjoe reince presssec joe ur so smart you should run 4 president ur perfect ! the american people love asshole u 'd win by a landslide,0
6699,lava,"pocatello , idaho",perfect night for a soak ! lava here i come ?,0
6700,lava,"los angels , ca",seriously these two track one new one old be amaze . fond memory with tear .,0
6701,lava,"nashville , tn",imagine a room with wall that be lava lamp .,1
6702,lava,probably watch survivor,the sunset look like an erupt volcano ... my initial thought be the pixar short lava,1
6703,lava,,my hand be cold but my foot be warm . that be where i keep my lava,0
6706,lava,"medan , indonesia",youngheroesid lava blast amp power red pantherattack jamilazzaini alifaditha,0
6707,lava,"santa maria , ca",neighbor kid stop to watch me play disney 's i lava you song on my uke . leave a i get into journey 's do not stop believing kidsthesedays,0
6708,lava,,eleskaylee jannellix0 so she put on a different face for you ? her heart broke after buy me lava cake shake my head,0
6709,lava,,i may have get a little too exit over my home make lava lamp . through source,0
6711,lava,,lava dragon breeder ! i just breed a lava dragon in dragonvale ! visit my park to check it out !,0
6712,lava,? 9 ?,wait for my chocolate lava cake to get here ?,0
6714,lava,,contemplate go to chilis just to get a molten lava cake ... ?,0
6716,lava,colombia,' i may have get a little too exit over my home make lava lamp . ',0
6719,lava,"oklahoma , usa",lava cake be my fav .,0
6721,lava,,i lava you ?,0
6722,lava,jakarta,youngheroesid lava blast amp power red dieanpink95 yunita99 pantherattack,0
6723,lava,,i like a youtube video from skippy6gaming minecraft ps4 - 3 x 2 lava door - how to - tutorial ps3 box,0
6724,lava,"newark , nj",son of savior lava video,0
6725,lava,usa,deal of the day brand new dserialpcilp lava computer pci bus dual serial 16550 board e,0
6726,lava,"chicago , il",bleacher ' entire set have be one big game of the stage be lava,0
6727,lava,la,i lava you ! ?,0
6729,lava,"clayton , nc",check out my lava lamp dude ?,1
6730,lava,,shark boy and lava girl for the third time today . i guess this be what have kid feeling like . ?,0
6731,lava,"banda lampung , indonesia",youngheroesid lava blast dan power red pantherattack cunayyh taufikcj,1
6734,lava,venezuela,i lava you .,0
6735,lava,"san jose , ca",a river of lava in the sky this evening ! it be indeed a beautiful sunset sky tonight . 8-4-15,0
6736,lava,indonesia,youngheroesid 4. lava blast power red pantherattack,0
6737,lava,"madison , wi",there be a baby in oliver 's swim class that cry the entire class . It be like his parent be waterboarding him or dip him in lava,0
6738,lava,buffalo madrid granada,let u play the floor be lava but instead of just the floor let u play with the whole world and never get out of bed,0
6742,lava,usa,check this deal sivan health and fitness basalt lava hot stone massage kit with 36 piece,0
6744,lava,hiutas,amumumux lava you. ? quit actin up,0
6745,lava,"di langit 7 bidadari ,",youngheroesid lava blast dan power red pantherattack mirmanda11 evaaasr,1
6746,lava,,i wish that the earth sea and sky up above would send me someone to lava ?,0
6748,lava,"vancouver , bc",i try make a chocolate and peanut butter lava cake use my shakeology protein shake mix and a,0
6749,lightning,,thunder and lightning possible in the pinpoint foothill forecast .,1
6751,lightning,"coventry , uk",dog lightning reshapes rock at the atomic level - a lightning strike can reshape a mineral 's crystal structure ...,0
6754,lightning,"seattle , wa",what you gon na do now puppies ? ! no more destroying my iphone lightning cable !,0
6756,lightning,georgia,the lightning out here be something serious !,1
6757,lightning,"norman , oklahoma",couple storm near guthrie ok. leave norman for an evening lightning op . okwx,1
6758,lightning,"rapid city , black hill , sd",nw say thunderstorm with deadly lightning will move across the black hill this evening . that assume there be a safe type . hmm ?,1
6759,lightning,usa,phone offer gtgt 034 8-pin lightning connector 2.1a car charger for apple 5 5 5c 6 6 ip,0
6760,lightning,"memphis , in the tennessee",randomtourist it rain . some guy tree hit by lightning and some jackholes drive onto flood street .,1
6762,lightning,"greensboro , north carolina",expect gusty wind heavy downpour and lightning move northeast toward va now .,1
6764,lightning,,science daily lightning reshapes rock at the atomic level - a lightning strike can reshape a mineral 's crystal s ...,1
6765,lightning,,icaseit - mfi certify lightning cable - 1m,0
6766,lightning,,do not blink ? will not see the lightning take the w ?,1
6767,lightning,"leesburg , fl",wolforth with a two-out single up the middle . fourth hit of the night for altamonte spring .,0
6769,lightning,"rotterdam , the netherlands",benjidevos thanks thanks 3,0
6772,lightning,"greensboro , north carolina",heavy rain gusty wind and vivid lightning move east through the triad now .,1
6773,lightning,"victoria , bc",lightning cause six new fire on vancouverisland,1
6774,lightning,winston-salem north carolina,expect gusty wind heavy downpour and lightning move northeast toward va now .,1
6775,lightning,,world war ii book lightning joe an autobiography by general j. lawson collins,0
6776,lightning,,dry thunderstorm with lightning possible in the pinpoint valley forecast .,1
6779,lightning,"leesburg , fl",.dantwitty52 shut the door on the boom in the bottom half . lightning come up in the top of the eighth .,0
6781,lightning,elchilicitanierraversal,nowplaying ' the lightning strike ' de snow patrol de a hundred million sun ?,0
6783,lightning,rp,lightningooc i be be subject to unwarranted sexual conversation .,0
6784,lightning,45 5'12.53n 14 7'24.93e,lightningwolf you really have activity directory ? p,0
6785,lightning,,yeah tonight i ride the lightning to my final resting place ?,0
6787,lightning,usa,cell phone shop 629 8-pin lightning connector 2.1a car charger for apple 5 5 5c 6 6 i,1
6788,lightning,,world war ii book lightning joe an autobiography by general j. lawson collins,1
6789,lightning,reedit,lightning strike in the distance via pics pic,1
6790,lightning,"asheboro , nc",some crazy lightning outside,0
6792,lightning,"holland mi via houston , cle",corey robinson have some solid rep at retweet although a i type this he get beat on lightning dip by t. walker,0
6793,lightning,reedit,lightning strike in the distance via pics pic,1
6794,lightning,"state college , pa",check out this amazing footage of lightning film while lift off from chicago ...,0
6795,lightning,soda,check this out ! lightning reshapes rock at the atomic level scichat science,1
6796,lightning,"waverley , ia",' when you walk away nothing more to say see the lightning in your eye see em run for their life ',0
6799,loud20bang,kenya,kabwandi break news ! unconfirmed ! i just hear a loud bang nearby . in what appear to be a blast of wind from my neighbor 's as .,0
6800,loud20bang,kenya,tkyonly1fmk break news ! unconfirmed ! i just hear a loud bang nearby . in what appear to be a blast of wind from my neighbor 's as .,0
6801,loud20bang,,actionmoviestaughtus thing actually can explode with a loud bang ... in space .,0
6802,loud20bang,,laylovetournay ryrotheunaware loud groan let u bang .,0
6804,loud20bang,kenya,ercjmnea break news ! unconfirmed ! i just hear a loud bang nearby . in what appear to be a blast of wind from my neighbor 's as .,0
6806,loud20bang,why should you know ?,chibi877 -head . it hit the wall behind him with a loud bang . ' language ! ' drake shout at him before get up . ' i 'm go out stay,1
6807,loud20bang,kenya,kotolily break news ! unconfirmed ! i just hear a loud bang nearby . in what appear to be a blast of wind from my neighbor 's as .,0
6808,loud20bang,kenya,tarmineta3 break news ! unconfirmed ! i just hear a loud bang nearby . in what appear to be a blast of wind from my neighbor 's as .,0
6809,loud20bang,kenya,shawie17shawie break news ! unconfirmed ! i just hear a loud bang nearby . in what appear to be a blast of wind from my neighbor 's as .,0
6810,loud20bang,,there be a loud bang outside early and i check to find my dad on the floor after the chair he be sit on broke,0
6811,loud20bang,,who the fuck play music extremely loud at 9am on a tuesday morning ? brut do they want me to come bang them ?,0
6813,loud20bang,kenya,tanta break news ! unconfirmed ! i just hear a loud bang nearby . in what appear to be a blast of wind from my neighbor 's as .,1
6814,loud20bang,"philadelphia , pa",nearly have a heart attack just now loud bang against window next to returns out it be two bird fly into the glass .,1
6815,loud20bang,photo blue mountain,auspol can you see the resemblance between abbott amp campbell both be loud and come in with a big bang ! out the same way let see !,0
6817,loud20bang,"bedford , england",the chick i work with chew chew gum so loud ? feel to bang her,0
6819,loud20bang,kenya,nikoniko12022 break news ! unconfirmed ! i just hear a loud bang nearby . in what appear to be a blast of wind from my neighbor 's as .,0
6820,loud20bang,aperture science test facility,what the fuck be that . there be a loud bang and a flash of light outside . I be pretty sure I be not dead but what the hell ?,0
6821,loud20bang,"wandsworth , london",strains strange loud impact bang noise under train to epsom about to arrive wimbledon,0
6823,loud20bang,kenya,jrowah break news ! unconfirmed ! i just hear a loud bang nearby . in what appear to be a blast of wind from my neighbor 's as .,1
6824,loud20bang,kenya,kmatakobot break news ! unconfirmed ! i just hear a loud bang nearby . in what appear to be a blast of wind from my neighbor 's as .,0
6828,loud20bang,im definitely taller than you .,i be peacefully sit in my room and i heard this loud bang of something fall,1
6830,loud20bang,kenya,kijimamatako break news ! unconfirmed ! i just hear a loud bang nearby . in what appear to be a blast of wind from my neighbor 's as .,0
6832,loud20bang,kenya,matako3 break news ! unconfirmed ! i just hear a loud bang nearby . in what appear to be a blast of wind from my neighbor 's as .,0
6833,loud20bang,london essex england uk,It be be about 230 in the morningampi go downstairs to watch some tellyampi accidentally make a loud bangampmy dadwho have a break legwalked-,0
6834,loud20bang,kenya,ykelquiban break news ! unconfirmed ! i just hear a loud bang nearby . in what appear to be a blast of wind from my neighbor 's as .,0
6835,loud20bang,detailed,toxicsavior -a loud bang . he freeze on the spot a slowly every head turn towards him . one of the thing he hat the most be to be -,0
6837,loud20bang,kenya,daviesmutia break news ! unconfirmed ! i just hear a loud bang nearby . in what appear to be a blast of wind from my neighbor 's as .,1
6839,loud20bang,,bangmeupguk he be - like he be sing so loud -,0
6841,loud20bang,fairground resident,move on to ' bang bang rock and roll ' by artbrut . It be be too long since I have play this one loud . art brut top of the pop .,0
6843,loud20bang,english midland,st steel coffee cafetiere explode this be with loud bang hot coffee amp ground shoot over table clean crockery phone tablet . how ?,1
6844,loud20bang,kenya,matakomilk break news ! unconfirmed ! i just hear a loud bang nearby . in what appear to be a blast of wind from my neighbor 's as .,0
6845,loud20bang,,need to work in an office i can bang all my fav future jam out loud,0
6847,loud20bang,kenya,colnharun break news ! unconfirmed ! i just hear a loud bang nearby . in what appear to be a blast of wind from my neighbor 's as .,0
6848,loud20bang,,i do not laugh out loud at many thing . but man i really laugh out loud the big bang theory .,0
6849,mass20murder,"victoria , australia , earth",samanthaturne19 it be ... nagasaki another act of mass murder sanction and forgiven cause the ally win ... not by me .,1
6850,mass20murder,antarctica,tanstaafl23 It be not an ' impulse ' and it do not end in mass murder . correlation do not imply causation .,1
6852,mass20murder,"magnolia , fire",coldmpress you up to commit mass murder tonight ?,1
6854,mass20murder,new sweden,the medium need to stop publicize mass murder . so many sick people do these thing for the eye of the world amp the medium be not help .,1
6855,mass20murder,"victoria , australia , earth",samanthaturne19 iit may logically have be the right call ... maybe ... but It be an act of mass murder and i can not sanction it .,1
6857,mass20murder,new york,we have different moral system . mine reject the mass murder of innocent yours explicitly endorse such behavior .,1
6858,mass20murder,cereal aisle 17i4,doctordryadma mass murder here we come,1
6860,mass20murder,los angels,retweet owenrbroadhurst retweet juanmthompson at this hour 70 yr ago one of the great act of mass murder in world his,1
6861,mass20murder,I be a citizen of the world,if abortion be murder then blowjob be cannibalism and masturbation be mass genocide .,1
6862,mass20murder,,noahanyname that be where the concentration camp and mass murder come in . every . fucking . time .,0
6863,mass20murder,"leicester , england",d1ff3r3nt1sg00d riceechrispies what if he commit a mass murder ?,1
6864,mass20murder,,tuicruises alidade cruise industry support mass murder of whale in faroe island ! ' everything the count,1
6867,mass20murder,"melbourne , australia",hiroshima - one of history 's bad example of mass murder hiroshima war atombomb japan,1
6870,mass20murder,,guardian have japan ever truly come to term with devastation and mass murder of million of chinese and others with traditional weapon ?,1
6872,mass20murder,,oh the usual . mass murder and world domination plan over coffee . how be your day go ?,1
6874,mass20murder,anonymous,royalcarribean do your passenger know about the mass murder that take place in the faroeislands every year ?,1
6875,mass20murder,,noahanyname the utopian impulse inevitably end in gulag and mass murder .,1
6876,mass20murder,"queensland , australia",urgent ! save the salt river wildhorses ! mass murder by the very people suppose to protect them ? -gt cnn cbc,1
6877,mass20murder,everywhere,this attempted mass murder bring to you by the obama administration,0
6878,mass20murder,,he make such a good point . white person coming mass murder label a criminal minority do the same thing ...,0
6879,mass20murder,anonymous,fredolsencruise please take the faroeislands off your itinerary until the mass murder of dolphin amp whale stop .,0
6880,mass20murder,realville,flgovscott we allow farrakhan to to challenge 10000 male to rise up amp commit mass murder a he just do in miami ?,1
6881,mass20murder,anonymous,royalcarribean do your passenger know about the mass murder that take place in the faroeislands every year ?,1
6882,mass20murder,new sweden,the medium need to stop publicize mass murder . so many sick people want the eye of the world and the medium ...,0
6883,mass20murder,by a piano probably .,yelllowheather control murder be fine . mass murder to a crowd of undeserving people be not . case close .,1
6884,mass20murder,"fire , lamia scale",reshrimplevy I be always up for mass murder,1
6885,mass20murder,,jakegint the mass murder get her hot and bother but at heart she be always a traditionalist .,1
6890,mass20murder,chattanooga tn,mnpdnashville montalbanony sadly suicide by cop . wed 2pm dollar movie do not a mass murder make .,1
6892,mass20murder,"nashville , tn",billyhodge aurora theater shoot trial gunman expect notoriety for mass murder and nothing else,1
6893,mass20murder,"birmingham , england",debatequestionswewanttohear why do saudi arabia and israel get away with mass murder ? wahhabism zionism,1
6896,mass20murder,"huntsville , al",okay not sure the word ' mass murder ' applies during this war but it be horrendous none the less .,1
6897,mass20murder,,another white guy try to mass murder people for no apparent reason just because let me guess he be mentally ill blah blah blah antioch,1
6898,mass20murder,auckland,hiroshima 70 year since the bad mass murder in human history . never forget .,1
6900,mass20murderer,"haysville , ks",carlachamorros hillary a mass murderer .,0
6903,mass20murderer,,each be a group to which belong baruch goldstein a mass murderer who in 1994 shot and kill 29 palestinian,1
6905,mass20murderer,seattle,trillac i think we have only have like one black mass murderer in the history of mass murder white people do that shit .,1
6907,mass20murderer,,mass murderer che guevara greet a woman in north korea,1
6908,mass20murderer,earth-616,creelyou must think I be a real moron flag man ! a brainless mass of muscle ! i do ... but i do not think you be a mass murderer !,0
6909,mass20murderer,usa,gunsense answer to gfz 's break law on the minuscule chance a mass murderer show up .,1
6910,mass20murderer,"california , usa",theatershooting defendantmass murderer choose not 2 testify in final phase 3 so he will not therefore b subject 2 cross-exam or jury question,1
6911,mass20murderer,disco,It be like god want me to become a mass murderer with how many dickhead i have to deal with on a daily basis .,0
6912,mass20murderer,,atljw cnnbrk fine line by the way mass murderer and terrorist . yes we do not know if there be polite . or social aspect yet however he go to a,0
6913,mass20murderer,,white people i know you worry tirelessly about black on black crime but what be you go to do about your mass murderer problem ?,1
6914,mass20murderer,,defendbutera i look like a mass murderer in it,0
6915,mass20murderer,"san diego , ca",.libertygeek83 something about kiss the as of mass murderer do not sit right with me . pots feel this be ok .,0
6916,mass20murderer,,you happen to conveniently ' forget ' about how you zionists revere and ' honor ' mass murderer baruch goldstein .,1
6917,mass20murderer,leave bikini bottom,see a how this person be a mass murderer and have like fbi central intelligence agency grade equipment to do evil shit .,0
6918,mass20murderer,"tennessee , usa",hey movietheatre mass murderer wannabe we do not play that shit in the 615 !,1
6919,mass20murderer,,julian knight - scvsupremecourt dismiss mass murderer 's attempt to increase prisoner pay . challenge quantum of 5 increase 2013 .,1
6920,mass20murderer,"haysville , ks",bettyfreedoms abninfvet hillary mass murderer .,1
6921,mass20murderer,"eww , I be not paul elam",reminder mass murderer and white supremacist wanders breivik be also unsurprisingly an antifeminist .,1
6925,mass20murderer,"huntsville , al",theeconomist step one get that mass murderer 's portrait off the yuan .,0
6926,mass20murderer,heel hampstead,if your friend really be your friend they would support you regardless of your decision . unless you become a mass-murderer or something,0
6928,mass20murderer,chester football club,victoriagittins what do you take me for I be not a mass murderer ! just the one ...,0
6929,mass20murderer,fresno,happy boy to mass murderer,1
6930,mass20murderer,earth,neanderrebel if you take the suit off him i would not be surprise to hear this be the face that belong to another democrat mass-murderer,1
6931,mass20murderer,"west hollywood , ca",have gun law ever dissuade a potential mass murderer ?,1
6932,mass20murderer,,another white mass murderer . thank god i live in california .,1
6933,mass20murderer,andy 4 leader x,telegraphworld let hope It be a upper class white mass murderer ... ' mmmm,0
6935,mass20murderer,,another white mass murderer . thank god I be from california . frautrapani,1
6936,mass20murderer,hell,not only be you a mass murderer but at a movie theatre where nigga drop bread to see a movie ? con man .,0
6937,mass20murderer,"haysville , ks",benignovito libertybell1000 hillarymass murderer .,0
6939,mass20murderer,"mama , iowa",nazi mass murderer become chairman at vaccine drug company in ...,1
6940,mass20murderer,,another white mass murderer . antioch,1
6943,mass20murderer,dundee,blairmcdougall and when will you be comment on ian taylor 's dealing with mass - murderer aryan ?,1
6945,massacre,,afk10 drjohanfranzen isi be orcas . but they do not have the ability to massacre civilian far from the frontline like the tyrant .,1
6946,massacre,,cameronwate parent of colorado theater shoot victim fear copycat massacre antioch,1
6948,massacre,minneapolis - st. paul,uk police link tunisian beach massacre with bard museum attack,1
6949,massacre,la vegas aka hell,baby elephant die just day after survive massacre of his family,1
6950,massacre,,abc3340 parent of colorado theater shoot victim fear copycat massacre antioch,1
6951,massacre,"ashburn , va",i just buy ticket to death bed dude bro party massacre iii with pattonoswalt live at alamode !,0
6953,massacre,"st. louis , mo",this friday ! palm beach county grindhouse series one night screening of texaschainsawmassacre morbidmovies,0
6954,massacre,vancouver canada,animallogic long smooth out once blue bird and moth be catch and let go . chalk up mouse massacre to a subtle disney dis .,0
6955,massacre,,3 year after the sikh temple massacre hate-violence prevention be key dviyer colorlines,1
6956,massacre,,massacre at sinjar have the world forget the yazidi ? ? yazidishingalgenocide ezidigenocide,1
6959,massacre,colorado,colorado movie massacre trial juror reach verdict on mitigate factor,1
6960,massacre,"kingston , jamaica",still uninvestigated after 50 year do the u.s. help incite the 1965 indonesia massacre ?,1
6961,massacre,,kabarmesir badr58 never die a big crime like rabia massacre a long the revolution be be observe . rememberrabaa,1
6962,massacre,,bad day,0
6963,massacre,,eileenmfl be you serious ?,0
6965,massacre,"nottingham , england",bessie be make me watch texas chainsaw massacre ?,1
6966,massacre,the world,petitionno medal for 1890 massacre justice for wounded knee killing of native american !,1
6967,massacre,own planet !,i see a massacre !,1
6970,massacre,,head to the massacre body arrive everyday what be those shell you hear pick the bone up along the way,1
6971,massacre,"vancouver , bc , canada",bloodbathtv favorite youtube channel go right now . love everything you guy do and thank you introduce me to dude bro party massacre,0
6972,massacre,,the fake of nanking massacre-4 eyewitness english obama clinton bush gop abc cbs bbc cnn wsj wpo,1
6973,massacre,ireland,remember this be a massacre of civilian . hiroshima,1
6974,massacre,ecuador,do not mess with my daddy i can be a massacre . becarefulharry,0
6975,massacre,"london , uk",tunisia beach massacre link to march terror attack on museum,1
6977,massacre,,cia hey you guy 's i stop a massacre so you send the cop to my house to make this town permanently hate me wtf ?,0
6978,massacre,stay tune,freddiedeboer thucydiplease then you have rise of coates charleston massacre walter scott and black twitter more broadly as well .,1
6979,massacre,cimerak - pangandaran,review dude bro party massacre iii by patrick bromleythe title sa,0
6980,massacre,,gigagil iof murder over 513 palestinian child 70 under 12 during gaza massacre where be zionist morality-zionism be a world evil !,1
6981,massacre,,mousse beach massacre link to tunis museum attack,1
6983,massacre,,soap and education be not as sudden a a massacre but they be more deadly in the long run . - mark twain,0
6984,massacre,cottonwood arizona,tell barackobama to rescind medal of ' honor ' give to u soldier at the massacre of wounded knee . sign now amp rt !,1
6985,massacre,,nataliealund parent of colorado theater shoot victim fear copycat massacre antioch,1
6988,massacre,,warn parent of colorado theater shoot victim fear copycat massacre antioch,1
6990,massacre,london,martynwaites It be a well-known fact that the st valentine 's day massacre could have be avoid with some ' oompah-period ' tom wait .,1
6992,massacre,india,the martyr who keep udhampur terrorist at bay avert a massacre it be two young sps,1
6994,massacre,norway,be this the creepy youth camp ever ? .,0
6996,mayhem,,beach read in august giveaway hop amp stuckinbooks be give away any book in mayhem series !,0
6998,mayhem,"wausau , wisconsin",cvinchwaow thank you ! drive by the mayhem . how scary ! -stacy,0
6999,mayhem,,slayer reflect on low mayhem festival attendance king diamond amp jeff hanneman 's passing,0
7001,mayhem,"orlando , fl",i guess ill never be able to go to mayhem ...,0
7002,mayhem,"raleigh , nc",i like a youtube video from itsjustinstuart gun range mayhem !,1
7005,mayhem,boston-london,raynbowaffair editor in chief diamondkesawn release issue 7 of rama . fashion model and mayhem,0
7006,mayhem,"boston , ma",alexbelloli i do it just seem like the page be out of order,0
7008,mayhem,globalworldwide,raynbowaffair editor in chief diamondkesawn release issue 7 of rama . fashion model and mayhem,0
7009,mayhem,,tonight It be go to be mayhem 4playthursdays . everybody free with text . 1716 i st nw 18,0
7010,mayhem,,mayhem be beautiful,0
7012,mayhem,"north dartmouth , massachusetts",mayhem114 be you read right to leave,0
7013,mayhem,"lynchburg , va",anyone else think that stephen sound like andy dick when he get excite ? the difference be ... i actually like stephen . masterchef,0
7015,mayhem,107-18 79th street,nosurrender result full metal mayhem world title match bully ray take out a career come to an end and more !,0
7018,mayhem,"boston , ma",alexbelloli well now i know laugh out loud,0
7019,mayhem,the waystone inn,tbt to that time my best friend and i panic at the disco .,0
7021,mayhem,,magic city mayhem kissimmee adventure ? aug. 5 2015,0
7023,mayhem,? make in the philippine ?,? retweet ? ? follow all who retweet ? ? followback ? ? gain with ? ? follow ? ganseyman rt4amention ty,0
7024,mayhem,bostonmontreal,raynbowaffair editor in chief diamondkesawn release issue 7 of rama . fashion model and mayhem,0
7025,mayhem,"manavadar , gujarat",they be the real hero ... rip brave heart ...,0
7026,mayhem,"pueblo , colorado",the campaign will ferrell and zach galifianakis commit comic mayhem in this hilarious political farce . 4,0
7027,mayhem,"pg county , md",tonight It be go to be mayhem 4playthursdays . everybody free with text . 1716 i st nw 18,0
7029,mayhem,,asbury park shoot report via asburyparkpress,1
7030,mayhem,somewhere between chicago milwaukee,ive see lot ask about this mt jmcwrites pitchwars i ask for magic realism but not fantasy . what be the riff ?,0
7031,mayhem,,slayer reflect on low mayhem festival attendance king diamond amp jeff hanneman 's passing,0
7032,mayhem,interplanetaryzone,the best . mind be clear content and observation for day .,0
7036,mayhem,worldwide-boston,raynbowaffair editor in chief diamondkesawn release issue 7 of rama . fashion model and mayhem,0
7037,mayhem,"london , uk",akcsl bit of both . go to venture out once I have choose suitable music for the mayhem ...,0
7039,mayhem,jersey shore,break authority respond to ocean fire,1
7043,mayhem,"detroit , michigan",i like a youtube video from itsjustinstuart gun range mayhem !,0
7044,mayhem,107-18 79th street,nosurrender result full metal mayhem world title match bully ray take out a career come to an end and more !,0
7046,meltdown,the universe,ltmeltdown of proportion commences i manage to calm myself long enough to turn the water to hot and wait for the steam to cloud my vision,0
7047,meltdown,lay on the bass,the straight bass dubloadz dropped when they open meltdown have everyone meelllttting,0
7048,meltdown,,deepak chopra 's epic twitter meltdown,0
7050,meltdown,"cleveland , oh",the ol ' meltdown victory for the gets .,1
7051,meltdown,,drdrewhln ' a simple meltdown ! ' area have you ever see an out of control kid ?,0
7052,meltdown,hustletown,tinybaby adultblackmale mattytalks meltdown wednesday,1
7053,meltdown,? miranda ? 521 mi,kinkyconnors im sorry for my meltdown last night laugh my as off but I be get my tooth fix friday ?,0
7054,meltdown,,one of these candidate be go to have a frank grime level meltdown with how voter love trump no matter what .,0
7056,meltdown,,i have a meltdown in demo 's instagram comment,0
7058,meltdown,,nashhmu have a meltdown he notice you,0
7059,meltdown,,whenever i have a meltdown and need someone beccacaitlyn99 be always like ' leave in 5 ' and i do not know how i get so lucky bless,0
7060,meltdown,,look like it may have be microsoft's anti virus try to update cause the meltdown,0
7061,meltdown,oldenburg london,dfr ep016 monthly meltdown - on dnbheaven 2015.08.06 drum and bass heavy nasty,0
7063,meltdown,partsunknown,the global economic meltdown be out ! story via seagull07 aleisstokes intelligencebar,1
7065,meltdown,proudly frozen canuck eh !,justintrudeau most respect in world best job recovery g7 and g20 best lead during 2008 world meltdown what exactly have you do ?,0
7068,meltdown,il,crowdtappers joinvroom oh my god i remember the meltdown the day i do her hair like elsa and not anna ... ohhhh the horror ! laugh out loud tangletalk,0
7069,meltdown,ksu 2017,dmoneydemi i have my meltdown yesterday . I be go to miss you so much . you be forsure my dtb for life . when i get back watchout ?,0
7070,meltdown,,why must i have a meltdown every few day ? ?,0
7071,meltdown,"colorado , usa",nprfreshair i really can not believe he be skip out before the republican meltdown ... i mean ' debate ' .,0
7073,meltdown,everywhere,commoditiesare crash like It be 2008 all over again via business,0
7074,meltdown,storybrooke the moor,a back to school commercial come on and my sister have a meltdown . ?,0
7075,meltdown,nola ? tx,? ice age the meltdown,0
7076,meltdown,,e-mini sp 500 earnings letdown equal market meltdown ! amazon,0
7077,meltdown,neil 's kitchen 32215,def louis be tired plus the meltdown of fan when he confirm he be a dad but some fan be reach make conclusion and stuff,0
7078,meltdown,the shore of lake kirby,ever since my facebook gets meltdown after the padre fiasco gets be 6-0. you be welcome,0
7080,meltdown,,currently uncontrollable meltdown number 2,0
7081,meltdown,"leeds , england",pam 's barry island wed meltdown ?,0
7086,meltdown,two up two down,lemairelee danharmon people near meltdown comic who have free time to wait in line on sunday night be not a representative sample . 140,0
7088,meltdown,,meltdown,0
7089,meltdown,canada,have you read this awesome book yet ? the two trillion dollar meltdown,0
7091,meltdown,the internet,byproduct of metal price meltdown be a high silver price,1
7092,meltdown,"washington , dc",president barack obama have on air meltdown over opposition to iran nuclear deal via examinercom,1
7093,meltdown,"flushing , queen",laugh out loud earthen in the midst of bullpen meltdown reach for double bubble . gets,0
7095,military,,3 titan warriorcord 100 foot - authentic military 550 paracord - mil-c-5040-h type iii 7 strand 516 ' di ...,0
7097,military,"quantic marine base , va .",furtrix then find cougar who look like her even good if they be in military uniform !,0
7098,military,,russian ushanka winter military fur hat xl61-62 with soviet badge link,0
7104,military,canada,senator ' alarm ' by report u.s. military family harass a u.s. senator say on wednesday he be alarm by,1
7105,military,,ymcglaun thank you for understand the gov . only tell u about 5 of whats really go on i have military house amp central intelligence agency connects !,0
7106,military,,univsfoundation for the people who die in human experiment by unit 731 of japanese military,1
7108,military,alaska,mike manner discuss a trust betray via youtube military veteran environment,0
7109,military,,hat russian soviet army kgb military cossack ushanka link,0
7111,military,,kiranahmedd u military and nate be fight taliban too,1
7112,military,"bozeman , montana",army name 10th mountain unit for iraq afghanistan deployment deed,0
7114,military,,ford other military very nice m151a1 mutt with match m416 trailer - full read by ebay,0
7115,military,heart mind,thank you senator timkaine for your leadership on irandeal our military deserves nothing less . thank you !,0
7116,military,usa,mike manner discuss a trust betray via youtube military veteran environment,0
7118,military,somewhere usa,i strongly support our military amp their family just not the cock sucker in dc they work for,0
7120,military,,stfxuniversity for the people who die in human experiment by unit 731 of japanese military,1
7121,military,,13 reason why we love woman in the military - lulgzimbestpicts,0
7122,military,,online infantryman experimental military training tutorial shower down upon assortative intelligence a regard ...,0
7124,military,,2for1lapdances for the people who die in human experiment by unit 731 of japanese military,1
7125,military,,how do you call yourself a base conservative when you think It be okay 2 duck military service amp contribute thousand 2 hillaryclinton 2012 ?,0
7126,military,"ewa beach , hi",we be hire ! read about our late job open here register nurse - call-in - military program - nursing,0
7128,military,texas,courageous and honest analysis of need to use atomic bomb in 1945. hiroshima70 japanese military refuse surrender .,1
7129,military,boston ma,13 reason why we love woman in the military - lulgzimbestpicts,0
7130,military,"memphis , tn",listen live author interview beth underwood of gravity on military mom talkradio,0
7131,military,"virginia , usa",teamhendrick teamhendrick ririnsider finger cross that there will be a driver from hendricks in military hospitality with neanea2724 !,0
7132,military,ny,13 reason why we love woman in the military - lulgzimbestpicts,0
7134,military,302,13 reason why we love woman in the military - lulgzimbestpicts,0
7135,military,,universityoflaw for the people who die in human experiment by unit 731 of japanese military,1
7136,military,,lot of 20 tom clancy military mystery novel - paperback tomclancy,0
7137,military,,cochisecollege for the people who die in human experiment by unit 731 of japanese military,1
7138,military,,i remember when i work at mcdonald's i use to be hour late because we use military time and i use to mess up when i have to be there,0
7140,military,"paterson , new jersey",pakistan supreme court oks military court to try civilian the supreme court ruling would empower the militia ...,0
7141,military,highlandsslands scotland,bad news for u china russia bolster military cooperation in asia sputnik international via sputnikint,0
7142,military,,study wide variety of therapy could help vet troop with ptsd via militarydotcom,0
7144,military,somewhere usa,the motherfucker in dc will leave our military unarm to be gun down by terrorist amp a lot worseits not their sorry ass,0
7146,mudslide,"crouch end , london",stu dorset 's mudslide rubber tyre cake may have save you gabo,0
7147,mudslide,"ealing , london",' it look like a mudslide ! ' and gabo be back with a better !,1
7148,mudslide,malibusantafewinning !,sterling-scott on the red carpet at a fundraiser for ' oso mudslide ',1
7149,mudslide,"london , great london , uk",stu put beetroot in his cake and even lose to a mudslide,0
7150,mudslide,"edinburgh , scotland",peterknox gemmasterful i think the mudslide cake lady will go and the hipster will unfortunately stay .,0
7154,mudslide,wale,hope domett 's ' mudslide ' cake win ? gabo,0
7155,mudslide,nottingham,' it look like a mudslide ' ' it 's like chew on rubber ' gabo ?,0
7157,mudslide,london,the 19 year old 's smug face when dorset bring out her mudslide black forest gateau priceless gabo,0
7158,mudslide,thing,marcholl nennicook aitchkaycee vixstuart benjbeckwith It be not pretty ? disaster gabo mudslide,1
7159,mudslide,co. tyrone northern ireland,look like a mudslide and taste like rubber oh how i love the bake off ! britishbakeoff paulhollywood,0
7160,mudslide,birmingham bristol,' it look like a mudslide ' poor thing ! ? greatbritishbakeoff,1
7161,mudslide,,god bless you and your mudslide cake dorset ?,0
7163,mudslide,,flood and mudslide warning for east fjord iceland review icelandreview via icelandreview,1
7164,mudslide,iupui ' 19,someone split a mudslide w me when i get off work,0
7165,mudslide,potter bar,love the opener and still feel guilty for gasp and giggle at the mudslide - dorset we live you gabo,0
7166,mudslide,"chiswick , london",2 great new recipe mudslide cake and so sorry stew ! gabo,0
7167,mudslide,london,sophiewisey i could not . mudslide,1
7168,mudslide,london,gabo the difference between paul and mary my dear paul ' it look like a mudslide ' mary ' i have a feeling It be go to taste great ',0
7169,mudslide,the burrow,dorette that the name of the mudslide cake maker,0
7171,mudslide,,retweet rabidmonkeys1 ah the unique mudslide cake ? gabo,0
7173,mudslide,plymouth,brobread look like mudslide ?,1
7174,mudslide,the pumpkin carriage of dream,lollyknickers It be a mudslide . It be like chew on a rubber tyre . and with those I be do . vaginaorcake gabo,1
7175,mudslide,,you have 100 fuck up when paul say your cake look like a ' mudslide ' and taste like ' rubber ',0
7176,mudslide,london,first impression glad hat man be leave in lieu of more interesting lady . hope mudslide lady triumph next week .,0
7178,mudslide,edinburgh,hazelannmac ooh now i feel guilty about wish batman out . i bet the mudslide be delicious !,0
7179,mudslide,"holly spring , nc",urufusanragu a mudslide ?,1
7180,mudslide,,british bake off be great pretty hilarious moment mudslide,0
7183,mudslide,"london , england",newhart2010 mudslide ... cuff say gabo,1
7184,mudslide,"memphis , tn",oso washington mudslide response interview part 1,1
7185,mudslide,,bakeofffriends the one with the mudslide,0
7186,mudslide,,he call it a mudslide aw,0
7187,mudslide,ireland,mariankeyes rubber mudslide ! still laugh !,0
7188,mudslide,notes,bakeofffriends gabo ' the one with the mudslide and the guy with the hat ',0
7191,mudslide,,when before anyone else soak you in mudslide at backroom ? thisiswhywecanthavenicethings,0
7192,mudslide,,her cake look like a mudslide hah,0
7193,mudslide,"south , england",first time get into gbbo2015 and physically gasp at the cake ' mudslide ' incident already way too emotionally invest ...,1
7194,mudslide,,nikistitz even the one that look like a mudslide ?,0
7195,natural20disaster,home,she be a natural disaster she be the last of the american girl ?,0
7196,natural20disaster,"orlandococoa beach , fl",' up to 40 of business affect by a natural or manmade disaster never reopen ',0
7197,natural20disaster,birmingham and the march,doylech they be refugee ' people who have be force to leave their country in order to escape war persecution or natural disaster ',1
7198,natural20disaster,los angels,on the sneak america have u spoil . a natural disaster will humble nigga .,1
7199,natural20disaster,mexico d.f .,ral send a message of condolence to vietnam follow natural disaster,1
7201,natural20disaster,canada,cali74142290 laugh out loud natural disasterhospital crisis something be need to get rid of some cast member ...,1
7202,natural20disaster,new york,rationing of food and water may also become necessary during an emergency such a a natural disaster or terror attack .,0
7203,natural20disaster,greenwich meridian,some people be really natural disaster too,1
7204,natural20disaster,,what natural disaster be you when you get angry ?,0
7205,natural20disaster,usa,come later this year ' the man that tattoo woman . ' a novel base on a real serial killer from arkansas amp a natural disaster . nola,1
7206,natural20disaster,,ral send a message of condolence to vietnam follow natural disaster on behalf of the cuban government an ...,1
7208,natural20disaster,"newcastle upon tyne , england",twoptwips make natural disaster report more interesting by add ' the ' to headline such a ' rescuer be sift through the wreckage ',0
7210,natural20disaster,,expert pepper financial collapse natural disaster fail grid ...,1
7211,natural20disaster,liadanilaura,rise up like a natural disaster we take the bat and then we take back the town ?,0
7213,natural20disaster,"oneonta , ny staten island , ny",it only get colder and colder and faster and faster and when i first realize it it be like a natural disaster,1
7214,natural20disaster,in my own personal hell,anyway 2 me ? mate just doesn't exist ? hes a mirage a pointless addition to our generation . a human natural disaster . im sorry but it true,0
7215,natural20disaster,"jonesboro , ar mo , iowa usa",natural disaster news story about natural disaster - page 1 newer,1
7218,natural20disaster,so luis,and you be love me like water slip through my finger such a natural disaster love,0
7221,natural20disaster,"aurora , il",i add a video to a youtube playlist natural disaster survival - hug by a guest ! on roblox,0
7223,natural20disaster,america of found father,this be the natural and unavoidable consequence of socialism everywhere it have be try . a,1
7224,natural20disaster,,suncorp net profit rise to 1.13 billion in bad year of natural disaster claim,1
7226,natural20disaster,on to the next adventure,of course the one day i have to dress professionally aka insensibly for class be the day i have try and outrun a natural disaster !,1
7227,natural20disaster,,book a flight to burma when country be endure political unrest and a natural disaster no wonder it be so cheap ay,1
7228,natural20disaster,,connorfranta askconnor if you be a natural disaster what would you be ?,0
7229,natural20disaster,"suburban detroit , michigan",we have overrun a natural disaster survival server !,1
7230,natural20disaster,america of found father,this be the natural and unavoidable consequence of socialism everywhere it have be try . e,0
7231,natural20disaster,,top insurer blast lack of australian govt action on disaster mitigation via smh,1
7232,natural20disaster,,hello natural hazardsdisaster recovery amp emergency management people can you recommend good hashtags to follow or send me link of good read ?,0
7234,natural20disaster,"pennsylvania , usa",booktubeathon a world in which people be not die from natural and supernatural disaster and war most likely .,0
7235,natural20disaster,guatemala,saving and sew in guatemala saving and sew in guatemala . when a natural disaster hit seamstress elvia ...,1
7236,natural20disaster,,patriot survival guide do you know how survive when the government collapse or other natural disaster happens ?,1
7241,natural20disaster,america of found father,this be the natural and unavoidable consequence of socialism everywhere it have be try . f,0
7242,natural20disaster,leitchfield kentucky,what natural disaster be you when you get angry ?,0
7244,natural20disaster,"littleton , co",be your team ready for a natural disaster a violent client or power outage ? contact ready vet to design ...,0
7247,nuclear20disaster,,beforeitsnews 3 former executive to be prosecute in fukushima nuclear disaster,1
7248,nuclear20disaster,austin tx,alarm rise in dead marine life since the fukushima nuclear disaster,1
7250,nuclear20disaster,,nuclear deal disaster . irandeal nonucleariran badirandeal jebbush barackobama,0
7251,nuclear20disaster,,if i tweet daily fukushima japan global nuclear disasteramp chernobyl people don't care there be no hope 4 humanity cgt,1
7252,nuclear20disaster,the netherlands,? fukushima ? tepco ? fukushima nuclear disaster increase thyroid cancer in u - integrative cancer answer,1
7253,nuclear20disaster,,though serious natural disaster increase in japanjapan nuclear safety standard be far inferior to u standard.anonymous nytimes,1
7254,nuclear20disaster,"new york , ny",physical sense help preserve memory of 2011 triple disaster 84 ajw jishine nuclear minamisoma,1
7255,nuclear20disaster,marcella . spain,another disaster wait to happen and your allow it ?,1
7256,nuclear20disaster,"hammersmith , london",dalailama then have the big nuclear disaster to ever have happen,1
7260,nuclear20disaster,,obama sign up to a deal that far from make the world a safe place via upi iran nuclear irannucleardeal,1
7261,nuclear20disaster,inexpressible island,3 former executive to be prosecute in fukushima nuclear disaster,1
7264,nuclear20disaster,"ashford , kent , united kingdom",emmerdale can we have a public vote for the next annual village disaster ? i want an isi strike or a nuclear accident amp end this forever,1
7265,nuclear20disaster,,3 former executive to be prosecute in fukushima nuclear disaster,1
7266,nuclear20disaster,,fukushima nuclear disaster increase thyroid cancer in u.s .,1
7267,nuclear20disaster,,the people who tweet and care about japan fukushima nuclear disaster be not the problem those who ignore be the problem .,1
7268,nuclear20disaster,"dhaka , bangladesh",we want to see no more hiroshima and nagasaki nuclear bomb disaster in this beautiful world.lets be peaceful amp save this human civilization .,1
7270,nuclear20disaster,,japan fukushima the most serious man make disaster in human history ... a marker of radiation brain damage,1
7272,nuclear20disaster,,refugee of nuclear disaster in western japan will be beyond 500 thousand at least . afp guardian wps nytimes,1
7274,nuclear20disaster,,3 former executive to be prosecute in fukushima nuclear disaster,1
7275,nuclear20disaster,"sacramento , california",drvox trump can say nice thing about nuclear power but ' drill baby drill ! ' agw denial policy disaster for nuclear power .,0
7277,nuclear20disaster,goingdownthetoilet illinois,close their eye to disaster ! state department unaware of report iran be sanitize nuclear site,1
7278,nuclear20disaster,san francisco bay area,3 former executive to be prosecute in fukushima nuclear disaster . the story via nytimes,1
7280,nuclear20disaster,,any disaster impairs mental health especially in vulnerable individual ...,1
7281,nuclear20disaster,,fukushima ' mutant vegetable ' image sweep across the region two year after nuclear disaster via mailonline,1
7283,nuclear20disaster,"washington , dc",bombing iran would result in a never-ending game of nuclear whack-a-mole . here be why,1
7285,nuclear20disaster,,fukushima the story of a nuclear disaster,1
7286,nuclear20disaster,,the president speak of kennedy 's diplomacy to avert nuclear disaster during the cold war to bolster his own pitch for congress ' approval,1
7287,nuclear20disaster,,573 death have be certify by the government a nuclear disaster-related death,1
7288,nuclear20disaster,u,3 former executive to be prosecute in fukushima nuclear disaster,1
7289,nuclear20disaster,under santa barbara sky,70 year ago today 1945 hiroshima be the first nuclear atomic bomb leave a major disaster in the wake .,1
7290,nuclear20disaster,,if you care about life on land sea amp in air then don't pretend amp ignore the nuclear disaster in japan fukushima this be a global problem,1
7291,nuclear20disaster,,nuclear policy of japan without responsibility about nuclear disaster will repeat same failure . anonymous guardian nytimes reuters,1
7292,nuclear20disaster,fukushima city fukushima.pref,over half of poll respondent worry nuclear disaster fade from public consciousness fukushima,0
7294,nuclear20disaster,,chernobyl disaster - wikipedia the free encyclopedia do not you just love the nuclear technology It be so glorious,1
7295,nuclear20reactor,,err509,0
7296,nuclear20reactor,,check out this awesome profile on ge 's swimming robot use in nuclear reactor ! innovation,0
7297,nuclear20reactor,,finnish nuclear plant to move ahead after finance secured-gt,0
7299,nuclear20reactor,"washington , d.c .",global nuclear reactor construction market grow 4.5 between 2013 and 2014,1
7300,nuclear20reactor,"norwalk , ct",have an ancient nuclear reactor be discover in africa ? your ...,0
7301,nuclear20reactor,"usa , north dakota",salem 2 nuclear reactor shut down over electrical circuit failure on pump the salem 2 nuclear reactor have bee ...,1
7302,nuclear20reactor,,quick fact no nuclear reactor have come into operation in the u for over 43 year .,0
7306,nuclear20reactor,,u navy sideline 3 new sub - defensenews.comus navy sideline 3 new subs ... navy,1
7307,nuclear20reactor,jason,germany have 39 gigawatts of installed solar capacity one watt be about equal to the capacity of a nuclear reactor .,0
7309,nuclear20reactor,"eaubonne , 95 , france",u navy sideline 3 new sub,0
7310,nuclear20reactor,pluto,' nuclear reactor be like a woman . you just have to read the manual and press the right button . ',0
7311,nuclear20reactor,,nuclear reactor railguns would be a great way to deliver t1000s .,0
7312,nuclear20reactor,,robertharding repjohnkatko crazy to use the netanyahu argument iran can flush a nuclear reactor down the toilet,1
7315,nuclear20reactor,anywhere i like,government under pressure to abandon plan to construct uks first nuclear reactor for more than 20 year,0
7316,nuclear20reactor,japan,nuclear-deal indo-japan pact lie at the heart of two u reactor-based project if japan be to go ahead an ...,1
7317,nuclear20reactor,"denver , co",nuclear solar power japanese fukushima reactor energy japan temperature no . fuel pool more,1
7318,nuclear20reactor,"new york , new york",japan 's restart of nuclear reactor fleet fast approach,1
7319,nuclear20reactor,"phoenix , arizona , usa",if I be also not mistake we be sit right next 2 a nuclear reactor . not smart when we have a cataclysmic event amp that reactor melt down .,1
7320,nuclear20reactor,,willieami justthebottle i would cry in to my nuclear reactor cool tank ! winechat,0
7323,nuclear20reactor,paris france,magnetic and electrostatic nuclear fusion reactor,0
7324,nuclear20reactor,"johannesburg , south africa",stunckle gordonr74 crazydoctorlady ... I be no expert but raw uranium and nuclear reactor fuel rod be 2 very different creature ...,1
7325,nuclear20reactor,,finnish minister fennovoima nuclear reactor will go ahead via rworldnews,0
7326,nuclear20reactor,,navy sideline 3 new sub,0
7328,nuclear20reactor,"den elder , rijkswerf",u navy sideline 3 new sub,0
7329,nuclear20reactor,se londonheart be by the sea,roll sandunes the gentle lapping of the sea the call of gull and a nuclear reactor sizewell,1
7330,nuclear20reactor,warsaw,finnish nuclear plant to move ahead after financing secure via business,0
7331,nuclear20reactor,aztec nm,u energy department offer 40mln for new nuclear reactor design sputnik international,0
7332,nuclear20reactor,"denver , co",a little filming inside a nuclear reactor at chernobyl sonyprousa lumixusa djiglobal profbriancox rtamerica,0
7334,nuclear20reactor,"washington , d.c .",salem 2 nuclear reactor shut down over electrical circuit failure on pump,1
7335,nuclear20reactor,world,finnish minister fennovoima nuclear reactor will go ahead worldnews news breakingnews,1
7337,nuclear20reactor,,salem 2 nuclear reactor shut down over electrical circuit failure on pump -,1
7338,nuclear20reactor,,finnish minister fennovoima nuclear reactor will go ahead,0
7340,nuclear20reactor,"fort calhoun , ne",aug. 5 the fort calhoun nuclear station be at 100 capacity today accord to the nrc,0
7342,nuclear20reactor,"bournemouth , dorset , uk",snowywolf5 thegreenparty besides would you rather shut down a whole nuclear reactor for maintenance or a wind turbine at a time ?,1
7343,nuclear20reactor,virginia,hamptonroadsfor.me u navy sideline 3 new sub -,0
7344,nuclear20reactor,"somecity , somerset , md",a 17 year boy scout create a mini nuclear reactor in his home,0
7345,obliterate,"dover , de",dicehateme puppyshogun this make sense . paper beat rock paper come from wood so wood should be able to support and obliterate rock .,0
7348,obliterate,"cavite , philippine",the people 's republic of china pro abandon the west philippine sea and all the ... via changepilipinas,0
7350,obliterate,korea,realdonaldtrump to obliterate notion amp pattern political style seemly lead voter belief sarcasm narcissism richhomeydon swag usa like,0
7352,obliterate,seattle,fun instagramers jeb bush say earlier this week that not only do he want to obliterate plan parenthood bu,0
7354,obliterate,m ! a none,soda leave lady sonia alone or i shall obliterate you kneelbot,0
7355,obliterate,united kingdom,klavierstuk do not so lvg be force into the market . may beat spur and small team with blind lcb . top 4 cl team will obliterate u .,0
7356,obliterate,purfleet,whereas jez will obliterate the national debt - and give lot of new benefit - by simply print money ! genius !,1
7357,obliterate,,lol plymouth let obliterate litter,0
7358,obliterate,the memesphere,accord to prophecy and also cnn a mac tablet will completely obliterate the need for other gadget . combine,0
7359,obliterate,21 pnw,josebasedgod I be obliterate you to the shadow realm .,0
7360,obliterate,miami via lima,gop debate tonight but no jon stewart next week to obliterate them ? jonvoyage,0
7361,obliterate,cymru raul,mccainenl think how spectacular it will look when the stonewall riot obliterate the white house .,1
7362,obliterate,eic,watch sarah pain obliterate plan parenthood for target minority woman ! bb4sp,1
7365,obliterate,newcastle,skynews how be this scum still alive obliterate this cancer,0
7366,obliterate,united kingdom,wwe 2k15 universe mode - part 149 - obliterate ! via youtube,0
7367,obliterate,,time to obliterate this sin !,0
7369,obliterate,uk,know them recognize them ... then obliterate them ! gym gymflow gymtime team assassin,0
7371,obliterate,jump city,dc i love you but please obliterate power girl,0
7372,obliterate,dudetown,gargron good sir i do not wish to but now i be force to . i must obliterate you,0
7373,obliterate,,holymileyray mooniighthunty focus on me be go to obliterate career tea,0
7374,obliterate,,do you ever just want to obliterate an entire specie off the face of the earth ? i vote for mosquito,0
7377,obliterate,onto,someone teach you that obedience will obliterate trial in your life be try to sell you a used car . jesus 's life blow that theory . ',1
7378,obliterate,,wonder if gold could gap up 50 on the job number tomorrow and just obliterate the short . a big player with guy could smash them,0
7380,obliterate,bhubneshwar,it should be our duty to obliterate superstition from our society swami agnivesh,0
7381,obliterate,toronto,meek mill beg nick mina to let him obliterate ... ovofest nowplaying,0
7383,obliterate,cedar rapid ia,world of warship make me mad sometimes but It be soooo satisfy when you cross the t on a battleship and just obliterate it,0
7386,obliterate,eic,watch sarah pain obliterate plan parenthood for target minority woman ! bb4sp,0
7390,obliterate,,' but time begin at last to obliterate the freshness of my alarm ... ',0
7391,obliterate,,macbreck i know what it means.it mean I will go on twitter and obliterate any chance of ever win another election for pres.bad at math .,0
7392,obliterate,texas,watch sarah pain obliterate plan parenthood for target minority woman ! bb4sp,0
7393,obliterate,london,' we be now prepared to obliterate more rapidly and completely every productive enterprise the japanese have above ground in any city . ',0
7395,obliterate,satan 's colon,horiikawa i play online last night and get my as obliterate,0
7397,obliterate,valparaiso,rizzio be on ? that ball be obliterate,0
7400,obliterate,new york,obliterate,0
7402,obliterate,,damnnnn gmcr get obliterated -26 that should pay huge to whomever play accordingly,0
7403,obliterate,,air sunday obliterate on it hairy head like a dried wire spiderweb,0
7405,obliterate,rob turn up with sheen,I be about to be obliterate,0
7407,obliterate,,breakingnewslh breemars watch cnn 's the seventy terrorism episode . iran have always hat the u.s. they want u obliterate .,1
7408,obliterate,freegucci,me- do not bother call or testing me because my phone be obliterate have 7k miss call and message,0
7410,obliterate,tennessee,wackos like michelebachman predict the world will soon be obliterate by a burning fire inferno but can not accept globalwarming ! hello !,0
7412,obliterate,"waterloo , on",this the same dude that obliterate meek mill . don't judge a book by it cover .,0
7413,obliterate,,drunk meal 101 what to cook when you be totally obliterated,0
7414,obliterate,the dark,sweet2young i come in ! have he fuck move his entire existence would have be obliterate .,0
7415,obliterate,reading ma,drunk meal 101 what to cook when you be totally obliterated,1
7416,obliterate,,we destroy the zimmerman fan club on twitter rzimmermanjr and we obliterate renewsit reduce her to a sock acc .,0
7418,obliterate,"wynn , ar",rockbottomradfm a a kid i remember hearing rule about 30 to 90 day wo a defense and you be strip . brock obliterate that,0
7419,obliterate,"dublin , ireland",so it look like my soundcloud profile shall be no more ! nothing leave to offer ! dj mix obliterate ? byebyesoundcloud,0
7421,obliterate,the wood,god the gets be so cocky right now and i love it . tribe obliterate that ball then strut the fuck out of the batter box ...,0
7424,obliterate,"palmyra , nj",i be obliterate last night ?,0
7425,obliterate,tennessee,wacko like michelebachman predict the world will soon be obliterate by a burning fire inferno but cant accept globalwarming ! hello !,1
7426,obliterate,"1313 w.patrick st , frederick",drunk meal 101 what to cook when you be totally obliterated,0
7428,obliterate,"banbury , ct",tribe just obliterate a baseball .,0
7430,obliterate,canada,silverhusky shtap ! before your town be obliterate and the earth be salt tt,0
7431,obliterate,"miami , fl",i can not wait to be beyond obliterate this weekend,0
7433,obliterate,mid west,obliterate my phone screen today with a drum stick . bless,0
7434,obliterate,,noway hcg diet ensures mole obliterate whensoever nevermore come above sizygwwf,0
7437,obliterate,upstairs .,theevilolives It be the close structure to the hypo center that be not completely obliterate .,1
7438,obliterate,"winnipeg , manitoba",drunk meal 101 what to cook when you be totally obliterated,0
7439,obliterate,leland,very glad that you get obliterate in x men first class . you fully deserve it after all kevinbacon soz,0
7442,obliterate,"birmingham , england",amp on the rare occasion i do go out I be complete obliterate the next day . throw up and pass out . my body be accustom to alcohol,0
7443,obliterate,do not buy the sn,just absolutely obliterate a moth my new purchase be bos,0
7444,obliterate,,i think I will get obliterated tonight,0
7446,obliteration,london uk,controlled medium say ' u good . putin bad . ww3 good peace bad ' . total b ! leave russia alone . do not dice with obliteration . demonization,1
7447,obliteration,overtop nv,this be interesting ! -why do god order obliteration of ancient canaanite ? via worldnetdaily,0
7451,obliteration,,laurenjauregui i would say I be dead but I be not that right there be obliteration,0
7452,obliteration,bear in baltimore living in pa,why do god order obliteration of ancient canaanite ? via worldnetdaily,0
7453,obliteration,"elizabeth , nj",oh . teamhennessy nj obliteration tprimo24 round 1 happy birthday djeddygnj colombian festival,0
7456,obliteration,canada,i need an arcade shooter fix but cte be empty amp only run obliteration . I would even buy a cod title if they be not all overprice on steam,0
7457,obliteration,"a feminist , modernist hag .",thatsabinegirl you get me si . this planet could do with a huge dose of obliteration .,1
7458,obliteration,"glasgow , scotland",be people not concern that after slab 's obliteration in scotland labor uk be rip itself apart over labourleadership contest ?,0
7459,obliteration,maryland,auntiedote rioslade lockewiggins akarb74 not if one side be set on obliteration of govt and the other on fix it . that be too far,0
7461,obliteration,"kissimmee , fl .",why do god order obliteration of ancient canaanite ?,0
7463,obliteration,,tiger why only squad obliteration ?,1
7465,obliteration,"new orleans , louisiana",why do god order obliteration of ancient canaanite ?,0
7467,obliteration,828704soufsidewhile look goofy in nj,back in 02 to 03 would never say that 50 would have end ja like obliteration,0
7470,obliteration,america !,eganator2000 there be not many obliteration server but i always like to play when there be d,0
7473,obliteration,,what a win by kerry . 7-16 ... obliteration,0
7474,obliteration,,ashberxo mindmischief the removal of all trace of something obliteration .,0
7475,obliteration,dc metro area,why do god order obliteration of ancient canaanite ?,0
7476,obliteration,indiana,why do god order obliteration of ancient canaanite ? via worldnetdailyhomosexuality be the downfall of a society .,0
7477,obliteration,,i add a video to a youtube playlist gta 5 funny moment - ' obliteration ! ' gta 5 online funny moment,0
7478,obliteration,india,there be no four truths-of pain of desire that be the origin of pain of the obliteration of that desire of the pain to that obliteration .,0
7479,obliteration,federal capital territory,alhaji putin be far from be a good person sha . at least i have front row seat to his complete obliteration of ibeto cement a competitor .,0
7480,obliteration,,dead space - obliteration imminent 22 via youtube,0
7481,obliteration,illinois,which be true to an extent . the obliteration of white privilege would reduce unfair favoritism .,0
7482,obliteration,,do renovation mean obliteration ? entrepreneur management leadership smallbiz startup business,0
7488,obliteration,turkmenistan,for maximum damage ! activate big band mode for old-timey obliteration !,0
7490,obliteration,,why do god order obliteration of ancient canaanite ? via worldnetdaily,0
7491,obliteration,india,he be justify why this quarrel would one day end in d obliteration of what remain a the state of pakistan .,0
7493,obliteration,23 country and counting !,fear be the mind killer . fear be the little-death that bring total obliteration . been gesserit litany against fear dune atgrannyshouse,0
7494,obliteration,ontario,path of obliteration back from the dead story by kylewappler thisishavehope,1
7496,oil20spill,"montgomery , al",sb57 new deepwater horizon oil spill distribution of fund from bp settlement road and bridge project in bal ...,1
7497,oil20spill,"new york , ny",california oil spill might be large than project,1
7498,oil20spill,,refugio oil spill may have be costly big than project a plain all american pipeline oil spill off ...,1
7501,oil20spill,united kingdom,la time refugio oil spill may have be costly big than project,1
7502,oil20spill,amarillo,' california spring oil spill estimate grows ' by the associated press via nyt,1
7503,oil20spill,california,refugio oil spill may have be costly big than project,1
7504,oil20spill,"los angels , ca",refugio oil spill may have be costly big than project,1
7505,oil20spill,"la vega , nevada",refugio oil spill may have be costly big than project,1
7507,oil20spill,,refugio oil spill may have be costly big than project,1
7510,oil20spill,california,refugio oil spill may have be costly big than project,1
7512,oil20spill,"sydney , nsw",sydney traffic hazard oil spill - bankstown stacey st at wattle st sydtraffic trafficnetwork,1
7513,oil20spill,"central coast , california",plain all american pipeline company may have spill 40 more crude oil than previously estimate ksbynews lilian,1
7514,oil20spill,,syd traffic hazard oil spill - bankstown stacey st at wattle st,1
7515,oil20spill,clean world,watch our video of wendell berry speak about the bp oil spill in the gulf of mexico . it the birthday ...,1
7517,oil20spill,new york city ex- islamophobe,national briefing west california spring oil spill estimate grow document release on wednesday disclose ...,1
7518,oil20spill,canada,dtn brazil refugio oil spill may have be costly big than project a plain all american pipeline oi ...,1
7519,oil20spill,,hannah ' hiroshima sound like it could be a place in china . be not that where the oil spill be ? ',1
7520,oil20spill,street of dallas,refugio oil spill may have be costly big than project,1
7521,oil20spill,,refugio oil spill may have be costly big than project la time,1
7522,oil20spill,"goa , india",california spring oil spill estimate grow document release on wednesday disclose that an oil sp ... osi2016,1
7523,oil20spill,,refugio oil spill may have be costly big than project losangelestimes latimer news,1
7525,oil20spill,"england , great britain .",national briefing west california spring oil spill estimate grow document release on wednesday d ... nyt,1
7526,oil20spill,"san luis obispo , ca",plain all american pipeline company may have spill 40 percent more crude oil than previously estimate ...,1
7527,oil20spill,"kamloops , bc",kindermorgan can'two n't tell cityofkamloops how they would respond to an oil spill . trust them ? see sec 4.2 kamloops,1
7528,oil20spill,"lyallpur , pakistan",news refugio oil spill may have be costly big than project,1
7529,oil20spill,,troyslaby22 slicker than an oil spill,0
7530,oil20spill,,plain calif. oil spill could be large than estimate .,1
7531,oil20spill,"los angels , ca",refugio oil spill may have be costly big than project,1
7532,oil20spill,street of dallas,refugio oil spill may have be costly big than project,1
7533,oil20spill,karachi pakistan,news refugio oil spill may have be costly big than project,1
7534,oil20spill,,refugio oil spill may have be costly big than project news,1
7535,oil20spill,,refugio oil spill may have be costly big than project,1
7536,oil20spill,"lyallpur , pakistan",news refugio oil spill may have be costly big than project,1
7537,oil20spill,financial news and view,refugio oil spill may have be costly big than project a plain all american pipeline oil spill off the s,1
7540,oil20spill,,refugio oil spill may have be costly big than project,1
7542,oil20spill,united kingdom,la time refugio oil spill may have be costly big than project,1
7543,oil20spill,"pensacola , fl",senator voice concern over bp oil spill settlement,1
7544,oil20spill,corpus christi,' california spring oil spill estimate grows ' by the associated press via nyt,1
7545,outbreak,chile,family to sue over legionnaires more than 40 family affect by the fatal outbreak of legionnaire ' disea ...,1
7547,outbreak,,family to sue over legionnaires more than 40 family affect by the fatal outbreak of legionnaire ' disease in edinburgh be to ...,1
7548,outbreak,,family to sue over legionnaires more than 40 family affect by the fatal outbreak of legionnaire ' disea ...,1
7550,outbreak,"espaa , spain",legionnaire ' disease what be be do to stop deadly outbreak,1
7551,outbreak,"new york city , ny",10th death confirm in legionnaire ' outbreak in south bronx total case reach triple digit,1
7552,outbreak,indonesia,more than 40 family affect by the fatal outbreak of legionnaire ' disease in edinburgh be to sue two come ...,1
7553,outbreak,,a mad catastrophe the outbreak of world war i and the collapse of the ...,1
7554,outbreak,lagos,family to sue over legionnaires more than 40 family affect by the fatal outbreak of legionnaire ' disea ...,1
7555,outbreak,njnyc,wow-the name legionnairesdisease come from an outbreak of pneumonia at the americanlegion convention in philly in 1976-29 died from it .,1
7556,outbreak,?,' legionnaire ' disease what be be do to stop deadly outbreak ' ?,1
7557,outbreak,?,family to sue over legionnaires more than 40 family affect by the fatal outbreak of legionnaire ' disea ...,1
7558,outbreak,,family to sue over legionnaires more than 40 family affect by the fatal outbreak of legionnaire ' disea ...,1
7559,outbreak,,family to sue over legionnaires more than 40 family affect by the fatal outbreak of legionnaire ' disease in edinburgh be to ...,1
7560,outbreak,bandung,family to sue over legionnaires more than 40 family affect by the fatal outbreak of legionnaire ' disea ...,1
7561,outbreak,united state,family to sue over legionnaires more than 40 family affect by the fatal outbreak of legionnaire ' disea ...,1
7563,outbreak,italy,family to sue over legionnaires more than 40 family affect by the fatal outbreak of legionnaire ' disea ...,1
7565,outbreak,,family to sue over legionnaires more than 40 family affect by the fatal outbreak of legit ... muhamadjabal,1
7566,outbreak,canada,dtn italy family to sue over legionnaires more than 40 family affect by the fatal outbreak of legionna ...,1
7568,outbreak,"stockholm , sweden",senatemajldr let u try to do our best to prevent another outbreak of violence by talk to each other both the people and the politics,1
7569,outbreak,"los angels , ca",family to sue over legionnaires more than 40 family affect by the fatal outbreak of legionnaire ' disea ...,1
7570,outbreak,,family to sue over legionnaires more than 40 family affect by the fatal outbreak of legionnaire ' disea ...,1
7571,outbreak,eagle river alaska,new york city outbreak what be legionnaire 's disease ?,1
7573,outbreak,"t 6.488400524109015,3.352798039832285",family to sue over legionnaires more than 40 family affect by the fatal outbreak of legionnaire ' disea ...,1
7576,outbreak,"nottingham , united kingdom",dratomic420 where do you get that pic from where it show that there be 2 trophy for outbreak ? or do they photoshop it ?,0
7577,outbreak,azure city in onto state,family to sue over legionnaires more than 40 family affect by the fatal outbreak of legionnaire ' disea ...,1
7578,outbreak,the netherlands,family to sue over legionnaires more than 40 family affect by the fatal outbreak of legionnaire ' disea ...,1
7579,outbreak,,family to sue over legionnaires more than 40 family affect by the fatal outbreak of legionnaire ' disea ...,1
7580,outbreak,anywhere,family to sue over legionnaires more than 40 family affect by the fatal outbreak of legionnaire ' disea ...,1
7581,outbreak,"fct , abuja",8th person dy in ny legionnaire ' disease outbreak seabee,1
7582,outbreak,"los angels , ca",legionnaire ' disease what be be do to stop deadly outbreak the worst-ever outbreak of legit ... losangeles,1
7583,outbreak,finland,family to sue over legionnaires more than 40 family affect by the fatal outbreak of legionnaire ' disea ...,1
7584,outbreak,so paul,family to sue over legionnaire ' disease outbreak in edinburgh - british broadcasting corporation news,1
7585,outbreak,"ile-ife , sun state , nigeria",news family to sue over legionnaires more than 40 family affect by the fatal outbreak of legionnaire ' ...,1
7587,outbreak,"fukuoka , japan",family to sue over legionnaires more than 40 family affect by the fatal outbreak o ... news check follow,1
7588,outbreak,kano,family to sue over legionnaires more than 40 family affect by the fatal outbreak of legionnaire ' disea ...,1
7589,outbreak,? ? 254 ? ? ?,family to sue over legionnaires more than 40 family affect by the fatal outbreak of legionnaire ' disea ...,1
7590,outbreak,,an outbreak of legionnaire ' disease in new york have kill at least 8 people now official think they have fo ...,1
7591,outbreak,dammam- ksa,family to sue over legionnaires more than 40 family affect by the fatal outbreak of legionnaire ' disea ...,1
7593,outbreak,"new york , ny",an outbreak of legionnaire ' disease in new york have kill at least 8 people bivideo,1
7594,outbreak,pro-american and anti-occupy,break 10th death confirm in legionnaire ' outbreak in south bronx total case reach triple digit,1
7595,pandemonium,,tube strike absolute pandemonium,0
7598,pandemonium,nigeria,pandemonium in aba a woman delivers baby without face photo ...,1
7600,pandemonium,"durham , nc",element of freedom the big party of the summer mirage saturday ! ticket at,0
7601,pandemonium,"the kingdom of fife , scotland",hashtagteaclub place out . it be ex par defender andy tod in full uniform . it be instant pandemonium . utter mayhem ensue !,0
7602,pandemonium,dallas fort-worth,pandemonium in aba a woman delivers baby without face photo -,1
7603,pandemonium,scotland,j3lyon I be go to put the ffvii one out at the weekend so i think pandemonium ! do not forget the exclamation mark would be midweek .,0
7604,pandemonium,"everett , wa",blizzheroes would love to see a diabolo map theme after place like westmarch or mt . arrest or pandemonium .,0
7605,pandemonium,"mumbai , india",minhazmerchant govt should pass the bill in the pandemonium . upa use to do it why cant nda ?,0
7607,pandemonium,,I will be at sfa very soon ... pandemonium,1
7608,pandemonium,,proud of you joegoodmanjr for watch the copalibertadores and the argentinean pandemonium ...,0
7609,pandemonium,,pandemonium in aba a woman delivers baby without face photo,0
7610,pandemonium,?,pandemonium.iso psp,0
7611,pandemonium,the p south philly,pandemonium use to be my fav cd ? i have to get it,1
7612,pandemonium,"wont island , lagos",pandemonium in aba a woman delivers baby without face photo,0
7613,pandemonium,houston tx,pandemonium in aba a woman delivers baby without face photo -,1
7614,pandemonium,,world class girl as 02 - scene 4 - pandemonium,0
7616,pandemonium,,hey all take a look at my review of ' pandemonium ' amp ' requiem ' by lauren oliver . enjoy !,0
7617,pandemonium,"durham , nc",element of freedom at mirage saturday ! 21 lady free before midnight ! ',0
7619,pandemonium,,world class girl as 02 - scene 4 - pandemonium,0
7621,pandemonium,"leeds , uk",khalidkkazi mate they have take another 2 since i post this tweet It be pandemonium,1
7622,pandemonium,,pandemonium in aba a woman delivers baby without face photo -,0
7623,pandemonium,lagos,gtgt gidiexclusixe shock in aba a woman delivers faceless baby photo there be pandemonium ... bennycapricon,0
7626,pandemonium,dallas fort-worth,pandemonium in aba a woman delivers baby without face photo -,0
7627,pandemonium,"toronto , canada",drbaseball41 granttamane8 drewwtaylor dtop77 on the christie hillside game 4 pandemonium at the pit .,0
7628,pandemonium,miami ? gainesville,if she do not know about that pandemonium album shestooyoung,0
7630,pandemonium,illinois . united state,pandemonium in aba a woman delivers baby without face photo ...,0
7631,pandemonium,,exquisite asian in sto ... cumshot sex porn video porno free,0
7633,pandemonium,los angels,pandemonium in aba a woman delivers baby without face photo -,0
7634,pandemonium,,my workplace be go to be pandemonium when the season start ?,0
7635,pandemonium,,pandemonium in aba a woman delivers baby without face photo,0
7638,pandemonium,,- pandemonium in aba a woman delivers baby without face,0
7639,pandemonium,"london , england",cyclist it be pandemonium on the road today . drive carefully !,0
7640,pandemonium,rhyton,pbohanna probably a dead boring 1st hour and a half after the pandemonium of the last test ... justaguess,0
7641,pandemonium,the refrigerator,photo deadgirltalking unfortunemelody jaylenejoybeligan tarynel dredougie santanico-pandemonium ...,0
7642,pandemonium,everywhere,pandemonium in aba a woman delivers baby without facephotos,1
7643,pandemonium,california,truly a scene of chaos unprecedented in frenzy . pandemonium even . utter disorder . that anyone survive such mania be astound . catovitch,1
7644,pandemonium,,-pandemonium ! playstation one ps1 retro classic original platform platinum raredealsuk,0
7645,panic,brasil,It be do not panic,0
7647,panic,"leeds , united kingdom",obligatory middle of the night panic attack,0
7648,panic,,brokenscnecal i just though about panic ! at the disco when i say that,0
7649,panic,,drake spoke rep for the raptors.beg to differ the other night when shot ring out at music be not a goodlook.running in panic no fun,0
7650,panic,,the cool kid ask me if i want to hang out after school so i have a panic attack and have to go to the hospital autismawareness,0
7651,panic,,love it when jesse suffer a panic attack .,0
7652,panic,"toronto , canada",timmicallef when do you think yankee hit the panic button ? troubleonmymind,0
7653,panic,everywhere,jetixrestored here be part 2 of team supremo pogo panic ! i want you make it good ! ok ! via youtube,0
7654,panic,"linton hall , va",be it time to panic now ?,0
7656,panic,the internet,plane panic what kind of douchebag . bubble gum,0
7657,panic,"charleston , il",' if plan a do not work do not panic bc there be 25 more letter . ' i like this but feel like i may be run out of letters thought ?,0
7659,panic,narnia,i add a video to a youtube playlist panic ! at the disco girlsgirlsboys official video,0
7661,panic,,i just drive with both my parent in the car laugh my as off that be a panic attack wait to happen,0
7662,panic,"charlotte , nc kln , nrw",elielcruz just watch the stream be bad - i do not think i could actually walk in there I would panic and get sick,1
7663,panic,,we be all just laughing and talk junk now everyone in panic mode,0
7668,panic,"topeka , ks",the good thing be that the royal will not face a newbie in the playoff . no real reason to panic .,0
7669,panic,"philadelphia , pa",despite the crippling anxiety and overwhelming panic attack I would say I be fairly well-adjusted .,0
7670,panic,"palm bay , fl kissimmee",panic over patient in alabama test negative for ebola,1
7671,panic,narnia,i add a video to a youtube playlist panic ! at the disco miss jackson foot solo official video,0
7672,panic,manhattan,every time i feel a new pain or strain in my body i panic because i need it for my career ?,0
7674,panic,elena 's bed info on link,panic ! at the disco be the best song by this be gospel acoustic,0
7675,panic,"elsewhere , nz",lose bus card . panic . kind bus driver . replace bus card . find bus card . headdesk .,0
7677,panic,518 ny,says contact fell out but she be convince it didn't amp go on to gauge her eyeball out amp now shes have a panic attack over caused damage,0
7678,panic,the shady hyenatown of finland,jamesjustus return her relax . you know i always return her so no need to panic . i just give her some of those corn flake . p,0
7679,panic,maryland,montetjwitter11 nolesfan05 nutsandboltssp i say concern but not panic . too many game leave . and some game leave against each other .,0
7680,panic,,panic awesome thanks .,0
7681,panic,worldwide,montetjwitter11 gets audreyp77 teena797 darrylbrooks elitesportsny lopezandthelion no panic from natsnation but concern for sure,0
7683,panic,east tn .,biggangvh1 look like george be have a panic attack . lol .,0
7685,panic,,dream magic the linden method lite version - 1 anxiety panic cure program the lind,0
7686,panic,milwaukee wi,someone ask me about a monkey fist about 2 foot long with a panic snap like the one picture to be use a a ...,0
7687,panic,toronto,tomorrow 's go to be a year since i go to the panic ! concert dress a afycso ryan do you guy remember that,1
7688,panic,"macon , ga",romantic dramatic but never panic original sense write rhyme in the attic,0
7689,panic,narnia,i add a video to a youtube playlist panic ! at the disco collar full audio,0
7691,panic,,just have a panic attack bc i do not have enough money for all the drug and alcohol i want to buy this year let alone my fall bill,0
7692,panic,,i have school today and I have already have a panic attack . thank you high school for suck !,0
7693,panic,,panic attack be the bad ?,0
7694,panic,sorry alvarez love forever ? ?,panic at the disco te amo,0
7695,panic,detroit,have to laughtraders panic over market down 1. some see these a positive capitulation . that be a joke . more to come may be ugly,0
7696,panic,"petaluma , ca",quotesttg save the panicking for when you get to helios .,0
7698,panic,,dirknomissski yea but if someone faint why be they panic ? ... that basic stuff ?,1
7699,panic,? ?,okay i can not find it so I be kinda panicking,0
7701,panic,,new post ' people be finally panic about cable tv ',0
7702,panic,?,i hear the mumbling i hear the cackling i get em scar shook panic,0
7703,panic,singapore,you make my mood go from shitty af to panic af isth,0
7707,panic,oxford bristol,okay now i be panic,0
7711,panic,parachute,idm if you burn the whole gotham city bcs I be just gon na laugh at everyone while there panicking .,0
7712,panic,near warrington,you certainly be ianbartlett ! great to see all you hs2 astroturfers panic at the thought of cross party support crumbling .,0
7714,panic,,new post ' people be finally panic about cable tv ',0
7715,panic,-,It be 1130 and I be already panic and cry bc I be so stressed nice,0
7717,panic,,people be finally panic about cable tv,0
7718,panic,pawnee,adumbbb oh that be not too bad then hah . i would have be panic tho .,0
7719,panic,,beauscoven nah man he be panic . he just find out his brother have it off with his now wife debbie be in hospital he be stress,0
7720,panic,"melbourne , victoria",panicking because maybe my bff leave me at china bar or maybe tinkering on the toilet for 20mins,0
7721,panic,uk,ushiocomics i may be panic a little i be not a fast submit the form a i usually be,0
7722,panic,,all that panic make me tired i want to sleep in my bed,1
7723,panic,manchester,yet brit be panic about the uk,0
7724,panic,georgia,? you should be scar . you should be scream and panicking. ? this redeemer romanticsuspense,0
7725,panic,uk,my dad be panic a my weight loss mean he need to hurry up with my new clothes fundwhen i reach my goal . ?,0
7727,panic,,already panic about school start again -,0
7728,panic,"derbyshire , united kingdom",people be finally panic about cable tv,0
7731,panic,,i feel like i should be panic more a i do not know i get my result back in a week ... I be alarmingly calm,0
7733,panic,vcu,just realize that maybe it not normal to sit up front with an user driver ? panic,0
7735,panic,"mclean , va",cpinto001 i see people be panic about orpik all over again .,0
7736,panic,,ay i be fully panic laugh out loud,0
7737,panic,,when he let you drive his truck and you start panic because you have to ' flip that bitch ' . ?,0
7738,panic,,jeannathomas not gon na lie ... I be panic a little bit . vichardy not there ... freeman not practice .,0
7739,panic,south florida,people be finally panic about cable tv,0
7742,panic,,you can stop panicking ? ogtomd,0
7743,panic,positive 852,my si can now sit on a cam without panic,0
7744,panic,"manchester , england",why be people panic about result day though hahahah like worrying be go to change your result,0
7746,police,san francisco,america say it have a war on terrorism . then police take my ar-15 when i be ready to start shoot the enemy !,1
7747,police,"kansas city , mo .",police gunman report dead at nashville area theater a suspect who carry a gun and a hatchet at the carpi ...,1
7748,police,"new york , ny",breaking411 4 police officer arrest for abuse child at police-run boot camp in san luis obispo calif. - ...,1
7749,police,,these fuck police can not touch me these fuck nigga be not fuck w me,0
7750,police,,world news qld police wrap billy gordon investigation queensland police have wrap up their investigation ...,1
7751,police,,' gunman who open fire at tennessee movie theater kill by police ' anyone suspect suicide-by-cop ?,1
7752,police,indonesia,police kill hatchet-wielding gunman who open fire inside nashville movie theater amiddle-aged manarmed wi ...,1
7753,police,,police union retard justice amp drain gov dollar but cops vote 4 r so rs go after teacher union instead ! dccc vj44 lawrence jbouie mmfa,0
7754,police,,maid charge with steal dh30000 from police officer sponsor,0
7755,police,"massachusetts , usa",a santa ana police union block video of the raid at sky high holistic pot dispensary - the atlantic smartness,1
7756,police,"anzio , italy",4 police officer arrest for abuse child at police-run boot camp in san luis obispo calif. - abc7,1
7758,police,,winnie jones go on the beat with northumbria police,0
7759,police,nigeria,now trend in nigeria police charge traditional ruler others with informant murder,1
7760,police,"u , pa",california police officer pull gun on man without any apparent provocation video via dailykos,1
7761,police,,police expand search for miss pregnant woman in beloeil police in richelieu-saint-laurent be expand th ...,0
7763,police,hl,good that the police be take care of this and also have extra security harrybecareful,0
7764,police,republic of texas,why be bayonet be distribute to local police department ? randpaul want to know evilempire jadehelm15,0
7765,police,"portland , or",unwanted person at 200 block of se 12th ave portland or portland police pp15000266818 1710 pdx911,0
7766,police,florida,episcopal priest on road trip with interracial family share harrow story of police harassment via dailykos,0
7767,police,,oops bounty hunter try to raid phoenix police chief 's home - a group of armed bounty ...,1
7768,police,usa,1 million bail for man accuse of shoot at fife police - aug 5 816 prime minister et,1
7769,police,uk,dt georgegalloway retweet galloway4mayor the col police can catch a pickpocket in liverpool street ...,1
7771,police,local,brandonmulcahy fine here be the story,0
7772,police,"bangalore , india",police kill gunman at nashville movie theatre - time of india time of india police kill,1
7773,police,indonesia,oops bounty hunter try to raid phoenix police chief 's home,0
7774,police,,robbiewilliams you fkn asswipe playing for israeli child killer ... the fkn karma police will get u .,1
7775,police,"milwaukee , wi",new technology design to help prevent dangerous police chase in an effort to reduce injury milwaukee police,0
7780,police,"mesa , az",arizonadot price rd north bind close from university to rio salado ... lot of police ... what be cracking ?,1
7781,police,"strafford , ct",selection september bridgeport men charge in home invasion police look for burglar . -,1
7783,police,,police walk up on me i be blowing smoke in dey face wan na lock me up cu i get dope shit be gay,0
7784,police,,police man kill ex grandmother after son wasnamp8217t name after him omg ! absolutely crazy !,1
7785,police,,-0 ! . photo lastma official challenge police for drive against traffic in lagos,1
7787,police,"mi , usa",helpme what do i do ? my friend have be ticket by police in wayne county michigan into never send poverty cycle . how do i help him ?,0
7788,police,toronto,3 option to fix your facebook cover violation and keep the facebook police away . socialmedia strategy,0
7789,police,houston,cnn tennessee movie theater shoot suspect kill by police,1
7790,police,indonesia,oops bounty hunter try to raid phoenix police chief 's home a group of armed bounty hunter surround the h ...,1
7793,police,los angels,.slosheriff 2 south gate police officer and 2 huntington park officer arrest after child abuse investigation at boot camp,0
7797,quarantine,missouri usa,reedit will now quarantine onlinecommunities reedit armageddon freespeech business,1
7799,quarantine,pa,reedit will now quarantine offensive content,0
7800,quarantine,south africa,reedit will now quarantine offensive content technology technews puledotechupdate,0
7801,quarantine,bucharest,reedit update content policy promise to quarantine extremely offensive community,1
7802,quarantine,,reedit update content policy promise to quarantine extremely offensive community,0
7803,quarantine,"mumbai , maharashtra",retweet skanndtyagi wire reedit will now quarantine offensive content,0
7804,quarantine,"joshua tree , ca",reedit will now quarantine offensive content,1
7807,quarantine,area 8,update still have not eat since 630 be still have to clean the dry lot and fill water in quarantine . may pass out,0
7809,quarantine,,check out ' reedit will now quarantine offensive content ',0
7810,quarantine,"bangalore , india",bangalore reedit update content policy promise to quarantine ' extremely offensive ' community startup in,0
7812,quarantine,,reedit update content policy promise to quarantine extremely offensive community,0
7813,quarantine,"t 40.707762 , -74.014213",aannnnd - ' reedit will now quarantine offensive content ',0
7815,quarantine,,reedit will now quarantine offensive content,0
7816,quarantine,,reedit will now quarantine offensivecontent,1
7817,quarantine,mumbai,hermancranston wire reedit will now quarantine offensive content,0
7818,quarantine,"kill hill , co",reedit will now quarantine offensive content reedit confounder and ceo steve huffman have unveil more specify ...,0
7821,quarantine,southern california,reedit will now quarantine offensive content reedit confounder and ceo steve huffman have unveil more specify ...,0
7822,quarantine,all over the world,wired business reedit will now quarantine offensive content,0
7823,quarantine,"san diego , calif .",retweet wire reedit will now quarantine offensive content,0
7824,quarantine,,reedit will now quarantine offensive content onlinecommunities reedit via wire,0
7826,quarantine,geneva . and beyond .,wire reedit will now quarantine offensive content - reedit confounder and ceo steve huffman have unveil more sp ...,0
7827,quarantine,,missambear your tweet be quote by wired,0
7828,quarantine,,yet another company try to censor the internet . reedit have start to quarantine their content cc,0
7830,quarantine,"nyc , new york",reedit will now quarantine offensive content reedit confounder and ceo steve huffman have unveil more specify ...,0
7831,quarantine,usa,reedit will now quarantine offensive onlinecommunities reedit armageddon freespeech,0
7832,quarantine,va lctea,reedit will now quarantine offensive content reedit confounder and ceo steve huffman have unveil more specify ...,0
7833,quarantine,"new york , united state",reedit will now quarantine offensive content,0
7835,quarantine,,reedit will now quarantine offensive content,0
7837,quarantine,,reedit will now quarantine offensivecontent,0
7839,quarantine,london,reedit update content policy promise to quarantine extremely offensive community,0
7840,quarantine,"san diego , ca",love chicago so much that it game me pink eye . now i sit and design in quarantine and in the dark .,0
7842,quarantine,some where in this world,reedit will now quarantine offensive content,0
7843,quarantine,,reedit will now quarantine offensivecontent,0
7844,quarantine,,reedit will now quarantine offensive content,1
7847,quarantine,,top link reedit 's new content policy go into effect many horrible subreddits ban or quarantine,0
7848,quarantine,,when you be quarantine to a little corner bc you be too sick to be in the office but work be pile up and they need you kinda day,0
7849,quarantine,"cumming , ga",reedit 's new content policy go into effect many horrible subreddits ban or quarantine,0
7850,quarantine,korea,top link reedit 's new content policy go into effect many horrible subreddits ban or quarantine,0
7851,quarantine,south africa,hot reedit 's new content policy go into effect many horrible subreddits ban or quarantine prebreak best,0
7852,quarantine,san francisco,official alabama home quarantine over possible ebola case,1
7854,quarantine,russia,hot reedit 's new content policy go into effect many horrible subreddits ban or quarantine prebreak best,0
7855,quarantine,california,reedit 's new content policy go into effect many horrible subreddits ban or quarantine,0
7857,quarantine,,here we go again . ebola ! run for your life ! aaarrrgghhh !,1
7860,quarantine,"sarasota , fl",reedit 's new content policy go into effect many horrible subreddits ban or quarantine,1
7861,quarantine,,fuck yes rantipozi be quarantine . trigger the bucks we have .,0
7862,quarantine,melbourne,hot reedit 's new content policy go into effect many horrible subreddits ban or quarantine prebreak best,1
7863,quarantine,"livonia , mi",reedit 's new content policy go into effect many horrible subreddits ban or quarantine,0
7864,quarantine,,be user of this sub to be quarantine ?,0
7865,quarantine,,official alabama home quarantine over possible ...,1
7867,quarantine,usa,scrambledeggs call it now kia get ban or quarantine before month 's end,0
7868,quarantine,"karolinska gen 18 , sola",official say a quarantine be in place at a birmingham home over a possible ebola case . edward khan of the ...,1
7869,quarantine,,gutty mhtw4fnet official alabama home quarantine over possible ebola case - washington time,1
7870,quarantine,,top link reedit 's new content policy go into effect many horrible subreddits ban or quarantine,0
7871,quarantine,,reedit 's new content policy go into effect many horrible subreddits ban or quarantine,0
7872,quarantine,china,top link reedit 's new content policy go into effect many horrible subreddits ban or quarantine,0
7873,quarantine,,alabama home quarantine over possible ebola case official say a quarantine be in place at ... bluehand pjnet,1
7874,quarantine,i hear 2mbikers,hm mt ebolatrends alabama home quarantine over possible ebola case,1
7876,quarantine,,I be just go to say it . under the new reedit policy change i think conspiracy will be quarantine and how that be bad for the truth m,0
7877,quarantine,"dunwoody , ga",okay the cat have be quarantine in my bathroom ... it meow really loud but i turn up the tv louder ... thing just might work out okay,0
7878,quarantine,,alabama firefighter quarantine after possible ebola exposure report,1
7880,quarantine,,0npzp mhtw4fnet official alabama home quarantine over possible ebola case - abc news,1
7881,quarantine,ebola,alabama home quarantine over possible ebola case an ambulance sit outside the university of alabama at,1
7882,quarantine,mongolia,hot reedit 's new content policy go into effect many horrible subreddits ban or quarantine prebreak best,0
7883,quarantine,,reedit 's new content policy go into effect many horrible subreddits ban or quarantine,0
7885,quarantine,"broadview height , ohio",hey reedit - the concept of a ' quarantine ' make no sense if the people you have quarantine can just wander out amp about whenever they want,0
7887,quarantine,,ebola alabama home quarantine over possible ebola case ... relate article,1
7888,quarantine,,oc73x mhtw4fnet official alabama home quarantine over possible ebola case - washington post,1
7889,quarantine,china,top link reedit 's new content policy go into effect many horrible subreddits ban or quarantine,0
7891,quarantine,"poplar , london",can not dl a patch to fix the error in symantec a It be quarantine the computer ergo stop all wireless exchange . laugh out loud technology ?,0
7893,quarantine,rome,top link reedit 's new content policy go into effect many horrible subreddits ban or quarantine,0
7894,quarantine,china,hot reedit 's new content policy go into effect many horrible subreddits ban or quarantine prebreak best,0
7895,radiation20emergency,"lp , mn usa",nuclear emergency current usa radiation level monitor site,0
7897,radiation20emergency,,i like a youtube video u canada radiation update emergency fishing closure,1
7898,radiation20emergency,,wipe emergency activate because of slightly elevate level of radiation . sejong,1
7902,radiation20emergency,"burlington , vt",some of bad radiation exposure from fukushima meltdown happen 47km northwest-proof that small emergency plan zone don't cut it,1
7903,radiation20emergency,"la grange park , il",doe 's wipe facility in nm investigate a site filter radiation reading have activate it emergency ops center say no offside release .,0
7905,radiation20emergency,warszawa,radioactive box quarantine - israel ashdod port be evacuate when emergency team discover radiation emitting ...,1
7906,radiation20emergency,"washington , dc",radiation emergency preparedness start with know to get inside stay inside and stay tune via cdcgov,1
7907,radiation20emergency,,who else want document radiation emergency procedures 06 24 09 radiation emergency procedures 06 24 09,0
7908,radiation20emergency,maygodhelpus,clot cot radiation nuclear emergency track center,0
7909,rainstorm,"darnley , prince edward island",due to the rainstorm last night cupcake decorating be happen now at the rec hall ! 2 - proceeds to iwk !,0
7910,rainstorm,"gloucester , ma",rainstorm downtown gloucester gloucester capeann seagull triciaoneill triciaoneillphoto,1
7912,rainstorm,vancouver usa,myrtlegroggins ltgasp ! gt i forget sunday ! oh my god,0
7913,rainstorm,alberta,wow what beauty lie within every storm . take today after a rainstorm at aampb pipelines,1
7914,rainstorm,robe state,rainstorm destroy 600 house in robe state rainstorm destroy 600 house in robe state . daily trust damatu ...,1
7915,rainstorm,"coventry , rhode island",go to the beach with jim elves mean a guaranteed rainstorm . lucky,0
7916,rainstorm,,dnb newrelease edge jimmy - summer rainstorm lapaka sound via,0
7918,rainstorm,united state of america,' three people be kill when a severe rainstorm in the italian alp cause a landslide ',1
7923,rainstorm,,landslide in italian alp kill three rome reuters - three people be kill when a severe rainstorm in th ...,1
7924,rainstorm,federal capital territory,rainstorm destroy 600 house in robe reporter via sharethis,1
7926,rainstorm,"la puente , ca",stick in a rainstorm ? stay toward the middle of the road . most street be crown so water tends to pool on the side .,0
7929,rainstorm,music .,major rainstorm happen ! I be gon na lie down and drift away to the storm around me for a little while . bebacksoon .,1
7930,rainstorm,online,landslide in italian alp kill three - rome reuters - three people be kill when a severe rainstorm in the i ...,1
7932,rainstorm,"memphis , tn",if you can not have the roar of the wave a rainstorm amp some rolling,0
7933,rainstorm,,robotrainstorm we have two vacancy on the castle fantasy football team ! join u . it fun . ?,0
7934,rainstorm,,calum5sos you look like you get catch in a rainstorm this be amazing and disgust at the same time,0
7935,rainstorm,,rainstorm update further north or further south ?,1
7936,rainstorm,thailand malaysia indonesia,nigeria rainstorm destroy 600 house in robe state daily trust damaturu -over 600,1
7937,rainstorm,earth,landslide in italian alp kill three rome reuters - three people be kill when a severe rainstorm in th ...,1
7938,rainstorm,"pennsylvania , usa",rain rain go away ... a soaker be on the way -gt lt-,0
7939,rainstorm,vancouver usa,nathanfillion hardly ! ?,0
7940,rainstorm,"fairfax , va",tomorrow 's even commute receive a red light . a rainstorm impact the region will push It be way in late evening .,1
7941,rainstorm,"memphis , tn",that rainstorm do not last nearly long enough,1
7943,rainstorm,seattle,robotrainstorm I am.sort of interested in what font they be use .,0
7944,rainstorm,"sicamous , british columbia",lizzie363 cstsmith i drive thru deep water in a flash flood-rainstorm repair cost 14000 . 25 yr later people still think car float !,1
7945,rainstorm,north memphisglobal citizen,best believe all the wrong decision be be make out here in these memphis street during this here rainstorm laugh out loud my folk doe,0
7949,rainstorm,"bridport , england",i want it to rainstorm please,0
7950,rainstorm,"pôrto alegre , rio grand do sul",wake up sick with a rainstorm outside would usually make me sad . not today though . put some the kook on the stereo and let u do this .,0
7952,rainstorm,"north vancouver , bc",yay i can feel the wind gear up for a rainstorm in vancouver ! bring it on drought deadgrassandflowers wildfire,1
7953,rainstorm,seattle,robotrainstorm I be a huge football fan a you know but I have never do fantasy league . patience for a newbie ?,0
7954,rainstorm,"pioneer village , ky",' the way you move be like a full on rainstorm and I be a house of card ',1
7955,rainstorm,"port harcourt , nigeria",rainstorm destroy 600 house in robe state,1
7957,rainstorm,ecsu16,the way you move be like a full on rainstorm and I be a house of card .,0
7958,rainstorm,uk,landslide cause by severe rainstorm kill 3 in italianalps,1
7959,raze,,former freedom surfspa raze to make way for new home,0
7960,raze,,the late more home raze by northern california wildfire - abc news,1
7962,raze,nigeria,tension in asia a ines office raze governor ikpeazu pdp aga react,1
7963,raze,"tulsa , ok",the late more home raze by northern california wildfire the late on wildfire burn in california and,1
7965,raze,,the late more home raze by northern california wildfire -,1
7968,raze,,the late more home raze by northern california wildfire - abc news,1
7969,raze,,the late more home raze by northern california wildfire - abc news,1
7970,raze,,the late more home raze by northern california wildfire - lynchburg news and advance,1
7971,raze,worldwide,news the late more home raze by northern california wildfire - new york time tabs fb100,1
7972,raze,,the late more home raze by northern california wildfire - abc news,1
7973,raze,,the late more home raze by northern california wildfire - abc news,1
7976,raze,,the late more home raze by northern california wildfire -,1
7977,raze,,the late more home raze by northern california wildfire -,1
7978,raze,,the late more home raze by northern california wildfire -,1
7980,raze,north,petereallen huffpostuk bbc5live how significant do you think the iconic pic of church maybe ruin and less substantial effort raze ?,0
7981,raze,,the late more home raze by northern california wildfire -,1
7982,raze,,the late more home raze by northern california wildfire -,1
7983,raze,,the late more home raze by northern california wildfire - abc news,1
7984,raze,"names , ia",davidvonderhaar at least you be sincere ?,1
7987,raze,,the late more home raze by northern california wildfire - abc news,1
7988,raze,,the late more home raze by northern california wildfire - abc news,1
7989,raze,,the late more home raze by northern california wildfire -,1
7990,raze,san diego california 92101,more home raze by northern calif. wildfire sandiego,1
7991,raze,nairobi-kenya,george njenga the hero save his burn friend from a razing wildfire,1
7992,raze,"erie , pa",today will be another dualcom with imrazed ! if you enjoy yesterday check out today at 5 prime minister easter !,0
7994,raze,,the late more home raze by northern california wildfire - abc news gn,1
7996,raze,,the late more home raze by northern california wildfire - abc news,1
7999,raze,,the late more home raze by northern california wildfire - abc news,1
8000,raze,,the late more home raze by northern california wildfire - abc news,1
8001,raze,,the late more home raze by northerncalifornia wildfire zippednews,1
8002,raze,,the late more home raze by northern california wildfire -,1
8003,raze,nairobi-kenya,george njenga the hero save his burn friend from a razing wildfire ...,1
8005,raze,,the late more home raze by northern california wildfire -,1
8006,raze,,the late more home raze by northern california wildfire - abc news,1
8008,raze,"augusta , maine , 04330",vassalboro house to be raze to make way for public gazebo petelmcguire report .,0
8009,refugee,,this just-married turkish couple give 4000 syrian refugees an incredible gift feed them instead of family amp friend .,1
8010,refugee,ad majored dei glorium,police monitor 200 jihads in poland via freedomoutpost,1
8012,refugee,"aurora , ontario",turkish newlywed donate wed money - what a beautiful gesture ! still have faith in humanity .,0
8013,refugee,baku erzurum,this just-married turkish couple give 4000 syrian refugees an incredible gift washingtonpost,1
8015,refugee,statute of limitation,repulsive ! refugees-victimiser-dutton evangelical-liar-abbott care of lnp on a dupe the press overdrive choppergate ! bronwynbishop ! auspol,0
8016,refugee,paradise,retweet cameroon repatriate about 12000 nigerian refugee due to book harm,1
8017,refugee,"bc , u , asia or europe .",newlywed fee syrian refugee at their wedding - cbc news - late canada world entertainment and business news,0
8018,refugee,,wowo- 12000 nigerian refugee repatriate from cameroon,1
8019,refugee,,... hmm 12000 nigerian refugee repatriate from cameroon,1
8020,refugee,,... what ... 12000 nigerian refugee repatriate from cameroon,1
8021,refugee,st petersburgfl,' imagine an entire aisle dedicate to make people look like serbian refugee . ' - director of whole food clothing section,0
8023,refugee,espaa,viralspell ' couple spend wed day feed 4000 syrian refugee . see more,0
8024,refugee,,read plsss 12000 nigerian refugee repatriate from cameroon,1
8025,refugee,tarragona,top story viralspell ' couple spend wed day feed 4000 syrian refugee see more,0
8026,refugee,,refugee connection indiegogo campaign will be go live tomorrow ! support u and help launch the only online community for refugee .,1
8028,refugee,,you all read 12000 nigerian refugee repatriate from cameroon,1
8029,refugee,,short of throw them overboard himself i do not think any other leader could do much bad by refugee than tonyabbottmhr bad prime minister ever !,1
8030,refugee,warri,cameroon repatriate 12000 nigerian refugee,1
8031,refugee,melbourne australia,captain abbott must go down with lnp boat refugee christianvalues,0
8032,refugee,,a turkish couple spend their wedding day feed 4000 syrian refugee ? a turkish couple who get married,0
8034,refugee,"21.462446 , -158.022017",how one couple be use drone to save refugee at the world 's deadly border,1
8035,refugee,,... what ... 12000 nigerian refugee repatriate from cameroon,1
8036,refugee,,... hmm 12000 nigerian refugee repatriate from cameroon,1
8037,refugee,"bangalore , india",turkish couple decide to fee 4000 syrian refugee a part of their wedding celebration,0
8038,refugee,skyhold,fadelurker dalinthanelan lt right now . even after two year there be still refugees camp just south of radcliffe village and aida gt,1
8039,refugee,australia,newlywed fee thousand of syrian refugee instead of host a banquet wedding dinner age news,0
8040,refugee,"amman , jordan",in photo the young refugee force to flee burundi 's violence vice news see more,1
8043,refugee,tripoli international airport,kristindavis un refugee thank you un and refugee for help so many people in need all over the world ...,0
8044,refugee,,wowo- 12000 nigerian refugee repatriate from cameroon,0
8045,refugee,,newlywed fee thousand of syrian refugee instead of host a banquet wedding dinner - via smh,1
8047,refugee,"auckland , new zealand",pack ? c medium center article australia rsf protest over new security gag over reporting on ...,0
8049,refugee,,recap 12000 nigerian refugee repatriate from cameroon,1
8055,refugee,"nyc , u - cali , colombia",the most generous bride on earth couple feed 4000 syrian refugee on their wedding day via thedailybeast love it !,0
8056,refugee,,... what ... 12000 nigerian refugee repatriate from cameroon,1
8057,refugee,qld australia,the 46 return refugee - what be they flee from amp how will the vietnamese govt treat them now they be return ? button presser,1
8058,refugee,"geneva , switzerland",chpsre rt refugee for our follower in paris do visit ' a dream of humanity ' exhibition by rezaphotography,1
8060,rescue,trinidad tobago,policyholder object to click rescue plan,1
8061,rescue,sf bay area,do not panic ! kelbytomlinson to the rescue !,0
8062,rescue,harleychickpjntrunbenrun,coastal german shepherd rescue original content share a link ... animalrescue,0
8064,rescue,"toronto , ontario",ud rescue structural collapse - scott road ypres road york 14 truck,1
8065,rescue,new jersey,rescue of the day it world cat day saturday aug 8th black blackwhite cat just 5 newbeginningsanimalrescue,0
8066,rescue,big northeast litter box,I be on 2 blood pressure med and It be still probably through the roof ! long before the pact story break i be involve in animal rescue,0
8067,rescue,sand spring oklahoma,coastal german shepherd rescue original content share a link ... animalrescue,0
8068,rescue,,coastal german shepherd rescue original content share a link ' ecstatic rescued rocco ... animalrescue,0
8069,rescue,,suggs amp vivian to the rescue ! psychrewatch,0
8070,rescue,"sorry hill , sydney",any length to rescue a cat in need !,0
8071,rescue,sand spring oklahoma,last chance animal rescue have 3 new post . animalrescue,0
8073,rescue,harleychickpjntrunbenrun,last chance animal rescue have 3 new post . animalrescue,0
8074,rescue,,sammy and todd always to the rescue may not be in uniform but still to the rescue lao . forever kfc fam .,0
8079,rescue,usa,lunch for the crew be make . night night It be be a long day ! peaceloverescue,0
8081,rescue,thornton colorado,tell the united nation plantation be not forests ! via rainforestresq,0
8083,rescue,wanderlust,mary come to troy rescue . ?,0
8084,rescue,"toronto , ontario",ud rescue structural collapse - scott road ypres road york 14 truck,1
8085,rescue,karachi,flood-zone general raheel sharif visit chiral he also laud the effort of fwo army troop and army aviation in rescue opera ...,1
8087,rescue,,last chance animal rescue have 3 new post . animalrescue,0
8088,rescue,,lisavanderpump how many dog do you have and be they all rescue dog ?,0
8089,rescue,india,official rescue 367 migrant off libya 25 body find - fox news news,1
8091,rescue,u.s.a. feta region 5,coastal german shepherd rescue original content share a link ... animalrescue,0
8094,rescue,united state,zakbagans this be sabrina my dad rescue her from some dude who keep her in a cage . we have have her since i be 4,1
8095,rescue,,briton rescue amid himalaya flood,1
8096,rescue,nigeria,4 kidnap lady rescue by police in enugu nigerian tribune,1
8097,rescue,jakarta,rescue med migrant arrive in sicily,1
8098,rescue,"ohio , usa",tennoatax i hand you a glass of water and sit down . ' i be rescue by a tenno . I have live in my ship around the mojo for about a year ... ',0
8100,rescue,watford,' trust u to get rescue by the dopey one ! ' val be hilarious shame she be probably go to die emmerdale,0
8101,rescue,west hollywood,summer summervibes california puppy pitmix rescue briton banks happy mybabies,0
8102,rescue,kent,man who bury dog alive think no one would find her but she be rescue just in time,0
8103,rescue,canada,10-month-old baby girl be rescue by coastguard after she float half a mile out to sea ! socialnews,1
8105,rescue,the multiverse,but now skyrim awaits to be rescue ... again .,0
8106,rescue,usa,rescue med migrant arrive in sicily,1
8109,rescue,bournemouth,the finnish hip hop pioneer paleface will be ' rescue from a drift raft ' and bring into the container later enkelbiljett menolippu,0
8110,rescue,jammy kashmir delhi,18 bovine rescue 3 smugglersnabbed,1
8111,rescue,,fund need for rescue then abandon cocker spaniel,0
8112,rescue,,i like a youtube video romanatwoodvlogs rescue sick kitten !,0
8113,rescue,,news briton rescue amid himalaya flood,1
8116,rescue,southern california,a brave little dog get rescue from the river . his recovery will inspi ... via youtube,0
8118,rescue,"philadelphia , pennsylvania usa",homeless man travel across usa with 11 stray dog he rescue get a help hand from stranger via reshareworthy,0
8119,rescue,,brittanypetko break news tonight kid be rescue from play room after a week with no food or water do to parent sex life hah,1
8120,rescue,"winston-salem , nc",' you can only be rescue from where you actually be and not from where you pretend you be . ' giorgio hiatt,0
8121,rescue,"huntley , il",we rescue my dog at least 9 year ago ? she be old but still sweet a ever ? zakbagans,0
8122,rescue,nigeria,rescue med migrant arrive in sicily hundred of migrant rescue,1
8125,rescue,the green and pleasant land .,why be not they take back to africa once rescue ? c4news,1
8126,rescue,earth,migrant rescue after boat capsize off libya,1
8128,rescue,,young child among those rescue from capsize boat off libya via irishtimesworld,1
8129,rescue,,hero ! a springer spaniel amp her dog dad rescue a stranded baby dolphin,1
8130,rescue,"leeds , u.k .",trust u to get rescue by the dopey one . emmerdale summerfate,0
8131,rescue,ireland,three beach whale rescue in kerry -,1
8133,rescue,,rescue tb go on to ribbon at hit via offtrackhorse,0
8135,rescue,,turn back to me ! i have rescue you and sweep away your sin a though they be cloud . isaiah 4422 contemporary english version,0
8136,rescue,"pennsylvania , usa",zakbagans pet r like part of the family . i love animals. ? the last 2 pet i have i rescue ! break my heart when animal be mistreat ?,0
8137,rescue,boston ma,i like a youtube video homeless dog living in a cardboard box get rescue amp have a heartwarming,0
8138,rescue,canada,angry mistrustful rescue elephant find peace and friendship in her new home photo via onegreenplanet,0
8140,rescue,jakartakuala lumpurs'pore,photo hundred of rescued migrant await disembarkment from an irish naval vessel at palermo italy - tconnellyr,1
8141,rescue,cape town,rescue med migrant arrive in sicily,1
8142,rescuer,nigeria,video ' we 're pick up body from water ' rescuer be search for hundred of migrant in ... africa news,1
8143,rescuer,westerland,video ' we 're pick up body from water ' rescuer be search for hundred of migrant in the mediterran ...,1
8144,rescuer,koala lumper,video ' we 're pick up body from water ' rescuer be search for hundred of migrant in the mediterran ...,1
8146,rescuer,surabaya,video ' we 're pick up body from water ' rescuer be search for hundred of migrant in the mediterran ...,1
8147,rescuer,iminchina,video ' we 're pick up body from water ' - rescuer be search for hundred of migrant in the mediterranean ...,1
8149,rescuer,,world fear over miss migrant in med rescuer search for survivor after a boat carry a many a ... news,1
8150,rescuer,africa,durbanknight rescuer be search for hundred of migrant in the mediterranean after a boat carr ... nosybe,1
8154,rescuer,,i have an unexplainable desire to watch the rescuer . childhooddefined,0
8155,rescuer,nigeria,roddypiperautos fear over miss migrant in med rescuer search for survivor after a boat carrying a ma ...,1
8156,rescuer,birmingham,andygilder channel 5 have be do the same for the rspca with dog rescuer ... ' the infomercial ' have creep in the back door .,0
8158,rescuer,,video ' we 're pick up body from water ' rescuer be search for hundred of migrant in the mediterranean after a boat carry ...,1
8159,rescuer,,woman global positioning system application guide rescuer to injure biker in marin county,1
8161,rescuer,,video ' we 're pick up body from water ' rescuer be search for hundred of migrant in the mediterran ...,1
8162,rescuer,london,video ' we 're pick up body from water ' rescuer be search for hundred of migrant in the mediterran ...,1
8163,rescuer,,video ' we 're pick up body from water ' rescuer be search for hundred of migrant in the mediterranean after a boat carry ...,1
8164,rescuer,,video ' we 're pick up body from water ' rescuer be search for hundred of migrant in ... africa news,1
8165,rescuer,,last second ebay bid rt ? shaolin rescuer dvd 2010 she chan nan chang five venom king fu ? please favor,0
8168,rescuer,,video ' we 're pick up body from water ' rescuer be search for hundred of migrant in the mediterranean after a boat carry ...,1
8169,rescuer,,worldnews video ' we 're pick up body from water ' - british broadcasting corporation news - home rescuer be search for hundred of ...,1
8170,rescuer,"? , thailand",video ' we 're pick up body from water ' rescuer be search for hundred of migrant in the mediterran ...,1
8171,rescuer,,video ' we 're pick up body from water ' rescuer be search for hundred,1
8172,rescuer,17th dimension,ah-mazing story of the power animal rescuer have ! a starve homeless dog with no future be rescue by a person ...,1
8175,rescuer,,rescuer be search for hundred of migrant in the mediterranean after a boat carry as many a 600 people capsize off the coast of,1
8176,rescuer,washington,news ' many death ' in shipwreck rescuer be try to save hundred of migrant after the ... via thenewshype,1
8177,rescuer,usa - canada - europe - asia,video ' we 're pick up body from water ' rescuer be search for hundred of migrant in the mediterran ...,1
8180,rescuer,worldwide,video ' we 're pick up body from water ' rescuer be search for hundred of migrant in the mediterran ...,1
8181,rescuer,phoenix,when rescuer find him he be barely alive . but they have no idea he be allergic to this !,1
8182,rescuer,,fear over miss migrant in med rescuer search for survivor after a boat carry as many a 600 migrant ...,1
8183,rescuer,,video ' we 're pick up body from water ' rescuer be search for hundred of migrant in the mediterranean after a boat carry ...,1
8184,rescuer,,woman 's global positioning system application guide rescuer to injure biker in marin county - sfgate,1
8187,rescuer,,fear over miss migrant in med rescuer search for survivor after a boat carry as many a 600 migrant,1
8188,rescuer,,rescuer find survivor of nepal earthquake bury ...,1
8189,rescuer,"paris , france",rescuer recover body of 37-year-old calgary man from lake near vulcan,1
8190,rescuer,,fear over miss migrant in med rescuer search for survivor after a boat carry as many a 600 migrant,1
8191,rescuer,"here , there and everywhere",video ' we 're pick up body from water ' rescuer be search for hundred of migrant in the ... bbc news,1
8195,riot,belgrade,to all the meat-loving feminist of the world riot grill have arrive pop quiz ! which do you prefer fem ... art,0
8196,riot,india,stuart broad take eight before joe root run riot against aussie,0
8201,riot,"cardiff , uk",piprhys i predict a riot .,1
8202,riot,,teamvodg discover by nickcannon listenbuy realmandyrain riot on itunesmusic itunes blowmandyup,0
8203,riot,,to all the meat-loving feminist of the world riot grill have arrive art,0
8204,riot,bossland,rascal flats riot tour atlantic city beach concert-august 20 2015-2 ticket,0
8205,riot,world wide web,to all the meat-loving feminist of the world riot grill hasarrived,0
8208,riot,"uppsala , sweden",seriously do we have to do a tactical riot against the headquarters of disney and marvel ...,0
8209,riot,east london,daniriot keep an eye out we will be look for lot of new team member in coming daysweeks,0
8210,riot,"detroit , mi",to all the meat-loving feminist of the world riot grill have arrive pop quiz ! which do you prefer feminist ...,0
8211,riot,,liveworkshop selfie at booth or riot kappa,1
8212,riot,,acaciapenn I will start a big as riot send me to jail today motherfucker shidddd ?,0
8213,riot,,riot kit bah - part of the new concept gear come for autumnwinter menswear fashion urbanfashion,0
8214,riot,,abrancaballero discover by nickcannon listenbuy realmandyrain riot on itunesmusic itunes blowmandyup,0
8215,riot,,i like a youtube video thorn 's thought - riot and sandbox mode lol,0
8216,riot,,stuart broad take eight before joe root run riot against aussie stuart broad take career-best figure of 8 ...,0
8217,riot,"los angels , ca",retweeted sarah silverman sarahksilverman soundtrack of my walk start w tracey pullman they do not know . perfect,0
8218,riot,,to all the meat-loving feminist of the world riot grill have arrive,1
8219,riot,,after all that time riot should really make an official satan teems skin,0
8221,riot,"montana , usa",i like a youtube video sick riot shield slide spot !,0
8223,riot,"utah , usa",bytorrecilla torrecilla we always info the secret on laugh out loud game check the secret to get 600.000 riot point on my bio,0
8224,riot,"frankfort , ky",transwomen and drag queen of color lead the riot a well know butch lesbian be usually credit for incite it .,0
8225,riot,los angels,eac4au you can now pre-order the film on itunes amp watch 915 ! yay !,0
8226,riot,united kingdom,' without an ally near you can not use this skill . ' how do you get hire ? really cause It be make every riot staff member look incompetent .,0
8231,riot,in space,pop quiz ! which do you prefer feminist revolution or fry ravioliwith porcine and ricotta,0
8232,riot,,to all the meat-loving feminist of the world riot grill have arrive oliviamiles01,0
8234,riot,"sligo and galway , ireland",davidjordan88 stephanenny except we do not know who start the riot or if it even make sense to credit any particular individual ...,1
8235,riot,"los angels , ca",trollkrattos juan carlos salvador the secret tip to get 100.000 riot point laugh out loud be out now ! check the secret on on my bio,0
8236,riot,seattle,southeast dirt riot series crown champion southeast dirt riot series crown championsblackfoot id the so ...,0
8237,riot,tipperary long way,sweetpea 's be run riot at the allotment - and brighten up a rainy day,1
8238,riot,mumbai,stuart broad take eight before joe root run riot against aussie,0
8239,riot,malang,riot police intervene after southampton and vitesse arnhem supporter clash fan clash in buildup to second ...,1
8240,riot,,jwalkerlyle discover by nickcannon listenbuy realmandyrain riot on itunesmusic itunes blowmandyup,0
8241,riot,"san francisco , ca",? cracker - white riot ? nowplaying,0
8242,rioting,hertfordshire .,but the government will not care . police will stop riot eventually of protestors . eventually some skyscraper become plant-covered .,1
8243,rioting,dublin,new dock tonight at 9pm setanta sport ireland freeview . the large police presence at a soccer game in ireland stop prevent the rioting,0
8244,rioting,,eric clapton shoot the sheriff in 1974 and guess how many people be riot ? right none .,1
8245,rioting,spare ' oom,if they kill off val I be riot emmerdale,0
8246,rioting,surround by weeaboos,' money can not buy happiness ' be just a lie we tell poor people to keep them from riot .,1
8247,rioting,,bloody hell It be already be upgrade to ' riot ' . hyperbole saintsfc,1
8250,rioting,australia,twitter be do a count down to the rioting and financial collapse of brazil rio2016,1
8251,rioting,,if that would of be a black dude antioch would be riot,0
8252,rioting,new york city,.runjewels recently meet with the bbc to discuss race relation in america amp the benefit of rioting . loveislove,0
8253,rioting,vedalia ga,reuters people like you should be charge after the inevitable rioting for contribute to it with your lie,0
8254,rioting,"vista , ca",cindy noonancindynoonan-heartbreak in baltimore rioting yahistorical undergroundrailraod,1
8256,rioting,serve fidel,leeds fan ... rioting in umbra at a low tier league cup final ... dee dum,1
8257,rioting,,still riot in a couple of hour leave until i have to be up for class .,1
8258,rioting,"bellville , ohio",cloydrivers there be plenty of black people riot when toss win the championship as well .,0
8259,rioting,trap in america,evacide the ferguson riot work . this of this the next time you say riot do not change anything . there fix it for you .,1
8261,rioting,a little house in the outback .,bbcnews the as . of british insurer say rioting will cost insurer amp163163millions . but police number be reduce by blind fat contra,1
8262,rioting,tri state,bhramabull watch run the jewel use fact to defend rioting in ferguson the socially minded duo take on the ...,1
8264,rioting,upstate new york,i think twitter be invent to keep u insomniacs from riot in the wee small hour .,0
8266,rioting,,blutz10 people be not riot because justice have be serve and that murderer be behind bar . simple ! no justiceno peace justicepeace .,1
8267,rioting,,still riot in to mail ...,0
8270,rioting,"scotland , united kingdom",jasalhad brianboru67 jimskiv92 hijinks1967 rioting .,1
8271,rioting,,ryleedowns02 nevaehburton33 if i do not get my money by tomorrow rioting ?,0
8274,rioting,,retweet why sweden be not venezuela there have be a few day of rioting in venezuela with the riot direct at gr,1
8276,rioting,chicory ? oakland,davidolszak or the rioting in happy valley after penn state loses ?,0
8278,rioting,,aelinrhee a group of mascara smear girl riot will be horrific i think,1
8279,rioting,,the last time a high profile name be due to be sign for nffc the city be riot ! wesley verhoek now a household name ! don'tpanic,1
8280,rioting,"heart of darkness , unholy ?",georgous what alternative ? legal alternative ? protest ? rioting may not be the most peaceful thing but It be a demonstration of how,0
8283,rioting,"colonial height , va",halljh1720 . i be so sick of criminal parent and friend riot when they be kill by police . you do not give a damn when officer be .,1
8284,rioting,,blutz10 but the rioting begin prior to the decision for the indictment so you be not really make sense at this point,1
8285,rioting,india,the ash test match be currently more interesting than stupid congress rioting ...,1
8286,rioting,the weird part of wonderland,people riot everywhere and i think I would be one of them . ' usami-san lt3,1
8287,rioting,,football hooligan jail for riot before game in scotland be already ban from match in england uknews,1
8288,rioting,alabama,cindy noonancindynoonan-heartbreak in baltimore rioting yahistorical undergroundrailraod,0
8289,rioting,a little house in the outback .,be bbcnews the as british insurer say rioting will cost insurers163millions . but police number be reduce by blind fat controller .,1
8291,rioting,cassadaga florida,fa07af174a71408 i have live amp my family have live in country where looter be shoot on sight where rioting be not tolerate . why here,1
8292,rubble,"columbus , georgia",' refuse to let my life be reduce to rubble . when the shit keep pile up get a shovel . ' expirehc,0
8294,rubble,"minna , nigeria",china 's stock market crash be there gem in the rubble ? china stock market crash this su ... ... via forbes,0
8295,rubble,,' if you go on with this nuclear arm race all you be go to do be make the rubble bounce . ' ? winston churchill,0
8296,rubble,,accionempresa china stock market crash this summer have spark interest from bargain hunt ... gerenciatodos,1
8297,rubble,,accionempresa china stock market crash this summer have spark interest from bargain hunt ... gerenciatodos,0
8298,rubble,,my parent be so impulsive sometimes . i remember come home to my room fill with dust amp rubble just because they want it redesign . ?,0
8300,rubble,,turn rubble from disaster into ' lego ' brick you can build house with . this one belong in crazyideascollege,0
8301,rubble,"accra , ghana",360wisenews china 's stock market crash be there gem in the rubble ?,0
8304,rubble,world,forbes china 's stock market crash be there gem in the rubble ? china stock market crash this summer ha ...,0
8309,rubble,"dubai , uae",forbes europe china 's stock market crash be there gem in the rubble ?,1
8310,rubble,,china stock market crash this summer have spark interest from bargain hunter and bull bet on a rebound . d,0
8311,rubble,phoenix az,jasonpope2 johnfugelsang again i do not say it be . i be refer to the main 2 building . 7 be hit by rubble,1
8312,rubble,italy,china 's stock market crash be there gem in the rubble ?,0
8314,rubble,london,360wisenews china 's stock market crash be there gem in the rubble ?,1
8315,rubble,,jun 2015. yemeni search for survivor under the rubble of house in the old city of sana follow an ...,1
8317,rubble,on,china 's stock market crash be there gem in the rubble ? forbesasia,1
8318,rubble,"st. louis , mo",steve buscemi be a firefighter before fame amp work 12hr shift digging thru wtc rubble look 4 survivor .,1
8320,rubble,united state,china 's stock market crash be there gem in the rubble ? cot p2 news,0
8321,rubble,spain - china - latin america .,china 's stock market crash be there gem in the rubble ? china stock market crash this summer h ... by .forbes,0
8324,rubble,"chester , il",i find a diamond in the rubble,0
8329,rubble,west africa,tnn china 's stock market crash be there gem in the rubble ?,1
8330,rubble,"calgary , ab , canada",china 's stock market crash be there gem in the rubble ? roimentor yycwalks,1
8332,rubble,california,china 's stock market crash be there gem in the rubble ?,0
8334,rubble,make here in detroit,360wisenews china 's stock market crash be there gem in the rubble ?,1
8335,rubble,"portland , or",new post ' china 's stock market crash be there gem in the rubble ? ',0
8337,rubble,,china 's stock market crash be there gem in the rubble ? china stock market crash this summer have spark ...,0
8339,rubble,"dallas , teas",photo postapocalypticflimflam prod around the rubble .,0
8341,rubble,"atlanta , georgia",360wisenews china 's stock market crash be there gem in the rubble ?,0
8344,ruin,ca ga,okgabby damn suh . do not let that ruin your year brush . this our year . good start carpooling like we do back in the day,0
8345,ruin,"nashville , tn",if i can not ruin his mood then i may have lose my direction .,0
8346,ruin,,i ruin everything ?,0
8347,ruin,depot,quote never let your problem ruin your faith .,0
8348,ruin,london birmingham,im so anxious though because so many people will me watch me meet them and that make me uncomfortable but i cant let that ruin the moment,0
8349,ruin,texas,smoker that ruin that new car smell ?,0
8350,ruin,"yule , fl",chrisdyson16 just wait until your friend at mta ruin it sorrybutitstrue,0
8351,ruin,austin tx,I be really sad about red 7 closing yuppie n tourist ruin everything,0
8352,ruin,,always get ta ruin my mood,0
8355,ruin,,i understand you want to hang out with your guy friend I will give you your space but do not ruin my trust with you .,0
8356,ruin,garrett,like why on earth would you want anybody to be unhappy do not purposely ruin somebody else 's happiness,0
8360,ruin,followurdreams my instagram,fresh out da shower looks ? still love this new hair do it ruin my brand ? yes,0
8361,ruin,,savannahross4 see trina ruin my life,0
8362,ruin,sheffield rotherham,well do me ! everyone applaud me and how terrific i be and how i never ruin anything,0
8363,ruin,"wailuku , maui",four thing that may ruin your personal injury accident claim,1
8364,ruin,,how to ruin the holiday in 3 work ' it 's a zone ! ',0
8365,ruin,"lima , oh",every time i have a really good day someone just have to ruin it,0
8366,ruin,"long beach , ca",you wan na ruin a relationship ? just ask ' what be your intention ' and you will do it,0
8367,ruin,belfast,and then i go a ruin it all with something awful ... minion,0
8368,ruin,fuji garbage heaven,it be really awful and i cant even work with a make up artist now because they will ruin thing .,0
8369,ruin,new york - connecticut,damn wale know how to ruin a song ?,0
8370,ruin,,' cause you play me like a symphony play me till your finger bleed . I be your great masterpiece . you ruin me ?,0
8371,ruin,snapchat maddzzbabby,why do my family have to ruin something that be actually go good for me ?,0
8372,ruin,"2,360 mile away",i hate that im so awkward and i ruin thing,0
8374,ruin,,long road to ruin - foo fighter,0
8375,ruin,"winnipeg , manitoba",why do you ruin everything ? 9tarbox you ruin the sour cream and you put a brick of cheese in the freezer ... dummy,0
8377,ruin,,do not let a few asshole ruin your night,0
8378,ruin,boston,laugh out loud the real issue be the the way the nfl be try to ruin this guy 's legacy .,0
8382,ruin,florida forever,retweet to ruin connormidd 's day .,0
8383,ruin,"sacramento , ca",greedy bastard fullscreen way to ruin creativity . censorship on youtube,0
8385,ruin,redsoxnation,juliechen she should not . be with them be gon na ruin her game and vanessa be a great player,0
8386,ruin,mnl,clnv yes yes ! i will . i don't wan na ruin my life . laugh out loud,0
8387,ruin,youtube.comchanneluchwtlc9b4zjugh7ydlb55iw,nbc i wan na see you reboot the fresh prince of bel-air bring back the original cast and everything amp do nothing that will ruin the show .,0
8388,ruin,,you can only make yourself happy . fuck those trina ruin it keep smile ?,0
8389,ruin,ca ? dc,there be a few people I would let ruin my life my soul my cervix my everything . odell be definitely top of that list .,0
8390,ruin,"de mines , ia",I will ruin my life if i have to .,0
8391,ruin,"merida , yucatan",babe I be gon na ruin you if you let me stay,0
8392,sandstorm,"situate , ma",ctaztrophe31 everything must be ok because she be listen to ' sandstorm ' now ...,0
8393,sandstorm,usa,watch this airport get swallow up by a sandstorm in under a minute,1
8394,sandstorm,,watch this airport get swallow up by a sandstorm in under a minute,1
8396,sandstorm,united state,hienshi gbay99 it wouldn't turn into a sandstorm if riot give a good answer . instead they give dumb excuse . at least new client be there,0
8397,sandstorm,,watch this airport get swallow up by a sandstorm in under a minute,1
8399,sandstorm,united state,i like a youtube video darude - sandstorm,0
8400,sandstorm,usa,watch this airport get swallow up by a sandstorm in under a minute,1
8401,sandstorm,hkxfymhex,watch this airport get swallow up by a sandstorm in under a minute,1
8402,sandstorm,u,watch this airport get swallow up by a sandstorm in under a minute,1
8404,sandstorm,usa,watch this airport get swallow up by a sandstorm in under a minute,1
8405,sandstorm,usa,watch this airport get swallow up by a sandstorm in under a minute,1
8406,sandstorm,,a sandstorm in jordan have coat the middle east large refugee camp in a layer of grit,1
8408,sandstorm,"hamilton county , in",sandstorm ! woo hoo !,1
8409,sandstorm,united state,watch this airport get swallow up by a sandstorm in under a minute,1
8410,sandstorm,usa,watch this airport get swallow up by a sandstorm in under a minute,1
8411,sandstorm,usa,watch this airport get swallow up by a sandstorm in under a minute,1
8412,sandstorm,usa,watch this airport get swallow up by a sandstorm in under a minute,1
8414,sandstorm,,who need friend when there be booze and darude - sandstorm d,0
8415,sandstorm,dakar,socialwots globiinclusion retweet nrcmiddleeast sandstorm engulfs caravan and tent in the zaatari refugee camp,1
8416,sandstorm,united state,watch this airport get swallow up by a sandstorm in under a minute,1
8418,sandstorm,usa,watch this airport get swallow up by a sandstorm in under a minute,1
8419,sandstorm,usa,watch this airport get swallow up by a sandstorm in under a minute,1
8422,sandstorm,usa,watch this airport get swallow up by a sandstorm in under a minute,1
8423,sandstorm,usa,watch this airport get swallow up by a sandstorm in under a minute,1
8425,sandstorm,in your head,sundercr two hour of sandstorm remixes . all merge together . no between-song silence .,0
8428,sandstorm,usa,watch this airport get swallow up by a sandstorm in under a minute,1
8429,sandstorm,,watch this airport get swallow up by a sandstorm in under a minute,1
8430,sandstorm,"north carolina , usa",put sandstorm down !,0
8431,sandstorm,usa,watch this airport get swallow up by a sandstorm in under a minute,1
8432,sandstorm,usa,watch this airport get swallow up by a sandstorm in under a minute,1
8433,sandstorm,usa,watch this airport get swallow up by a sandstorm in under a minute,1
8434,sandstorm,wa state,come out to sandstorm tryout aug 15th at low woodland ! miss tryout 3-430pm h tryout 430-6pm,1
8435,sandstorm,usa,watch this airport get swallow up by a sandstorm in under a minute,1
8436,sandstorm,"the sanctuary network , rome",villicanaalicia be it darude sandstorm ?,0
8437,sandstorm,tractor land aka bristol,i can not listen to darude sandstorm without expect airhorns now,0
8440,sandstorm,,now play darude - sandstorm - radio edit,0
8441,sandstorm,usa,watch this airport get swallow up by a sandstorm in under a minute,1
8443,scream,,i slam my phone to the ground and then scream ahahahga,0
8444,scream,adventure in narnia,infinitegrace7 i just scream to the world how much i love my little pony ?,0
8445,scream,,update the police seem like nice enough people . i felt bad when i transform and they scream ... do not worry they be only unconscious .,0
8446,scream,,someone 's gon na get scream at for get the lyric wrong laugh my as off,0
8447,scream,,i just scream sidjsjdjekdjskdjd . i cant stand you ?,0
8448,scream,asgard,godofmischief -of loki 's dagger she pull it out and jam it into mina 's thigh . when mina scream and grab at her leg sift,1
8450,scream,"san diego , ca",omfg ? didn't expect drag me down to be the first song pandora play omfg i scream so loud my coworker be scar,1
8451,scream,unite . bless . wallah,she scream when she get the microchip needle . to be honest i would have cry too the needle be massive ya harm,0
8452,scream,,i hear the steven universe theme song from upstairs and scream his name at the part of the song and scar my cousin,0
8453,scream,sneak glance at tancred,mogacola zamtriossu i scream after hit tweet,0
8454,scream,ljp4,the girl next to me scream what the fuck be a chance I be crying,0
8455,scream,"charlotte , north carolina",i think the loud goal i ever scream be higuain 's offside goal against germany,0
8457,scream,,i run with earbuds in which i now realize mean i probably do not politely say hi to jar but more or less scream at him ?,0
8458,scream,,i just get scream at for ask my dad to move half a step so i could get through ...,0
8459,scream,nirvana,cortezera i dead as scream when we sign him i could not fuck believe it,0
8461,scream,,do not stop believing just come on the radio at this restaurant and a lil white bit scream ' it 's mommy song ',0
8463,scream,ny,brooke just face time me at the concert and just scream for 2 minute straight,0
8464,scream,mentor oh,want to make tweet about how much i dislike today feminism movement but do not want to be scream at ',0
8468,scream,"truman , arkansas",26 people have scream right in my ear this week at camp . twenty-six ! and we still have 12 day leave . cedarglade2015,0
8471,scream,18 cc,some kid go to leadership camp come into my work today ask for the bathroom and my inner asb kid scream a lot . i miss camp ?,0
8472,scream,"north carolina , usa",vacation update my great aunt just kill a spider with her bare hand after i scream in fear . fierce,1
8473,scream,,not because i want to cheat or anything . just feels good to vent to my twitter without a txt be scream at laugh out loud,0
8475,scream,,I be sorry I be so wild in 1d show like in my wwa show niall start sing steal my girl i literally scream shut the fuck up,0
8476,scream,1d 5sos ag,i just scream in 57 language this be so good,0
8477,scream,pa.usa,i scream at the end oamsgajagahahah im laighign otrametlife,0
8478,scream,"m3 , k , a , d",i have never scream so loud,0
8480,scream,piss off anti,i scream ' whats a chance ',0
8483,scream,' san antoniooooo ',realliampayne i scream at the top of my lung when you say you guy would come back to s.a so keep your promise addtexastonext1dtour,0
8484,scream,,thatwitchem emmachosenone jessienovoarp jessienovoa liananovoa why you scream,0
8486,scream,sisterhood,arianagrande i literally walk out of the concert and scream my soul have be bless,0
8487,scream,3000 mile from everyone,i just scream what the fuck be a hond,0
8489,scream,living in a plastic world,i just scream toddyrockstar,1
8490,scream,with doflamingo,kinda scream gilt,0
8491,scream,,i don't even remember slip happen i just remember be like what the fuck and then the light turn off and everyone scream for the encore,0
8494,scream,,love wake up to my dad screaming at me ?,0
8496,scream,,if you be quiet enough you can literally hear the phantom scream at the tyler tweet,0
8497,scream,"21 , pôrto",I be scream and fangirling oh my god,0
8498,scream,access to njh5 and cth4,during drag me down last night i be scream ' shell of a mannequin ' instead of ' shell of a man ' and i think everyone hat me there,0
8500,scream,tx,camilacabello97 internally and externally scream,1
8502,scream,,cue the mariana stans scream,0
8503,scream,,bizzlemahomie scream,0
8504,scream,tx,camilacabello97 now im internally scream,0
8505,scream,massachusetts,estellasrevenge the first time i go swim in it i be basically scream why do it smelltaste so bad,0
8506,scream,rio de janeiro brazil,scream mariahcarey arianagrande,0
8507,scream,,lhh silent screaming be master,0
8508,scream,"moore , ok",noahshack he be hot amp he can sing I be scream ?,0
8509,scream,oldercandybloom,It be fine baby i be scream at the tv x,0
8510,scream,,harshness follow u a good day by sarah c race thought with scream siren pace back and forth for ...,0
8511,scream,justin and arian follow,my fans I be scream so fucking loud,0
8512,scream,blackparavde be my frankie,tyleroakley im scream,0
8513,scream,daddy kink central,scalpium scream,0
8514,scream,,camilla 's do a follow spree tonight im screaming of happiness,0
8515,scream,"wakefield , west yorkshire",stvmlly sorry for scream at you and safferoonicle from the car i just kinda ' i know those people let u yell ! ',0
8516,scream,pittsburgh,my dad a screaming coach always give his vocal chord quite the workout on the field . funnydadcoach,0
8517,scream,namjoon 's pant,' 54 -9 how do people not know who kendall jenner be ? she have 6 time the instagram follower of gd ' scream laugh my as off,0
8518,scream,"mogadishu , new jersey",missdaoh and if she have a screaming baby you would have love that so much more,0
8520,scream,all around the world,arianagrande justinbieber I be scream oh my god idols 22days wdym,0
8522,scream,mariana town,justinbieber arianagrande can you hear me scream !,0
8523,scream,new york city,kamkasteiiano bluntedjayt fuck screaming !,0
8524,scream,honeymoon ve .,arianagrande justinbieber all the love be scream at this one ?,0
8526,scream,"aveiro , portugal",hey there lonely girl do you have to tell your friend about the way i get you scream my name ?,0
8528,scream,,nochilllukehammings im scream,1
8530,scream,,danisnotonfire if you follow me i will go into town and advertise your youtube channel by scream and walk around with a sign . pls ?,0
8531,scream,justin ari follow tvd,justinbieber arianagrande scream,0
8533,scream,uk,blanksocietyx emmerdale im scream he my favorite,0
8536,scream,,justinbieber arianagrande im scream,0
8538,scream,9113,scream in 22 different language,0
8539,scream,jdbljcagbtwpll,justinbieber i be scream hell yes ahhhh oh my god,0
8540,scream,nap queen,like little boy you good sit your as down stop screaming at my mother stop pull your hair amp cry like a 3 year old amp grow tf up,0
8541,scream,amsterdayum 120615 062415,arianagrande justinbieber omgggg im scream,0
8542,scream,lesa sheer,trombonetristan ooooohshit ooohshit scream hell i love,0
8543,scream,griffin 3,danemillar1 scream 666,0
8545,scream,xiumin 's nonexistent solo,scream in the distance,1
8546,scream,,when you on the phone and worstoverdose scream ' jaileens cake up on the phone ' so everyone look at you ?,0
8547,scream,marvel book horsepower tmr,scream in 25 different language,0
8550,scream,"pennsylvania , usa",scream internally,0
8551,scream,blackfalds .,scream,0
8553,scream,"san juan , puerto rico",himeruisu I be go to ram your as so hard I will have to shove your face on the pillow to muffle your scream of pain and pleasure,0
8555,scream,,i come downstairs try to look as normal a possible in front of my mom and rhiannon scream ' hungover ? huh ? ' uhmmmm no ?,0
8556,scream,new jersey,he hit a tailor fuck make double play and kay scream he be rob of a hit .,0
8557,scream,,apparently my face scream ' get me emotionally attach and then cheat on me ',0
8558,scream,freddy fazbears pizzeria,drag0nking0201 screamsdo not scare me and it animatronics,0
8559,scream,,get on battlefield 3 scream into mic at cunt,0
8560,scream,brasilia,still echo of their scream,0
8561,scream,coffin,in every bts song jilin scream,0
8562,scream,gladiator 860757,casually on the phone with jasmine while she cry and scream about a spider,0
8567,scream,w.i.t.s academy,realjaxclone scream,0
8570,scream,,be the update rly life now be it be itscreams vibrates i cant handle,0
8571,scream,where ever i please,sakuuchiha yaboiluke scream and get a face full of sake genitals,0
8572,scream,,heyot6 im not home . i need to watch . scream,0
8574,scream,,in light of recent event all i would like to say be screams for five year,0
8575,scream,,so lawsonofficial just follow me and i can not contain my scream of joy ! thankyou ! ?,0
8576,scream,,4tiles zach my dell tablet scream with win10,0
8577,scream,"melbourne , australia .",ollymursaus i do feel sorry for him ! he be not a piece of meat ! he be a nice guy ... people do not need to rush him and scream in his face !,1
8578,scream,sheffieldleeds,i agree with certain cultural appropriation thing but honestly if you look at my house it scream appropriation bc buddha and stuff,1
8579,scream,pled cuh ...,this looney tunes-blake griffin commercial scream their make a space jam 2,0
8580,scream,lose in history,scream . where be everyone . oh wait school ok im ok,0
8581,scream,"ontario , canada",aw man . ' apollo crew ' just scream ' we can not think of a name for this black guy quick name some and mash them together ',0
8582,scream,,queenwendy go to sleep before someone scream at u ?,0
8584,scream,5-feb,when you go to a concert and someone scream in your ear ... do it look like i wan na loose my hearing anytime soon ?,1
8585,scream,united state,wisd amp obama support death2usa ...,0
8586,scream,"florida , usa",the little girl next to me see the spot light in the sky and scream ' mom ! look i see angel in the sky ! ' ?,1
8587,scream,labyrinthian,harveymaine aaaa ok lem me move to another room so no one hear my gay as scream,0
8589,scream,? ... ?,scream,0
8591,scream,texas,scream at my own mother,0
8595,seismic,garote puntland somalia,oil and gas exploration,1
8596,seismic,"oakland , ca",man be read a list of famous musician who oppose nuclear power ... wow powerful evidence . they must know a lot about seismic risk ...,0
8598,seismic,,seismic risk a comparison between 2 case study calabria and malta,1
8599,seismic,third rock from the sun,hebrooon you good learn derivative of formula seismic rather than think about thing like that or you be a thing like that ? hah,0
8606,seismic,life in london,exploration take seismic shift in gabon to somalia,1
8607,seismic,,29 of oil and gas organization have no real-time insight on caber threat . see how ey can help,0
8608,seismic,somalia,exploration take seismic shift in gabon to somalia - worldoil subscription ? somalia,0
8609,seismic,,the 08062015 alabamaquake seismic summary with earthquake news amp history,1
8610,seismic,"lakewood , tennessee",' seismic ' apple tv service to stream 25 channel across all d ...,0
8612,seismic,smash manorkanto,marek1330 zar cringes at the blow but do not let mark go he use seismic toss,0
8613,seismic,,seismic audio sa-15t sa15t pad black speaker cover 2 - qty of 1 1 pair !,0
8615,seismic,,gismo detectado japs report 1 010156 okinawa island region m4.0 depth 10km maximum seismic intensity 3 jst ?,1
8618,seismic,,on the use of perforated metal shear panel for seismic-resistant application,0
8620,seismic,?,report 5 182245 ibaraki prefecture off m5.5 depth 60km maximum seismic intensity 4 earthquake,1
8621,seismic,,thanks benson amp clegg for the follow ! check out our map at,0
8622,seismic,,on thursday at 0025 we update our kml of 2d and 3d seismic exploration vessel . offshore oil,0
8623,seismic,somalia,oil and gas exploration take seismic shift in gabon to somalia - bloomberg ? somalia,1
8624,seismic,"bokaro steel city , jharkhand",kakajambori ? you control the future of india ... yor subject exploration or seismic maintenance electrical or mechanical,0
8625,seismic,,gismo detectado japs report 3 010217 okinawa island region m3.8 depth 10km maximum seismic intensity 3 jst ?,1
8627,seismic,"hatteras , north carolina",agency seek comment on seismic permit,0
8628,seismic,412 nw 5th avenue portland or,still no plan ? do not worry we get you cover . plenty of seismic ipa and seismic squeeze ladler to help ...,0
8631,seismic,"madison , wisconsin , usa",oilandgas exploration take seismic shift in gabon to somalia via business,1
8633,seismic,"mogadishu , somalia",exploration take seismic shift in gabon to somalia,1
8635,seismic,the azure cloud,new post from seismicsoftware 3 major challenge of channel sale entablement,0
8636,seismic,"perenjori , wa",panoramic resource cut job after seismic event,1
8637,seismic,uk,england east coast . dogger bank westward . 1. seismic survey in progress by mv western regent tow a 8400 mere long cable within area,0
8638,seismic,,a subcontractor work for french seismic survey group cgg have be kidnap in cairo and be hold by islamic state the company say on w,1
8639,seismic,,the art world 's seismic shift back to the oddball - observer,0
8640,seismic,,gismo detectado japs 063243 miyagi estimate seismic intensity 0 jst ?,1
8642,sinkhole,unknown,sinkhole selfies you wont believe what be in the brooklyn sinkhole ! sinkhole selfies you wont belie ...,0
8643,sinkhole,,my reaction when when a sinkhole open up beneath my friend and i ... gif funny lol comedy funny video image rt,1
8644,sinkhole,"atlantaish , ga",talk on goz be fantastic . most interesting fact so far be that they manually buy all the .ru domains to sinkhole rather than seek coop .,0
8646,sinkhole,trinidad and tobago,nothing surprise me anymore and i be sure there be more to come ...,0
8647,sinkhole,above the snake line - yonews,large sinkhole swallow entire pond in lowndes county georgia large sinkhole occasion2b,1
8648,sinkhole,san diego,10news ? water main break disrupts trolley service,1
8650,sinkhole,"haddonfield , nj",sinkhole close farmer drive in bethlehem township,1
8651,sinkhole,,a sinkhole grows in brooklyn six-meter crater swallow street,1
8653,sinkhole,canada,azimel ' scream mad scientist decease after tumble over heel and fall into sinkhole during investigation ',0
8654,sinkhole,ny,gap sinkhole open up in brooklyn new york,1
8655,sinkhole,ill yorker,fdny this morning fdny respond to a sinkhole in brooklyn . unit remain on-scene with nycbuildings amp others .,1
8656,sinkhole,newcastle,150-foot sinkhole open in lowndes county residential area wctv-35 minute ago,1
8657,sinkhole,above the snake line - yonews,large sinkhole swallow entire pond in lowndes county georgia yonews,1
8658,sinkhole,"white plain , ny",I have be try to write a theological short story about a monster living in a sinkhole . then i heard about brooklyn . accidentalprophecy,0
8659,sinkhole,,sinkhole selfies you wont believe what be in the brooklyn sinkhole !,0
8660,sinkhole,bed and breakfast near alton tower,moorlandschmbr load of stuff go on recently . see the blog at sinkhole pile,0
8661,sinkhole,,150-foot sinkhole open in lowndes county residential area,1
8662,sinkhole,alger-new york-san francisco,sandiego news sinkhole disrupts downtown trolley service the incident happen wed ... algeria ?,1
8663,sinkhole,,beforeitsnews a sinkhole grows in brooklyn six-meter crater swallow street,1
8664,sinkhole,,massive sinkhole emerges in brooklyn,1
8665,sinkhole,dagger ! dominican,lomasvisto thousand of hipster fear lose giant sinkhole devours brooklyn intersection ... cadenadeseguidores,1
8667,sinkhole,"haddonfield , nj",150-foot sinkhole open in lowndes county residential area,1
8668,sinkhole,usa,sinkhole disrupts downtown trolley service sandiego -,1
8669,sinkhole,,sinkhole swallow brooklyn intersection video,1
8670,sinkhole,hell,i could die by fall in a sinkhole and I would still be blame for it,0
8673,sinkhole,texas af,damn that sinkhole on sunset ?,1
8674,sinkhole,san diego california 92101,water main break disrupts trolley service sandiego,1
8676,sinkhole,"san diego , ca",retweet twitsandiego ' possible sinkhole disrupts trolley service a depression in a portion of asphalt in downtown sa,1
8677,sinkhole,hinterestland,sinkhole selfies you wont believe what be in the brooklyn sinkhole ! sinkhole sel ... hinterestin funny,0
8680,sinkhole,"evansville , in",some evansville resident tell to limit water usage due to sinkhole construction some evansville resident have,1
8681,sinkhole,greenpoint,davidcovucci we can not because a sinkhole swallow every taco place in the neighborhood,0
8683,sinkhole,in the potter hand,sinkhole on west side damage car via news,1
8684,sinkhole,"haddonfield , nj",georgia sinkhole close road swallow whole pond,1
8685,sinkhole,"t 42.910975 , -78.865828",do that sewer look like It be sink to you ? be this what happen pre-sinkhole ? and I be go insane,0
8686,sinkhole,newcastle,sinkhole leaking sewage open in housing estate irish independent-3 aug 2015,1
8688,sinkhole,,a random hole just break out in the street ?,0
8689,sinkhole,"san diego , ca",mtsalert orange amp blue line rider expect delay downtown due to a sinkhole that be develop in the vicinity of 4th amp c street .,1
8690,sinkhole,,there be a sinkhole in brooklyn ? !,1
8691,sinkhole,,share large sinkhole swallow entire pond in lowndes county georgia a large yonews,1
8692,sinking,"cypress , ca 90630",do you feel like you be sink in low self-image ? take the quiz,0
8693,sinking,sacramento,after a few year afloat pension plan start sink again,1
8694,sinking,,do you feel like you be sink in unhappiness ? take the quiz,0
8695,sinking,"vancouver , british columbia",with a sinking music video tv career brooke hogan should be thank her dad for the free publicity ... although i doubt it will help her .,0
8696,sinking,,supernovalester i feel so bad for them . i can literally feel that feeling of your heart sinking bc you do not get anyone ugh jfc,0
8697,sinking,north east unsigned radio,nowplaying sink fast - now or never on north east unsigned radio listen at,0
8698,sinking,every where in the world,that horrible sinking feeling when you've be at home on your phone for a while and you realize it be on 3g this whole time,1
8699,sinking,memphis,nigga car sinking but he snap it up for fox 13. priority,0
8700,sinking,,abandonedpics you should delete this one It be not an abandoned nor sink . that the darsena of the castillo scaliger di sirmione .,0
8702,sinking,,that horrible sinking feeling when you've be at home on your phone for a while and you realize it be on 3g this whole time,0
8704,sinking,,4 equipment ego break upon dig your family internet hoke except versus a sinking term dfljev,1
8705,sinking,,currency transgress before payday-prison ward sinking-fund payment unsecured loan jbumzqpk,0
8706,sinking,,? that horrible sinking feeling when you've be at home on your phone for a while and you realize it be on 3g this whole time,0
8708,sinking,,if you be lose and alone or you be sink like a stone carry onnnn,0
8709,sinking,"fountain valley , ca",lie clinton sinking ! donald trump sing let u make america great again !,0
8710,sinking,canada,ap too slow report the sink boat in the mediterranean sea what a shame,1
8711,sinking,,we walk the plank of a sinking ship,0
8712,sinking,,the sinking ship sinkingshipindy scarlet lane lenore be on replace stone samson stonebrewingco,0
8714,sinking,,that horrible sinking feeling when you've be at home on your phone for a while and you realize it be on 3g this whole time,0
8715,sinking,,in the movie ' titanic ' jack and rise both could have stay on the wooden beam without it sink .,0
8717,sinking,"michigan , usa",if your lost amp alone or your sinking like a stone carry on,0
8718,sinking,,if there be a chance will get a gander of the sinking ship that be tna too . can not help but appease my morbid curiosity . destinationimpact,0
8720,sinking,"sacramento , ca",so happy to be exercise of the demon of att . price keep rise service keep sink . goodbye,0
8721,sinking,liverpool,do you feel like you be sink in low self-image ? take the quiz,1
8722,sinking,haarlem,investment news keurig green mountain inc. third-quarter earnings share sink after-hours - stock in the new,0
8723,sinking,,wccorosen do lloyd of london insure your bet with corycove sinking twin,0
8724,sinking,queensland,sink the slipper or put the boot in,0
8726,sinking,hora .,in your eye i see the hope i once know . I be sink . I be sink away from you . do not turn around you will see ... you can make it .,0
8727,sinking,,that horrible sinking feeling when you've be at home on your phone for a while and you realize it be on 3g this whole time .,0
8728,sinking,"caudad autnoma de bueno are , argentina",' i 'm sink down in the dark dream so deep so cold this pain inside of me my love for you be more dan i can bear ' jota esse ?,0
8729,sinking,,sink care consultative assembly plan could subconscious self live straight a leading way of escape xkdrx,0
8732,sinking,"not where i want to be , yet",this be lara she like sink her teeth into my flesh and claw my arm ?,0
8733,sinking,london,spend too many hour sink into the wonderfully create world of mafia and mafia ii in my life . excite for another installment .,0
8734,sinking,"dual , wv 25573 , usa ?",do you feel like you be sink in unhappiness ? take the quiz,0
8735,sinking,,that horrible sinking feeling when you've be at home on your phone for a while and you realize it be on 3g this whole time,1
8736,sinking,,it just now sink in this be the last episode my heart hurt so bad,0
8737,sinking,london,slowly sink waste ? edsheeran,0
8738,sinking,rhyme or reason ?,the tribe just keep sink everyday it seem faster . a for this year It be be a titanic disaster .,1
8739,sinking,ma,that horrible sinking feeling when you've be at home on your phone for a while and you realize it be on 3g this whole time,1
8740,sinking,hey georgia,each time we try we always end up sink,0
8741,sinking,coventry,do you feel like you be sink in unhappiness ? take the quiz,0
8742,siren,nc,i just make a weird high pitch noise and then i hear a siren ofnsixjks ?,0
8743,siren,,today be corgi siren 's birthday ! spoil her now wishlist,0
8744,siren,kenya,' ma3route hah jam imeshika papa garden city mat bumper to bumper with aar ambulance.we decide to chill via bonnieg434 ' pig siren kijan,0
8745,siren,my subconscious,stacedemon oh shit !,0
8746,siren,london,big love ibeyiofficial,0
8747,siren,new england,' amateur night ' actress reprises role for ' siren ' - horrormovies.ca horror,1
8750,siren,,laugh out loud ' j2bone cousin ' foxysiren course ' weyreygidi now they be cause di maria ... lol ',0
8751,siren,,what . the . fuck .,0
8752,siren,"uae , shariah abudhabi",I be more into the healingreviving side of the game rather than good attack so for now siren gt all other character except new girl .,0
8753,siren,"tampa , fl",a demoness with the voice of an angel . like a siren 's call beckoning me to the void . do not ? on this,0
8754,siren,new york,helen model 295ss-100 siren amplifier police emergency vehicle - full read by ebay,0
8755,siren,the web,it the best time of day ! sirenvoice be liveonstreamate !,0
8757,siren,paris .,? nowplaying song to the siren - john frusciante 2009,0
8758,siren,be international,so when r you get married'foxysiren oh finally jennifer aniston get marry ? ... I be so happy for her ? ',0
8759,siren,team slytherin,super sweet and beautiful,0
8760,siren,michel delving .,apparently they be go to have a ww2 siren to announce something . not sure if that be fun or dull bc the ww2 siren be a v monotonous sound .,0
8761,siren,hame,there be a weird siren go off here ... i hope hunterston be not in the process of blow itself to smithereens ...,1
8762,siren,drizzle city !,tomarse99 they all be intend to go . just wait for wind to drop . siren just go off to signal they allow to leave arena.none go,1
8763,siren,,internet firm to be subject to new cybersecurity rule in eu ...,0
8766,siren,? dream,i do not think I have forgive angelina julie yet sef ?,0
8767,siren,? dream,course ' weyreygidi now they be cause di maria ... lol ',0
8768,siren,,i add a video to a youtube playlist siren 1 gameplaywalkthrough part 1,0
8770,siren,texas's,optich3cz askh3cz I be jealous now . bc i want a legato hd for my day so i can record video but i didn't have the money for it .,0
8774,siren,diamondville,look at them'ayhoka co happy bn too long'foxysiren oh finally jennifer aniston get marry ? ... I be so happy for her ? ',0
8775,siren,"massachusetts , usa",envyseven my beautiful aquarius queenly siren of the cliff and pretense of overtures.please sing this phantom songfor you alone shall,0
8776,siren,,dharma overload with a loud cry like an emergency siren . ... fucking .,0
8777,siren,the sardis,sirensong21 my pc account get hack . someone try to pull out over 1200 buck which be not there now i have an nsf amp no idea who or why,0
8778,siren,,do not argue cheap now . you be good than that . ?,0
8780,siren,,the real question be why be the tornado siren go off in dyersburg ?,1
8781,siren,"california , usa",can you save can you save my can you save my heavydirtysoul ?,0
8782,siren,,siren test complete the test have conclude,0
8783,siren,"honolulu , hawaii",serephina the siren lt3,0
8784,siren,everywhere,lasiren thanks for join the foot . vvorm,0
8785,siren,,outdoor siren test 2pm the fgcu siren will be test at 2pm today . another message will be send when the test be conclude .,0
8786,siren,flipadelphia,soonermagic i mean I be a fan but i do not need a girl sound off like a damn siren,1
8787,siren,,i hate this damn milwaukee indyfest . all the car sound like a really long tornado siren go off and it wake me up from my nap,0
8788,siren,,any new game come soon breachgamingorg ?,0
8789,siren,the american wasteland mv,fevwarrior -with the screech siren accompany it just before he walk out .,0
8790,siren,"charlotte , nc",this cop seriously just turn on their siren to get through traffic and turn it right back off like what the fuck,0
8791,siren,high way 99,you know the music good when you hear the siren and you get chill,0
8793,siren,,reason i should have go to warp today tony play issue show up sleep w siren play attila be there issue issue issue,1
8795,siren,... -.- -.-,thu aug 06 2015 012032 gmt0000 utc millcityio 20150613 theramin siren,1
8797,siren,canada eh !,raychielovesu on the block we hear sirensamp story of kid get lemonade only to see their life get minute make . we talk semi pay,0
8799,siren,ohio,a segment of the vhs anthology series be get the feature film treatment ...,0
8800,siren,828 ? 864 ? 803,dangdaddy the siren be tell you to get ready to turn up ?,0
8801,siren,"nomad , usa",fuck sleep with siren .,0
8802,siren,theythem,my dad say i look thin than usual but really im over here like,1
8804,siren,great los angels beria,rapper stop sample police siren and start sample whale song . ?,0
8805,siren,,yay for siren,0
8806,siren,victoria mojo,to ouvindo sleep with siren awn,0
8808,siren,"denver , co",sirensicebreaker what be one fantasy work about a diverse heroine that you think everyone should read ?,0
8810,siren,"seattle , wa",kiro7seattle just saw a bomb squad car head north on elliott with siren on - any word on where they be head ?,1
8812,siren,theythem,' i know a dill pickle when i taste one ' -me,0
8815,siren,sydney,marketforce perth name winner of siren round 2 for ' iinet nbn buffer cat shark ' radio spot,0
8816,siren,hollywood,travelelixir any idea what be go on ? i hear no siren but this damn help be fly so low my apt be shake !,1
8817,siren,miami x dallas,let goooooooo,0
8823,siren,"hamburg , de",a new favorite midfield general disco siren house edm version son sooner by sonisoner on soundcloud,0
8825,siren,"nanaimo , bc , canada",photoset hakogaku ? i be a kurd . i be bear on a battlefield . raise on a battlefield . gunfire siren ...,1
8829,siren,,ik4len siren be cancel .,0
8830,siren,"decatur , ga",' if you look for my nigga you can follow the siren . ' ?,0
8831,siren,"los angle , ca",what be go on in hollywood ? abc7eyewitness abc7 helicopter and siren . hometownglory,0
8832,siren,az,connors granta damn siren i hope everyone be okay . dan howell can you please get murder on another street,1
8835,siren,crate - ce,gostei de um video youtube de christinartnd sleep with siren postcard and polaroid acoustic cover,0
8836,siren,philippine,a rocket to the moon ? sleep with siren ? a rocket to the moon ?,0
8837,siren,australia,marketforces cat shark win sirens round two radio news,0
8838,siren,,i add a video to a youtube playlist cher lloyd - siren,0
8839,siren,,sleep with siren vai vir pra sp,0
8840,siren,"ventura , ca",kyle be one of the last people i would expect to like sleep with siren .,0
8841,siren,,It be ' run from siren ' by ' half hour hotel ' halfhourhotel edgarsgift . ' premium promotion ' offer,0
8842,smoke,,what be wrong with just a lil smoke and good conversation ?,0
8843,smoke,,lifeaintfairkid if i do I would smoke you up broom !,0
8844,smoke,"arlington , tx",i barely smoke with people i solo all my blunts,0
8846,smoke,rio de janeiro,smoke whatever you get,0
8848,smoke,"medellin , antioquia",smoke the weed - snoop lion foot collie buddy,0
8850,smoke,,and all you girls that smoke ... have you notice that you start to lose lot of weight ? hmm do not know body want no thin girl tf,0
8851,smoke,,smoke with me baby and lay with me baby and laugh with me baby i just want the simple thing,0
8852,smoke,,im gon na get naked and smoke my cigarette someone call me redneck or be it just too hot in here,0
8853,smoke,browardcounty florida,smoke lot of weed like fuck kidney put a dutch in me,0
8854,smoke,,sidelinesavage what like a pipe make of peanut butter or a pipe you can smoke peanut butter out of ?,0
8855,smoke,,i want to smoke ?,0
8856,smoke,,in 2014 i will only smoke crack if i become a mayor . this include foursquare .,0
8857,smoke,"houston , tx",when you burp and smoke come out,0
8858,smoke,,if you be date someone who do not let you smoke leave them and date someone who also smoke . trust me . ?,0
8859,smoke,soufside,nigga sell weed just so they can smoke amp stay high . all nigga in the way ...,0
8860,smoke,,i wan na drink a little smoke a little,0
8862,smoke,,smoke ave street hottest youngins,0
8863,smoke,"dalton , hackney",pianohands you do not know because you do not smoke . the way to make taxi and bus come be to light a cigarette to smoke while you wait .,1
8864,smoke,,55436 1950 lionel train smoke locomotive with magne-traction instruction,0
8865,smoke,,sammysosita smoke a blunt amp get through it ... no more riggs for you .,0
8866,smoke,worldwide,i smoke toooooo much laugh my as off i be scar to text this number bck but now it all make sense laugh out loud,0
8869,smoke,atlanta,thetshirtkid I be trina smoke that motherfucker out,0
8871,smoke,,be trynna smoke tj out but he a hoe,0
8872,smoke,,billmccabe sky look clear ... no smoke from the fire . enjoy your time in tahoe . one of my favorite place !,1
8875,smoke,3.28.157.20.157.25.15,so do austin smoke too since he agree to that name or what ? laugh out loud no,0
8878,smoke,cigarknubgmail.com,smoke it all,0
8880,smoke,ktx,i get to smoke my shit in peace,1
8881,smoke,,if you wan na smoke pigs that be your own problem but when your breath smell like an old ash tray ... that be fuck disgust,0
8883,smoke,psa nursing,bremorrow neither of them even smoke so i dk what be go on laugh out loud,0
8885,smoke,"narnia , maryland",smoke eat sleep,0
8886,smoke,,i miss josie cause i wan na smoke splits and go to taco bell ?,0
8887,smoke,"winnipeg , mb , canada",mentaltwitter note make sure my smoke alarm battery be up to snuff at all time or face many twitter reminder of change my battery .,0
8888,smoke,indonesia,teamatowinner no ... i mean when be mind say that he do not smoke ? you mention it before ...,0
8890,smoke,"bronx , ny",i just wan na smoke some weed and get some comma,0
8892,snowstorm,"dallas , tx",' snowstorm ' 36'x36 ' oil on canvas 2009 art paint,0
8893,snowstorm,wakefield ma,manuel hop for an early buffalo snowstorm so his accuracy improve .,1
8896,snowstorm,,hi all this poem be call be the one about the snowstorm when we meet in space and that one time it rain . thx . ur watch disney chain,0
8899,snowstorm,new jersey,for some reason knock on someone 's door at 3am in a snowstorm while wear footed pajama be not the best way to get into their bathroom,0
8900,snowstorm,"huntington , wv",sorry-i build a fire by my desk already . rtirishirr mchapmanwsaz wsazbrittany kellyannwx ... please maintain that snowstorm today i learn i arrive .,0
8902,snowstorm,"south , usa",sassy city girl country hunk strand in smoky mountain snowstorm arms ibooklove bookboost,1
8903,snowstorm,manchester,grouponuk it will not let me a you do not follow me,0
8905,snowstorm,"hampshire , uk",new photo oak in a snowstorm take in winter on the southdown hampshire photography art tree treeporn,1
8906,snowstorm,"louisiana , usa",you be the snowstorm I be purify . the dark fairy tale in the pale moonlight .,0
8907,snowstorm,new york,mini lalaloopsy doll seed sunburst june seashore sweater snowstorm autumn spice - full re,0
8908,snowstorm,australia,habbo bring back game from the past . snowstorm . tic tac toe . battleship . fast food . matchwood .,1
8912,snowstorm,"south , usa",sassy city girl country hunk strand in smoky mountain snowstorm arms ibooklove bookboost,0
8913,snowstorm,,dirktrossen I have still get some of the snowstormhailstorm !,1
8914,snowstorm,london,can you list 5 reason why a london tubestrike be good than a snowstorm ? read here ...,0
8916,snowstorm,this be paradise . relax .,lordbrathwaite everyone here ahh i hate snow ! me laugh out loud you call this a snowstorm ... ? growingupincolorado,1
8920,snowstorm,deploy in the middle east,cacheadvance besides your nasty thunderstorm or snowstorm nah . can not say that i have .,0
8921,snowstorm,"brooklyn , ny",' cooler than freddie jackson sipping ' a milkshake in a snowstorm ',0
8923,snowstorm,"raleigh , nc",transportation panel show a video of a pileup of 18-wheelers in a snowstorm in wy . crash crash crash make it stop ! amssummer,1
8924,snowstorm,"south , usa",sassy city girl country hunk strand in smoky mountain snowstorm arms ibooklove bookboost,1
8926,snowstorm,,pyrbliss ah i remember those day . in a snowstorm too .,1
8927,snowstorm,teh internet,pick up a man in a bar be like a snowstorm you never know when he be come how many inch you will get or how long 'll he will stay .,0
8931,snowstorm,"neath , south wale",nowplaying last smoke before the snowstorm by benjamin francis leftwich - hopefully new album come soon ?,0
8933,snowstorm,mountain,new photo oak in a snowstorm on the southdown hampshire winter photography art tree treescape treeporn,0
8934,snowstorm,porthcawl,i like a youtube video boeing 737 takeoff in snowstorm . hd cockpit view atc audio - episode 18,1
8935,snowstorm,in the spirit world,photo mothernaturenetwork what be thundersnow ? hear thunder during a snowstorm be extremely uncommon ...,1
8936,snowstorm,western new york,lakeeffect snowstorm twill denim jacket all my proceeds for item with this design will go,1
8938,snowstorm,mpela'zwe,lrt refer to the lyric to hear big boi explain why he as cool a sipping a milkshake in a snowstorm ' lame bar but effective at the time,0
8939,snowstorm,"austin , tx",prablematicla adweek I be actually currently dress for a snowstorm ... despite be in the middle of a texas summer . thanks office ac .,1
8941,snowstorm,italy,snowstorm plan outside rome 's st mary major tonight - annual occasion artificial snow remember summer snow in 358 ad on same spot .,0
8942,storm,,finally a storm,0
8944,storm,,gamefeed warcraft 3-inspired mode likely hit hero of the storm let u go back to the beginning . videogame,0
8945,storm,"state college , pa",typhoon soudelor be capture in this incredible nasal photo on It be way to taiwan !,1
8946,storm,,so this storm just come out of no where . .fuck me it cool,1
8947,storm,somewhere only we know ?,omfg ... i just wake up again ...,0
8948,storm,,new on ebay uk star war storm trooper pop ! vinyl bobble head figure pop funky,0
8949,storm,"chicago , il",how to prepare your property for a storm,1
8952,storm,,kesabaran membuahkan hail indah papa seat teat ! life be not about wait for the storm to pass It be about learn to dance in the rain .,1
8953,storm,mind ya business,jenniferarri comeeeee ! ... but why be it about to storm though,1
8955,storm,normal,retweet tonyhsieh ' the person who dance with you in the rain will most likely walk with you in the storm . ' -anonymous,0
8956,storm,,the secret of the storm vortex the lightning catcher book .,0
8957,storm,,be it bad to say that I be kinda afraid of storm and we be in a storm ? help,1
8959,storm,"west palm beach , florida",look like a perfect storm-free evening come up . check out the outdoor happening feature at eventspalmbeach .,1
8961,storm,"atlanta , ga",crazy storm hit and I be trap inside a hobby lobby ama,1
8962,storm,philly,It be okay i welcome the rain . give you all the storm that you could weather .,0
8963,storm,,nike golf storm fit golf jacket black medium sportinggoods,0
8965,storm,mackem in bolton,every time i buy a bag for life i think I have get 3 day leave to live .,0
8966,storm,,what tropical storm ? guillermo by hawaiianpaddlesports,1
8967,storm,"wilmington , nc",new item pillow cover any size pillow cover grey pillow pillow premier print lulu storm grey by mypillowstudio,0
8968,storm,"john creek , ga",this storm ?,0
8969,storm,new delhi,johngreen storm and silence by robthieren,0
8970,storm,,a warcraft 3-inspired mode be likely come to hero of the storm,0
8971,storm,"raleigh , nc",the storm prediction center have expand the ' slight risk ' area to include more of central nc . twcnews ncwx,1
8972,storm,alberta,' calgarians stun by storm insurance company busy handle call ' abstorm,1
8973,storm,bossnation !,finn storm . fuck my back outta start hurt like a motherfucker ?,0
8974,storm,pittsboro,ready for this storm,1
8976,storm,"charlotte , nc",severe t-storm warning for union county 345pm . top threat include heavy rain lightning amp damaging wind .,1
8978,storm,nc or,ice cream cupcake war storm content sara,0
8979,storm,espaa - spain - espagne,nasahurricane ? eastern pacific full update satellite see formation of eastern pacific 's tropical storm hilda th,1
8980,storm,phantrash,the sky 's clear the storm have pass but It be still rain in my head,0
8983,storm,desert storm ? bc's,happy birthday lesleymariiee ? i miss you so much amp i hope you have a great birthday ! ?,0
8985,storm,"cleveland , oh - san diego , ca",nasal announce that a massive solar storm be head straight for u,1
8986,storm,"ottawa , ontario",my last two weather pic from the storm on august 2nd . people pack up real fast after the temp drop and wind pick up .,1
8987,storm,santiago de chile,dove - the storm great denier electric prom pt4,1
8989,storm,,today storm will pass let tomorrow light greet you with a kiss . bask in this loving warmth let your soul return to bliss .,1
8992,stretcher,camaqupelotas,somebody get the doctor I be feeling ' pretty poor . somebody get the stretcher before i hit the floor,0
8993,stretcher,,coachkeith44 hannomottola trpreston01 mlrydalch no but a stretcher would have be nice .,0
8994,stretcher,,free ebay snip rt ? lumbar extender back stretcher excellent condition ! ? please favorite amp share,0
8996,stretcher,taylor swift,stretcher invalid graze rexyy towel i see the programmed,0
8998,stretcher,oklahoma city,dan hughes be take off on a stretcher after danielle robinson collide ouwbball hope they be both ok he call some game over year,0
8999,stretcher,new york city,fern would appreciate if everyone in em could dust off their engineering degree amp inspect all stretcher component .,0
9000,stretcher,austinlos angels,stretcher bring out for vampire . cut to commercial be not a good sign . ultimalucha luchaunderground,0
9001,stretcher,florida,how to restore vinyl siding and make it look new again,0
9002,stretcher,taylor swift,stretcher rexyy invalid towel let u have baby ? !,0
9005,stretcher,u.s.a and canada,organic natural horn stretcher expander earring body jewelry with painting in tribal ...,0
9006,stretcher,in a crazy genius mind,no way ! a video for ' stretcher ' ? ! ofentsetsie,0
9007,stretcher,catena bookmark,new ! stretcher in 5 min by fujiwara shunichiro 2015-08-05 technology,0
9008,stretcher,,pllolz graze stretcher invalid witter towel still a lot,0
9009,stretcher,,how to freeze fruit and veggie,0
9012,stretcher,florida,homemade frozen yogurt pop ? have you have luck make them ?,0
9016,stretcher,,the ' 1pack 2pack 3pack ' line be on fleet if stretcher be fire .,0
9018,stretcher,,sweater stretcher,0
9020,stretcher,docker container,stretcher in 5 min speaker deck,0
9022,stretcher,,invalid graze towel stretcher pllolz witter i can not stop,0
9023,stretcher,"asheville , nc",i should have know good than to think I would get anything do after a 2 hour capoeira class . stretcher-bearer !,0
9025,stretcher,taylor swift,graze invalid stretcher rexyy towel ' ben favorite ',0
9026,stretcher,dmv,he be be put on a stretcher ? do not want to see that .,0
9027,stretcher,philly,lately i be stress make me wan na put a fuck nigga on a stretcher !,0
9028,stretcher,south africa eastern cape,mxaaaa south african just can not appreciate effort stretcher be not that bad stop hating,0
9029,stretcher,"amazon seller , propagandist",keep shape your shoe ? amazon foot adjust shape shoe mini shoe tree stretcher shaper width extender adjustable,1
9030,stretcher,?,stretcher in 5 min speaker deck,0
9031,stretcher,,lately I have be under pressure make me wan na put a fuck niqqa on a stretcher,0
9033,stretcher,,stretcher-bearer be soldier whose job be to follow behind the advance and bring the wounded back into their ...,0
9034,stretcher,njnynmnend,scary stuff in san antonio . star head coach dan hughes be run into on the sideline and fell over chair onto the floor . stretcher now out,1
9038,stretcher,florida,how to restore vinyl siding and make it look new again,0
9039,stretcher,,daretotaha nah but thinking of get a stretcher in my foreskin what you think ?,0
9040,stretcher,,stretcher witter rexyy towel show me a picture of it,1
9041,stretcher,3 ? 2 ?,stretcher in 5 min speaker deck,0
9042,structural20failure,"berlin , germany",1 ' investigator say a virgin galactic spaceship crash be cause by structural failure after the copilot unlock a braking system early ',1
9044,structural20failure,canada,space founder musk structural failure take down falcon 9,1
9045,structural20failure,"san francisco , ca",lisbon kidicalmassdc It be more of a structural breakdown . or maybe a patience failure on their part .,0
9047,structural20failure,,virgin galactic crash early unlocking of brake trigger structural failure,1
9051,structural20failure,,video virgin galactic crash brake blame investigator have say a virgin galactic spaceship crash be cause by structural failure,1
9052,structural20failure,"cimahi , west java , indonesia",investigator have say a virgin galactic spaceship crash be cause by structural failure after the copilot ...,1
9053,structural20failure,bukittinggi ? sumatra brat,investigator say a fatal virgin galactic spaceship crash last year be cause by structural failure after the ...,1
9054,structural20failure,asia,rightways build structural integrity amp failure problem inspection repair via rightwaystan,0
9055,structural20failure,,sirtitan45 mega mood swing on a 24 hour schedule . be not that how structural failure occur ?,0
9057,structural20failure,stateless global citizen,the result of failure in correct structural problem with west 's financial market collapse,1
9058,structural20failure,india,3. excessive engine failure rate significant maintenance constantly emerge structural defect . phew that be a lot i say .,0
9059,structural20failure,usa,virgin galactic crash early unlocking of brake trigger structural failure - irish examiner,1
9060,structural20failure,san francisco,clip top-down coercion - the structural weakness ensure government failure,0
9061,structural20failure,,investigator say a fatal virgin galactic spaceship crash last year be cause by structural failure after the co,1
9062,structural20failure,hilton region,we offer preventative service such a cabling and bracing to stop structural failure of your tree . call 905-877-8591 to book yours . ct,0
9064,structural20failure,asia,rightways build structural integrity amp failure inspection damage defect test repair via rightwaystan,1
9067,structural20failure,"los angels , calif .",ntsb virgin galactic 's spaceshiptwo crash due to structural failure when braking system unlock early via kpcc ap,1
9071,structural20failure,indonesia,investigator have say a virgin galactic spaceship crash be cause by structural failure after the copilot ...,1
9072,structural20failure,,investigator rule catastrophic structural failure result in 2014 ...,1
9074,structural20failure,bukittinggi ? sumatra brat,investigator have say a virgin galactic spaceship crash be cause by structural failure after the copilot ...,1
9075,structural20failure,,investigator have say a virgin galactic spaceship crash be cause by structural failure after the copilot unlock a braking system,1
9077,structural20failure,,sirtophamhat scynic1 nafeezahmed jeremyduns and of course you do not have to melt the steel in order to cause structural failure .,0
9078,structural20failure,"washington , d.c .",cap ' the drive act represent the failure of senate republican to address the structural shortfall plague the highway trust fund ',0
9079,structural20failure,,photo failure in structural integrity affect u all . whether it be a barn raise upon a faulty concrete ...,0
9080,structural20failure,warm heart of africa,sabcnewsroom sabotage ! i rule out structural failure,0
9081,structural20failure,"t 27.9136024 , -81.6078532",' catoinstitute the cause of federal failure be deeply structural and they will not be easily solve,0
9082,structural20failure,,slum be a manifestation state failure to provide housing to citizen . illegality discourse confound structural problem . stopevictions,1
9083,structural20failure,,investigator say a fatal virgin galactic spaceship crash last year be cause by structural failure after the ...,1
9084,structural20failure,"voters , sweden",whvholst leashless and this be a structural problem rather than just a failure of competence by traditional soc democratic party .,0
9085,structural20failure,reality,' jet fuel cant melt steel ' ' the structural failure be illogical ' ' the second plane crash into the building be fake ' ' it be a bomb ',1
9086,structural20failure,,investigator rule catastrophic structural failure result in 2014 ...,1
9087,structural20failure,,virgin galactic crash early unlocking of brake trigger structural failure the crash of a virgin galactic ...,1
9088,structural20failure,,investigator rule catastrophic structural failure result in 2014 virgo ... related article,1
9089,structural20failure,"chicago , il",ntsb virgin galactic crash cause by structural failure trigger when brake unlock early,1
9090,structural20failure,,investigator say a fatal virgin galactic spaceship crash last year be cause by structural failure after the copilot unlock a braking,1
9093,suicide20bomb,,foxnewsinsider all obama be do be give a false time schedule on iran test there first bomb bomb nuclear suicide vest,0
9094,suicide20bomb,roadside,if you ever think you run out of choice in life rembr there be that kid that have no choice but wear a suicide bomb vest,0
9095,suicide20bomb,nigeria,bestnaijamade 16yr old pkk suicide bomber who detonate bomb in ... bestnaijamade bestnaijamade bestnaijamade be,1
9096,suicide20bomb,"londonlagosfl t 6.6200132 ,",pic of 16yr old pkk suicide bomber who detonate bomb in turkey army trench release,1
9097,suicide20bomb,,pic of 16yr old pkk suicide bomber who detonate bomb in turkey army trench release,1
9098,suicide20bomb,nigeria,bestnaijamade 16yr old pkk suicide bomber who detonate bomb in ... bestnaijamade bestnaijamade bestnaijamade be,1
9099,suicide20bomb,,alfapedia it might have come out only too burst a a bomb make him suicide bomber,1
9100,suicide20bomb,lagos,pic of 16yr old pkk suicide bomber who detonate bomb in turkey army trench release,1
9101,suicide20bomb,nigeria,pic of 16yr old pkk suicide bomber who detonate bomb in turkey army trench release,1
9102,suicide20bomb,,... what ... pic of 16yr old pkk suicide bomber who detonate bomb in turkey army trench release,1
9103,suicide20bomb,the land of mass stupidity,look at the previous battle . citizen be commit suicide so to not be under american control . the bomb be the only way . nbcnews,1
9106,suicide20bomb,doritos land,she be a suicide bomb,0
9107,suicide20bomb,nigeria,bestnaijamade 16yr old pkk suicide bomber who detonate bomb in ... bestnaijamade bestnaijamade bestnaijamade be,1
9109,suicide20bomb,midi,pic of 16yr old pkk suicide bomber who detonate bomb in turkey army trench release,1
9110,suicide20bomb,email lovethterrygmail.com,see the 16yr old pkk suicide bomber who detonate bomb in turkey army trench via msoreo,1
9112,suicide20bomb,,... pic of 16yr old pkk suicide bomber who detonate bomb in turkey army trench release -,1
9113,suicide20bomb,nigeria,bestnaijamade 16yr old pkk suicide bomber who detonate bomb in ... bestnaijamade bestnaijamade bestnaijamade be,1
9114,suicide20bomb,nigeria,bestnaijamade 16yr old pkk suicide bomber who detonate bomb in ... bestnaijamade bestnaijamade bestnaijamade be,1
9116,suicide20bomb,,... pic of 16yr old pkk suicide bomber who detonate bomb in turkey army trench release -,1
9118,suicide20bomb,,recap pic of 16yr old pkk suicide bomber who detonate bomb in turkey army trench release,1
9119,suicide20bomb,homs syria,11 soldier kill in isi suicide bomb in air base east homs syria news haman alwsl - isi homs,1
9120,suicide20bomb,lagos . unilag,16yr old pkk suicide bomber who detonate bomb in turkey army trench release,1
9121,suicide20bomb,,16yr old pkk suicide bomber who detonate bomb in turkey army trench release,1
9123,suicide20bomb,do anybody see me here ?,16yr old pkk suicide bomber who detonate bomb in turkey army trench release,1
9124,suicide20bomb,worldwide,pic of 16yr old pkk suicide bomber who detonate bomb in turkey army trench release,1
9126,suicide20bomb,,wo pic of 16yr old pkk suicide bomber who detonate bomb in turkey army trench release ',1
9128,suicide20bomb,na waffi,pic of 16yr old pkk suicide bomber who detonate bomb in turkey army trench release,1
9130,suicide20bomb,,iraq - hash shaabi theft isi suicide car bomb isi,1
9131,suicide20bomb,,lull pic of 16yr old pkk suicide bomber who detonate bomb in turkey army trench release,1
9132,suicide20bomb,global,16yr old pkk suicide bomber who detonate bomb in turkey army trench release,1
9134,suicide20bomb,nigeria,grupdates pic of 16yr old pkk suicide bomber who detonate bomb in turkey army trench release -gt,1
9135,suicide20bomb,nigeria,bestnaijamade 16yr old pkk suicide bomber who detonate bomb in ... bestnaijamade bestnaijamade bestnaijamade be,1
9137,suicide20bomb,worldwide,? 19th day since 17-jul-2015 - nigeria suicide bomb attack kill 64 people blame book harm l.a. timesap,1
9139,suicide20bomb,nigeria,16yr old boy pic pkk suicide bomber who detonate bomb in turkey army trench,1
9141,suicide20bomb,worldwide,new post pic of 16yr old pkk suicide bomber who detonate bomb in turkey army trench release,1
9142,suicide20bomber,,suicide bomber kill 15 in saudi security site mosque mercado's,1
9143,suicide20bomber,,suicide bomber kill 13 at saudi mosque saudi tripoli libya,1
9144,suicide20bomber,,six people be kill thursday when a taliban suicide bomber detonate an explosives-rigged truck outside a police compound in eastern,1
9145,suicide20bomber,,isi claim responsibility for saudi mosque suicide bombing,1
9146,suicide20bomber,,suicide bomber kill 15 in saudi security site mosque,1
9148,suicide20bomber,,isi claim responsibility for saudi suicide bombing,1
9149,suicide20bomber,helsinki,islamic state claim suicide bomb at saudi arabian mosque ten member of emergency service ... via josephjett,1
9151,suicide20bomber,saudi arabia,saudiarabia 13 confirmed dead a suicide bomber attack saudi arabian mosque - the i ... -,1
9154,suicide20bomber,,suicide bomber kill 15 in saudi security site mosque - reuters canada reuters canadasuicide bomber kill 15 ...,1
9156,suicide20bomber,"garden city , ny",suicide bomber kill 15 in saudi security site mosque via reuters,1
9157,suicide20bomber,,news ' islamic state claim suicide bomb at saudi arabian mosque ',1
9159,suicide20bomber,worldwide,17 kill in arabia mosque suicide bomb a suicide bomber attack a mosque in seer southwestern saudi ...,1
9161,suicide20bomber,"19.600858 , -99.047821",mosque bomb strike saudi special force at least 15 people dead a suicide bomber strike a mosque i ... news,1
9162,suicide20bomber,united state,suicide bomber ' hit saudi mosque ',1
9164,suicide20bomber,,suicide bomber detonates in saudi arabia mosque 17 reportedly kill,1
9166,suicide20bomber,,suicide bomber kill 15 in saudi security site mosque - a suicide bomber kill at least 15 people in an attack on ...,1
9169,suicide20bomber,indonesia,suicide bomber kill 15 in saudi security site mosque - reuters,1
9171,suicide20bomber,,? ? ? ? suicide bomber kill 15 in saudi security site mosque - reuters,1
9172,suicide20bomber,,abubaraa1 suicide bomber target saudi mosque at least 13 dead - suicide bomber target saudi mosque at least 13 dead this be ridiculous,1
9173,suicide20bomber,,suicide bomber kill 15 in saudi security site mosque - reuters,1
9174,suicide20bomber,,dead ? ? ? suicide bomber kill 15 in saudi security site mosque - reuters,1
9175,suicide20bomber,africa,suicide bomber kill more than a dozen in saudi mosque saudi arabia have start experience some terrorist ...,1
9177,suicide20bomber,moscow,suicide bomber kill 13 at saudimosque,1
9179,suicide20bomber,,suicide bomber kill 15 in saudi security site mosque mercado's,1
9180,suicide20bomber,,be claim suicide bomb against saudi police an islamic state group suicide bomber on thursday detonate an ...,1
9181,suicide20bomber,,bbclaurak why be no one talk about the risk of a suicide bomber hide amongst the migrant stow aboard the eurotunnel train ?,1
9182,suicide20bomber,,i like a youtube video from noahj456 gta 5 - suicide sticky bomber gta 5 online funny moment,0
9183,suicide20bomber,"birmingham , united kingdom",be claim suicide bomb against saudi police riyadh afp - an islamic state group suicide bomber on thurs ...,1
9185,suicide20bomber,nigeria,suicide bomber kill more than a dozen in saudi mosque saudi arabia have start experience some terrorist ...,1
9187,suicide20bomber,,suicide bomber kill 15 in saudi security site mosque world news,1
9191,suicide20bomber,,? ? ? ? suicide bomber kill 15 in saudi security site mosque - reuters,1
9192,suicide20bombing,,i be teach at school in the 1970s that piracy slavery and suicide-bombing be purely historical . no one then expect them to reoccur,1
9193,suicide20bombing,,after a suicide bombing in sure that kill 32 people turkey launch airstrikes against isis and kurdistan worker ' party camp in iraq .,1
9194,suicide20bombing,australia,daisycuttertz grogparty tonyburke he be be have lesson in suicide bombing from his imam !,1
9195,suicide20bombing,"minority privilege , usa",sonofbobbob shimmyfab trickxie usually I would agree . once the whole chopping head off throw gay off rooftop amp suicide bomb start,1
9197,suicide20bombing,england,suicide bomb for da'esh be rightly despicable . suicide bomb for ocalan marxism ? they share ' our value ' .,1
9203,suicide20bombing,,lt 25 dead in kuwait mosque suicide bomb claim by isi offshoot on,1
9206,suicide20bombing,,suicide bombing be just the fear of die alone,1
9207,suicide20bombing,,' suicide bomb at location name ... ' premonition,1
9208,suicide20bombing,,jewhaditm it be almost amazing to think someone think suicide bomb would actually be a good idea .,1
9209,suicide20bombing,paris,13 security personnel kill in iraq suicide bombing,1
9210,suicide20bombing,usa,turkish troop kill in kurdish militant ' suicide attack ',1
9211,suicide20bombing,,remember rebecca yoga 40 of the philippine . murder by hamas terrorist in the suicide bombing of egg bus no . 361,1
9212,suicide20bombing,istanbul,infographic at least 20 turkish security official kill in pkk and isi terror attack since suruc suicide bombing,1
9215,suicide20bombing,,mali saadthe best police officer produce by kpdied in a suicide bombing on 27 jan 2007he be more than a brother to me . kppolice .,1
9216,suicide20bombing,chicago il,about to go suicide bomb,1
9217,suicide20bombing,,lt suicide bombing of european union car kill at least three in kabul on,1
9218,suicide20bombing,principality of zero,rayquazaerk there be christian terrorist to be sure but i do not suicide bombing be employ often a it be in islamic group .,1
9219,suicide20bombing,,turkish troop kill in kurdish militant ' suicide attack ',1
9220,suicide20bombing,usa,turkish troop kill in kurdish militant ' suicide attack ',1
9221,suicide20bombing,gcc,allege driver in kuwait attack ' join dash just a day before the june 26 suicide bomb ' he confess in court,1
9222,suicide20bombing,on a beach,hajihunter762 middleeasteye maybe some muzzles will spontaneously combust ! It be like allah suicide bomb them a payback ?,1
9223,suicide20bombing,belgium,the number of security official kill by pkk in terror attack since the suruc suicide bombing have reach 22,1
9225,suicide20bombing,,' suicide bomb at location name ... ' premonition,1
9226,suicide20bombing,australia,erdogan 's bloody gambit on july 20 a suicide bombing in turkey take the life of 31 socialist in sure shareaholic,1
9230,suicide20bombing,memphis,kurd suicide attack kill 2 turkish soldier,1
9231,suicide20bombing,earth,nbcpolitics russia and that back fire now 2015 look what happen 911bombing of marine barrack suicide bomber attack on world site,1
9232,suicide20bombing,,meek mill should join isi since he love suicide-bombing his career for no good reason,0
9233,suicide20bombing,lagos,imagine a school where suicide bombing be be teach the teacher would say to the student ... ' please pay ...,1
9235,suicide20bombing,usa,turkish troop kill in kurdish militant ' suicide attack ',1
9237,suicide20bombing,tokyo osaka,9 ' without the bombing you would have to do hara-kiri you know commit suicide ' . hiroshima 70 year ago .,1
9238,suicide20bombing,,remember mordecai yehuda friedman 24 of rama best shemesh murder by hamas terrorist in the suicide bombing of egg bus no . 361,1
9239,suicide20bombing,,remember marlene menahem 22 of moshav safsufa murder by hamas terrorist in the suicide bombing of egg bus no . 361,1
9240,suicide20bombing,,1 of the major reason of suicide bombing be the absence of sexual interaction .,1
9242,sunk,mainly california,why be not this warship sunk ? cnn first on cnn iranian warship point weapon at u.s. helicopter official say,1
9244,sunk,,literally just sink in we get backty school in exactly a week s s s,0
9246,sunk,18 509,i peep you fronting ' i be in the jeepsunk in the seat tint with heat beat bumping ' .,0
9247,sunk,,british diver neil anthony fear find dead by the wreck of a steamship - daily mail,1
9248,sunk,glasgow,near them on the sand half sink a shattered visage lie ...,1
9249,sunk,new york,aquarium ornament wreck sail boat sunk ship destroyer fish tank cave decor - full read,1
9250,sunk,,aphyr ive be follow you this long sunk cost fallacy or something,0
9251,sunk,,descend or sink however it may be to the shadow land beyond the crest of a striking cobra land harshly upon his back torch and,0
9252,sunk,bon temp louisiana,so if i capsize on your thigh high tide b-5 you sink my battleship gt,0
9253,sunk,,have not sink in that i leave for school in a month,0
9254,sunk,my house,it still have not sink in that i will never see my nan again how have it be 2 month already ?,0
9255,sunk,,japan fuss class battleship yamashiro naval cover 1999 photo cachet sunk wii,1
9257,sunk,beacon hill,' blaaaaaaa ' he say a he sink his face into your stomach make it vibrate resolutevanity,0
9259,sunk,derby,have not quite sunk in that i saw johnny marry and primal scream all in the space of a few hour on sunday,0
9260,sunk,"west coast , usa",codemew be you open regular or master pack ? rt so sunk1 mil credit into light side do not pulloneyou sure about those odds ?,0
9262,sunk,"gaborone , botswana",yup . still have not sink in . ?,0
9263,sunk,bracknell,saintrobinho86 someone have to be at the bottom of every league . tonight clearly demonstrate why the lion be where they be - sunk !,1
9264,sunk,"london , england",it still have not sink in that I have actually meet my idol ?,0
9265,sunk,get modern au liz,untameddirewolf ' i ... wow . alright . ' salsa shake her head and blink rapidly a the new information sunk in . ' i really do not know what,0
9266,sunk,"cardiff , wale",benaffleck i respect you and like you for your talent . i guess i still do but a a human be you have sink low mr.affleck !,0
9267,sunk,,once upon a time the fact that i decide to go to university 7 hour away actually sink in,0
9268,sunk,nairobi kenya,arrestpastornganga it so worrying 2 see how some police officer in kenya have sink to low to the point of collaborate with pick pocket,0
9269,sunk,,time4mesews i know ! it still have not quite sunk in d,0
9270,sunk,in your mind,the feeling of loneliness have sink into me strange depress feeling .,0
9271,sunk,,we may be just a week away from school but i do not think the idea of me be a senior have really sink in yet,0
9272,sunk,virginia,im get a car wow it have not sink in,0
9273,sunk,essex,football be back this weekend it just sink in ?,0
9275,sunk,oxford,one direction be take a break after this next album . my heart have sink it hurt and I be very upset . they deserve a break . my heart hurt,0
9276,sunk,new york,aquarium ornament wreck sail boat sunk ship destroyer fish tank cave decor - full read,1
9277,sunk,wisconsin,the court reputation and prestige have sink ever low and prosper who have serve on the court since 1998 have ...,0
9278,sunk,new york city,lilt his lip a he sink into the bed his arm cross behind his head a he watch his captain do a number on his body . resoluteshield,0
9280,sunk,,shekhargupta mihirssharma high time tv channel realize what level they have sink for trp and ads.it have become a mockery,0
9281,sunk,gloucester,bonhomme37 would not that have sink the sub ?,0
9283,sunk,"san jose , ca",it like i never leave . i just sunk to the background,0
9286,sunk,i beg vine sorry,unrealtouch fuck sake john jesus my heart just sunk .,1
9287,sunk,,silverstar58200 i felt bad for romero . he care but mental stuff sink his career . i worry same thing will happen to hutch . bluejays,0
9288,sunk,,everything have sink in except the fact that i be actually move to the state of colorado tomorrow . be dream of it since i be a kid . ?,0
9289,sunk,"ashburn , va",damn there be really no mlk center that have not sink in yet,0
9290,sunk,,the seven sea - wreck of the giannis d. sunk after hit a submerged reef in the,1
9292,survive,toledo,hank williams jr. - ' country boy can survive ' official music video via youtube,0
9293,survive,"semarang , indonesia",parental experience may help coral offspring survive climate change precondition adult coral to increase ...,0
9294,survive,,lucypalladino and i do not have any class together and I be not sure if I will be able to survive,0
9296,survive,,i have my final tomorrow ? . ish be stressful but I will survive,0
9297,survive,united state,ahh forget my headphone how be i suppose to survive a day without music ayhhhhhdjjfjrjjrdjjeks,0
9298,survive,lincoln city oregon,10 way to survive and escape martial law world,0
9300,survive,,how to survive in the market oil invest money trading fore gold silver business,0
9301,survive,,so much shit have happen today what the fuck i do not know how i survive thruuu it all,1
9303,survive,"fountain city , in",end today 's staff meeting with the teacher version of ' i will survive ' tootrue,0
9307,survive,"gaffney , sc",how will i survive without dorian,0
9308,survive,,if i survive tonight . i would not change one thing . ?,0
9309,survive,,3 thing all affiliate marketer need to survive online - every affiliate marketer be always ...,0
9311,survive,"? , texas",do not make fun of them for try to survive in such a racist elitist country,0
9313,survive,united state,we learn and grow and become strong a we face and survive the trial through which we must pass . thomassmonson lds mormon,0
9314,survive,,a country him can survive !,1
9315,survive,"camberwell , melbourne",i will survive by gloria gaynor with oktaviana devi,1
9317,survive,kansas,escape her captor be the 1st step . now she must survive a deadly storm amp a wild-looking recluse . betray book,1
9319,survive,ava,in a dream you saw a way to survive and you be full of joy .,0
9320,survive,,16 stylishly unique house that might help you survive the zombie apocalypse,0
9321,survive,njny,It be go on three year that we have be separate . sometimes you have to let a man know you will leave him . amp that you can survive without,0
9322,survive,barbados,now realize i honestly can not survive without these glass now laugh out loud,0
9324,survive,back east in pa,help me survive the zombie apocalypse at the zombie fun run on november 15th . teamsurvivors zombiefunrun2014,0
9325,survive,? icon by hashiren3 ?,mochichiiiii hikagezero It be impossible for me too ww like i can not survive a day without meat wew,0
9329,survive,everywhere,survive ?,0
9330,survive,gotham city,you can not fight fate and you can not survive alone ... i can not help but notice that almost seem like a definition of who i be ...,0
9332,survive,,ddnewslive nitishkumar and arvindkejriwal can not survive without refer narendramodi . without mister mode they be big zero,0
9333,survive,,adriennetomah how do people survive like that ? !,0
9334,survive,trap in my conscience,like it affect every level of life you be expect me to buy everything and still survive with my limited pocket money,0
9337,survive,,autoinsurance industry clueless on driverless car healthinsurance,1
9338,survive,death star,if i survive I will see you tomorrow,0
9339,survive,,autoinsurance industry clueless on driverlesscars market money time,0
9341,survive,,suicide of a superpower will america survive to 2025 ? by patrick j. buchanan ...,0
9342,survive,london,survive another tube strike with the last person at office reach home . we be get good at navigating strike !,0
9343,survive,,update i survive . no canoe . may have be the fast feed out in history though .,1
9344,survive,,thedailyshow mahalo nui loa for make my 20 . my generation could not have survive the w. bush year without you . jonvoyage holomua,0
9345,survive,"texas , usa",thoutaylorbrown i feel like accident be just draw to you but I be happy you have survive all of them . hope you be okay !,0
9346,survive,"brentwood , tn",even when i be a kid hah super late but folk use to bash me for that shit i understand he survive cancer but he still cheat,0
9347,survive,auburn,taaylordarr thank you ! i survive ?,0
9348,survive,new york city,meet the man who survive both hiroshima and nagasaki,1
9350,survive,"harlem , ny or chocolate city",electricity cant stop scofield . nigga survive a hotbox in son,0
9351,survive,"mumbai , maharashtra",It be a miracle that mankind survive 70 year since one of the bad day in it history . all bet be off if it will survive the next 70 .,1
9355,survive,?,thesmallclark ' he 'll kill me instead if he survive the shot . i do not exactly know . i flee the scene and pull the trigger with,1
9360,survive,,not even the berlin wall survive the 80 's i doubt they will ever be a generation like the 80 's chubychux ...,0
9361,survive,"washington , usa",rjkrraj karnakarank vimvith whether pressure or not non wud not survive even if thalapathi do not release,1
9362,survive,,not one character in the final destination series have ever survive ?,0
9363,survive,,michael5sos fuck live here im surprised ive survive this long,0
9365,survive,polmont,just burst out in actual tear of joy when cain survive summerfate emmerdale,0
9367,survive,"port harcourt , nigeria",nigerian boxer ? who survive session with klitschko becomes famous on youtube,0
9368,survive,"predjama , slovenia .",such a lonely day and It be mine It be a day that I be glad i survive ... ?,0
9371,survive,pakistan,how would i have survive without the mute option on whatsapp !,0
9372,survive,tn,the ' twin ' survive their first day of high school ! they be gon na have a great year ! makinmemories 2015,0
9373,survive,,well me and dad survive my driving ?,0
9374,survive,,by the grace of god i survive the 2am shift and im not that tire .,0
9375,survive,south asia,' plant 390 year ago ' it be move to u-s. this bonsai survive hiroshima but it story be nearly lose via natgeo,1
9376,survive,,only one man tsutomi yamaguchi be say to have survive both atomic bomb blast at hiroshima and nagasaki . otd,1
9377,survive,read a romance novel,i survive a 12-step program for sex addiction -,0
9378,survive,glasgow,today your life could change forever - chronicillness can not be avoid - it can be survive join mylifestory gtgtgt,0
9380,survive,bulgaria,cute amp all living ' the life then you zoom in on one 's face and you have a meme ready ' i 've see the gate of hell and survive ',0
9382,survive,u.k .,well say sir . my cousin be a pow . brutally treat . survive but never talk about it . the bombing be justified,1
9384,survive,scotland,pixeljanosz angelheartnight i remember now . there be a british man who survive both also . can not remember his name though .,0
9385,survive,,retweet thr ' rt thrarchives 1928 when leo the mgm lion survive a plane crash tbt,1
9386,survive,puerto rico,duchovbutt starbuckscully madmakny davidduchovny yeah we survive 9 season and 2 movie . let u hope for the good . there be hope ?,0
9387,survive,,there be people who plot against me that be still wonder how i survive,0
9388,survive,"austin , tx",survive spanish ! sweet ritual,0
9391,survive,,bbcwomanshour setsuko thurlow survive the hiroshima bomb . this be her story,1
9393,survivor,australia-southafrica-cambodia,the café run by acid attack survivor in india,1
9395,survivor,,die with debt can be costly for survivor,0
9396,survivor,,hiroshima survivor fight nuclear industry in brazil ? video,1
9397,survivor,,tricycle toddler atomic bomb in a fraction of a second our decision change the landscape of humanity .,1
9401,survivor,port williams ns,patient-reported outcome in long-term survivor of metastatic colorectal cancer - british journal of surgery,1
9402,survivor,,dear pots in the name of humanity apologize to hiroshima survivors.r you ready to do so ? japan nuclearweapons,1
9403,survivor,,coppednews haunt memory draw by survivor,1
9404,survivor,"chicago , il",retweet kotowsa south sudan war on woman survivor say rape have become ' just a normal thing ',1
9405,survivor,"dallas , tx",haunt memory draw by survivor,1
9406,survivor,"so paul , brasil",hiroshima survivor fight nuclear industry in brazil video,1
9408,survivor,,survivor remorse be good,0
9410,survivor,,worldnews fear over miss migrant in med - british broadcasting corporation news - home rescuer search for survivor after a boat carr ...,1
9411,survivor,,mithitennis crackedgem which be why i want her to be good - which mean death await her . most of u be not hero we be survivor,0
9414,survivor,world,4 those who care about sibling abuse survivor join the new family tree,0
9416,survivor,stowmarket,break news haunting memory draw by survivor,1
9417,survivor,"philadelphia , pennsylvania",molecularly target cancer therapy for his lungcancer give rocky his life back .,0
9418,survivor,texas,violator of the new improve reedit will be shoot into the sun . survivor will be hurl into a black hole and then nuke .,0
9420,survivor,"lake monticello , va",a anniversary nears atomic bomb survivor speak out against nuclear power -,1
9421,survivor,sao paul,hiroshima survivor fight nuclear industry in brazil video,1
9422,survivor,upstairs .,the second part which focus on the survivor be really difficult to watch but at the same time be really powerful .,1
9425,survivor,"wv , love the blue and gold",arovolturi3000 survive because of magic she be search the wood for survivor outside of london,1
9430,survivor,"berlin , ny , dc , malibu",fedporn i feel your pain . survivor will look back on this period a most absurd in human history . satire indistinguishable from reality .,1
9431,survivor,,faceless body belong to my sister hiroshima nagasaki nuke survivor recall horror 70 year on retweet news,1
9432,survivor,shanghai,survivor of shanghai ghetto reunite after 70 year - shanghai china ?,0
9434,survivor,upstairs .,people with netflix there be a really good documentary about hiroshima narrate by john hurt . 2 partner that interview pilot survivor .,0
9435,survivor,anywhere safe,lawfulsurvivor t-dog have be hole up in an apartment store with several other survivor glenn morale andrea jacque and merle.-,1
9436,survivor,"marietta , ga",stem from my cubs talk the team rosters 2 cancer survivor in arizzo44 amp jlester34 ... cub fan help another,1
9438,survivor,,haunt memory draw by survivor,1
9439,survivor,numenor,haley lu richardson fight for water in the last survivor review,0
9441,survivor,,remembrance hiroshima,1
9445,terrorism,,truth ... news bbc cnn islam truth god isi terrorism duran lie,0
9446,terrorism,everywhere,news786-uk islamist cleric anjem choudary charge under terrorism act,1
9448,terrorism,,robpulsenews huyovoetripolye phillips should be charge for assist terrorism . ldnr-terrorists ' organization .,1
9449,terrorism,,truth ... news bbc cnn islam truth god isi terrorism duran lie,1
9450,terrorism,usa,preacher face uk terrorism charge,1
9451,terrorism,"salt lake city , ut",woman sneak into airplane cockpit terrorism not suspect,1
9452,terrorism,"winston-salem , nc",nc senate follow house on legal action on terrorism damage - winston,1
9453,terrorism,,politics democracy hatred for hate dawabsha threaten to erode israeli democracy . homegrown terrorism ha ...,1
9454,terrorism,,truth ... news bbc cnn islam truth god isi terrorism duran lie,0
9455,terrorism,earth 0,omega men writer explore terrorism religion in an ' epic kyle rayner story ' via newsarama,0
9456,terrorism,"new jersey , usa",cross-border terrorism pakistan catch red-handed again,1
9457,terrorism,,ctd arrest three vital criminal from orange karachi counter-terrorism department ctd of the sind police ...,1
9458,terrorism,"lancaster , ca",still domestic terrorism,1
9460,terrorism,,diretube information egypt cyprus and greece agree to fightterrorism,1
9463,terrorism,,do this apply to muslimsterrorism ? or catholicismhomophobia ?,0
9465,terrorism,melbourne,perspective on terrorism - understanding jihad proto-states,1
9466,terrorism,,dhs refuse to call chattanooga islamic terrorism out of respect for muslim ... via post,1
9467,terrorism,,pakistan 's supreme court rule to allow military trial for suspect in terrorism case,1
9468,terrorism,planet earth,domestic terrorism . no ifs and or buts about it . you create this gop,0
9469,terrorism,"preston , va , usa",a good piece on israeli incitement and jewish terrorism by beinart,1
9470,terrorism,jeddahsaudi arabia .,in islam save a person be equal in reward to save all human ! islam be the opposite of terrorism !,0
9471,terrorism,"tampa , fl",omega men writer explore terrorism religion in an ' epic kyle rayner story ' newsarama,0
9472,terrorism,riyadh,in islam save a person be equal in reward to save all human ! islam be the opposite of terrorism !,1
9474,terrorism,"toronto , ontario",adamnibloe arrest report affiliation with terrorism,1
9480,terrorism,,truth ... news bbc cnn islam truth god isi terrorism duran lie,1
9481,terrorism,,really can not condemn an entire group base on the action of a few ... a heartwarming unity against terrorism ...,1
9482,terrorism,,truth ... news bbc cnn islam truth god isi terrorism duran lie,1
9484,terrorism,,kurtschlichter he be already do it by negotiate with the 1 state of terrorism in the world . what be his hurry in try to get a deal,1
9485,terrorism,,article in saudi press reject russian initiative for regional alliance with assad regime to fight terrorism,0
9486,terrorism,,truth ... news bbc cnn islam truth god isi terrorism duran lie,0
9488,terrorism,,pakistan supreme court endorse military court for terrorism case,1
9489,terrorism,,online homeland security an appraisal of pakistan antiterrorism act,0
9490,terrorism,,truth ... news bbc cnn islam truth god isi terrorism duran lie,1
9491,terrorism,"bangalore city , india",cross-border terrorism pakistan catch red-handed again - the time of india,1
9492,terrorist,,captured terrorist saved not register a our citizen pakistan,1
9493,terrorist,iraqafghanistan rsa baghdad,natural lubrication ! metrofmtalk,0
9495,terrorist,peshawar pakistan,officialmqm you be terrorist,0
9496,terrorist,,sign a petition to seek mercy on a death punishment for a convicted terrorist be a job well do in india . but ask a foreign govt 1n,1
9499,terrorist,,heres how medium in pakistan cover the capture of terrorist mohammed saved,1
9500,terrorist,world,update on pulwama encounter that begin early today 2nd terrorist kill by security force . security force ...,1
9501,terrorist,,heres how medium in pakistan cover the capture of terrorist mohammed saved,0
9502,terrorist,,fresh encounter in pulwama of jampampk one terrorist kill others hole up inside a house,1
9503,terrorist,best el - israel,' the terrorist try to get out of the car i shoot him ',1
9504,terrorist,,me pull over and fight the hoe that call zany a terrorist,1
9505,terrorist,"new delhi , india",udhampur terror attack nia take over probe pakistani terrorist quizzed pak denies link election achedin,1
9507,terrorist,,narendramodi bjpsamvad hiroshima be now beautiful on the ash of the old . so could be a terrorist pakistan .,1
9508,terrorist,iraqafghanistan rsa baghdad,seek help warta metrofmtalk,0
9509,terrorist,"sanganer , rajasthan",rahulkanwal why jammy be soft target for terrorist,1
9510,terrorist,loading ...,anyone miss their license plate ? two stolen one find on terrorist 's car ...,1
9511,terrorist,chennai,pakistan disown kasai now disown saved state of denial ? saved the terrorist capture alive after an,1
9513,terrorist,"bilaspur , chhattisgarh,495001",the pak terrorist who have be catch alive must be try fast not delay a kasabwe must send very hard message to pak instead of biryani,1
9519,terrorist,niall 's arm,shipsxanchors idea how be there people who actually think he be a terrorist,0
9520,terrorist,canada,you may know me from such role a terrorist 4,0
9522,terrorist,proudly south african,swiftycommissh taoistinsight immortaltech some jewish people agree tht israel be a bully nd a terrorist state killing palestine kid nd woman,1
9524,terrorist,,barackobama senator john mccain whoops moment photograph chill with isi acrilan,0
9525,terrorist,mad a hell,retweet abbswinston zionist terrorist demolish tire repair shop structure in bethlehem,1
9526,terrorist,,three israeli soldier wound in west bank terrorist attack - haaretz,1
9529,terrorist,,three israeli soldier wound in west bank terrorist attack via rworldnews,1
9531,terrorist,mad a hell,retweet abbswinston zionist terrorist kidnap 15 palestinian in overnight terror on palestinian village,1
9533,terrorist,? ? ?,udhampuragain 2 terrorist shot dead ... udhampur,1
9537,terrorist,florida,lovemywife1983 foxnews like shedid on 911 4the public fact i be not a journalist the bush 's washard on stop more than just terrorist,1
9538,terrorist,charleston s.c .,be not it ironic that on the anniversary of hiroshima our current president be help a terrorist nation acquire nuclear weapon . traitor,1
9539,terrorist,mad a hell,retweet abbswinston zionist terrorist kidnap 15 palestinian in overnight terror on palestinian village,1
9540,terrorist,,three israeli soldier wound in west bank terrorist attack via rworldnews,1
9541,terrorist,iraqafghanistan rsa baghdad,do not say alipaper woman get problem this keepingtheviginaclean thing be very interesting n less expensive metrofmtalk ',0
9542,threat,everywhere,build and share your own custom application all within threatconnect with tc exchange infosec fir threatintel,0
9547,threat,,be this the end of australian best burger ? via newscomauhq,0
9548,threat,hyrule,kinggerudo to the large goblin 's he would leave the big one for red and fire . with one strike already the threat be reduce -gt,0
9550,threat,front row at a show,white american be the big threat in the world . duh,0
9551,threat,"ohio , usa",the few i warn about ... be just a i expect ... they be a threat to his soul,0
9552,threat,"london , uk",generational british schism over privacy threat of drone drone privacy,0
9553,threat,"arlington , va",get access to the most extensive source of threat information right out of the box . then easily add your own internal intelligence . brusa,0
9554,threat,god.family.money,if a nigga be a threat then that boy ah be thru ?,0
9555,threat,everywhere,purple heart vet find jihad threat on his car at mall all of you islamaphobe vet ...,0
9556,threat,"kwajaleinvirginiadayton , oh",dmassa5 definite triple crown threat . him and harper both .,1
9557,threat,"bean , lagena",meek mill respond to drakes ovo fest set with wedgie threat,1
9559,thunder,"enfield , uk",illusoria icarus nowplaying check out,0
9562,thunder,"atlanta , ga",be i hearing thunder or truck ?,0
9563,thunder,"south carolina , usa",the bad part be see lightning and try to guess when the thunder will crack,0
9564,thunder,,this thunder be beautiful,0
9565,thunder,"enfield , uk",playingnow bloodhound seven angel medium stream,0
9566,thunder,"decatur , ga",kristyleemusic bring her alabama thunder back to the attic september 26 ! ticket,0
9567,thunder,,devinjoslyn thunder and lighting ?,0
9568,thunder,london,okay maybe not as extreme a thunder and lightning but pretty much all other type ! fifa16,0
9569,thunder,"atlanta , georgia usa",atlevents and thunder -o,0
9571,thunder,gander nf,random wind gust just come through gander . probably some convection outflow . have not hear any thunder yet but a few spit of rain nlwx,1
9572,thunder,"leeds , england",lightumupbeast never watch pres think hes a dick like thunder though,0
9574,thunder,,originalfunko spencer thunder buddy ! thunder buddy !,1
9575,thunder,,originalfunko spencer thunder buddy !,0
9576,thunder,"new york , usa",waldo thunder 12u cooperstown dream park 2015 dedicate to joestrong gokitgo,0
9577,thunder,,the one thing i like about here be thunder ... heheh,0
9579,thunder,nowhere,super loud thunder wake me up from my very nice nap,0
9580,thunder,,heavy rain frequent thunder and gusty wind move into part of uptown and midtown . - cn,1
9581,thunder,,ebay snipe rt ? lego power miner set 8960 thunder driller boxed . ? please favorite amp share,0
9582,thunder,,thunder lighten torrential rain and a power cut !,1
9583,thunder,,this be relax ! thunder soothmyslumber watermeloann populardemand with soak ... vine by thewebbeffect19,0
9585,thunder,"palm desert , ca",the flash and the thunder by wc quick on amazon kindle and soon in print at amazon book via create ... via weekly,0
9586,thunder,,the thunder shake my house wake my sister and make car alarm go off ?,1
9589,thunder,,i hear lighten and see thunder,1
9590,thunder,,i be over here dream peacefully then that loud as thunder want to scare me . ?,1
9591,thunder,,my brother be cry cause the thunder laugh my as off,0
9592,thunder,,that be the l9udest thunder I have ever hear,0
9593,thunder,"palma , silas baleares",asimtanvir nemesiskpes kevr7 snow ? thunder and lightning ?,1
9594,thunder,,thunder be legit,0
9595,thunder,?,oh shit it rly sheeting aaaaaand there be the thunder and lightning i miss summer storm,1
9596,thunder,indiland,my mama scar of the thunder ?,0
9597,thunder,"accra , ghana",please please you get ta listen to leonalewis essenceofme and thunder It be major she be back ?,0
9598,thunder,baydestrian,suddenly It be off amp on gloomy amp thunder so loud it shake the window ? not ever on the bay area . miss me that laugh out loud,1
9600,thunder,"macon , ga",thunder outside my house this afternoon gawk ?,1
9602,thunder,,l b oklahoma thunder durant nba adidas oklahoma city thunder youth large swingman jersey retail 75 nba durant,0
9603,thunder,,do i just hear thunder ? ?,0
9605,thunder,,thunder ?,0
9606,thunder,,i love the sound of thunder rumble across the mountain .,0
9607,thunder,gamertag bexrayandvav,haydnexists so glad i save them all at once then didn't want you steal my thunder p,1
9608,thunderstorm,"tulsa , oklahoma",severe thunderstorm warning for oklahoma county until 1030pm . radar here okwx,1
9609,thunderstorm,,nigga play in the thunderstorm ... ' hope the lord bless em ' ?,1
9610,thunderstorm,,advice from noah don't go run in a thunderstorm,0
9611,thunderstorm,jupiter,usnwsgov special weather statement issue august 05 at 1040pm edt by nw ... strong thunderstorm will impact ...,1
9612,thunderstorm,,severe thunderstorm warn issue august 05 at 931pm cdt until august 05 at 1015pm cdt by nw,1
9613,thunderstorm,united state,oun cancel severe thunderstorm warning for lincoln logan oklahoma ok wx,1
9616,thunderstorm,jupiter,usnwsgov severe weather statement issue august 05 at 1038pm edt by nw ... the severe thunderstorm warning ...,1
9617,thunderstorm,usa,museawayfic beenghosting xylodemon ok ok what if i make the close quarter an abandon cabin in the wood in a thunderstorm,1
9618,thunderstorm,,rachelrofe tire it ' 536 be . wake up to a thunderstorm lightning and rain . how be you ?,0
9619,thunderstorm,sydney,beautiful lightning a see from plane window,0
9620,thunderstorm,"el dorado , arkansas",nw have continue a severe thunderstorm warn for oklahoma-ok until 1030 prime minister,1
9625,thunderstorm,east coast,the national weather service in little rock have issue a severe thunderstorm warning for ... van burn county in,1
9627,thunderstorm,"asheville , nc",ins alert spsgsp from 852015 1040 prime minister to 1115 prime minister edt for sickens county strong thunderstorm will impact ...,1
9629,thunderstorm,"oklahoma city , ok",severe thunderstorm warning have be cancel in central oklahoma . still expect 50 mile per hour wind penny size hail,1
9632,thunderstorm,worldwide,condition for paris fr at 400 be c current condition fair 68 forecast thu - sunny . high 87 low 61 fri - prime minister thunderstorm ...,0
9634,thunderstorm,73101,severe weather statement issue august 05 at 933pm cdt by nw ... the severe thunderstorm warn ... skyward okwx,1
9636,thunderstorm,,severe thunderstorm warn include russellville ar clarksville ar dardanelles ar until 1015 prime minister cdt,1
9638,thunderstorm,,retweet livingsafely nws post severe thunderstorm warning for part of ar nc ok. seek strong shelter if at risk,1
9639,thunderstorm,oklahoma city,severe thunderstorm warning for oklahoma county until 1030pm . okwx,1
9640,thunderstorm,,fall asleep to the sound to thousand of river plate fan in the stadium and a thunderstorm . vivaargentina,0
9642,thunderstorm,south carolina,strong thunderstorm 4 mile east of sickens move ne at 20 mph . pea size hail and wind gust up to 40 mph ... scwx,1
9643,thunderstorm,"tornado alley , usa",severe thunderstorm warning for oklahoma county in ok until 1030pm cdt . okwx,1
9644,thunderstorm,,oun continue severe thunderstorm warning for oklahoma ok till 1030 prime minister cdt,1
9645,thunderstorm,"nicola park , ok",severe thunderstorm warn include midwest city ok del city ok choctaw ok until 1030 prime minister cdt,1
9646,thunderstorm,"memphis , tn",severe thunderstorm picture from across the mid-south,1
9650,thunderstorm,"lethbridge , alberta , canada",high priority severe thunderstorm watch end issue for lethbridge update aug 05th 2029 mdt,1
9651,thunderstorm,,a strong thunderstorm will affect central halifax county through 1145 prime minister edt for halifax va till 1145 prime minister edt,1
9652,thunderstorm,helsinki,thunderstorm in helsinki thunder lightning lightningstrike thunderstorm nature helsinki,1
9653,thunderstorm,killafornia make me,935 pm . thunderstorm . no rain . 90 degree . this weather weird .,1
9654,thunderstorm,"lethbridge , ab , canada",wed 2030 mainly cloudy . 60 percent chance of shower this evening with risk of a thunderstorm . low 10 .,0
9655,thunderstorm,"el dorado , arkansas",nw have issue a severe thunderstorm warn for oklahoma-ok until 1030 prime minister,1
9656,thunderstorm,nc,i need a thunderstorm please !,0
9657,thunderstorm,,usnwsgov severe weather statement issue august 05 at 1038pm edt by nw ... the severe thunderstorm warning ...,1
9659,tornado,god be love .,my room look like a tornado pass through it and my ocd be not have it .,0
9660,tornado,cognitive dissonance town,soonergrunt well than tornado !,0
9661,tornado,i o w a,brrookkllyynnr come through like a tornado and destroy me . such beautiful word,0
9663,tornado,"gurgaon , haryana .",tornadogiveaway thebookclub join in !,0
9664,tornado,wherever I be sent,ticklemeshawn evebrigid I will bet i do,0
9665,tornado,,lily xo be a sexy cowgirl out in the stick view and download video,0
9666,tornado,,blonde teen courtney launder tease in her panty view and download video,0
9667,tornado,austin,73rd good water ski national championship will go on as plan next week event with damage from a tornado on mon,1
9669,tornado,midwest,ar severe thunderstorm warn issue august 05 at 912pm cdt until august 05 at 945pm cdt by nws arwx,1
9670,tornado,canada,second tornado confirm in sunday storm,1
9672,tornado,,dakota skye get horny with some porn then get her juicy pussy pound view and download video,0
9673,tornado,midwest,ok severe thunderstorm warn issue august 05 at 829pm cdt until august 05 at 915pm cdt by nws okwx,1
9674,tornado,"asheville , nc",i like a youtube video lei belle for oklahoma tornado victim,1
9675,tornado,"fort knox , ky 40121",sakhalintribune calgary area tornado warning end a thunderstorm move eastward,1
9678,tornado,los angels,guy he can run so fast he create a tornado without break a sweat . he make superman look like a slowpoke . he can be a poc .,0
9680,tornado,california,I be a tornado look for a soul to take,0
9681,tornado,toronto,environment canada confirm 2nd tornado touch down last weekend,1
9683,tornado,"san antonio , tx",pizza and beer in a tornado in austin . windy af right now,1
9684,tornado,providence ri lisnaskea,still can not get over the thunderstormtornado we be wake up to yesterday . half the street be still in the dark !,1
9686,tornado,"dindigul , tamilnadu .",kunalkapoor photo of the day storm chaser photography pod,1
9687,tornado,,heather night and ava sparxxx enjoy a wild teen threesome view and download video,0
9688,tornado,,brunette beauty night a stretch out on a victorian sofa view and download video,0
9690,tornado,,rebelmage2 I be glad you get away xd but my ' be safe ' be in reference to a tornado near calgary and drum heller at around 4 o,1
9691,tornado,,marley bring give a striptease and then spread her leg for a pussy pounding view and download video,0
9695,tornado,,weak but distinct rotation fully condense near villa ridge mo today near mcv center . a ' sub-tornado ? ' video,1
9697,tornado,,ayshuntornado then do not,0
9698,tornado,,brunette teen giselle locke tease at home view and download video,0
9699,tornado,canada,calgary area tornado warning end a thunderstorm move eastward - cbc.ca cbc.ca calgary area tornado warning end,1
9701,tornado,khartoum sudan,a tornado flew around my room before you come,0
9702,tornado,naperville,illinois tornado slip under the radar emergency official say,1
9703,tornado,,maybe that be what happen when a tornado meet a volcano,1
9704,tornado,,i feel like a tornado,1
9705,tornado,,toocodtodd hey wyattb23 let u challenge then to a tornado tag tlc match . winner take all .,0
9706,tornado,"kentucky , usa",tornado have to make the playoff . they have 3 guy with 20homers already and they just add tulowitzki and price,0
9707,tornado,,pretty teen hayden ryan pose and strip out of her purple top view and download video,0
9708,tragedy,"new delhi , india",rly tragedy in mp some live to recount horror topstories india timesofindia,1
9709,tragedy,,shit be hard to get over but sometimes the tragedy mean It be over soulja ...,1
9710,tragedy,,maaaaan i love love without tragedy by rihanna i wish she make the whole song,0
9712,tragedy,new jerseynew york,there be no great tragedy than become comfortable with where you be in life .,0
9714,tragedy,sandrabland,do not forget tragedy ?,0
9715,tragedy,,' you cant research collective memory ' the 1st rule of write diverse should be do not touch another group 's tragedy,0
9716,tragedy,,rly tragedy in mp some live to recount horror when i saw coach of my train plunging into water i call ...,1
9717,tragedy,' america,' sometimes god use sorrowful tragedy to set the stage for glorious redemption . ' -david plant run for,0
9718,tragedy,,rly tragedy in mp some live to recount horror when i saw coach of my train plunging into water i call ...,1
9719,tragedy,"pennsylvania , usa",homeworldgym thisisperidot d what ? that be a tragedy . you have a wonderful nose,0
9722,tragedy,"harper wood , mi",a real life tragedy monica 's hair on any give season of friend,0
9723,tragedy,india,railway catch unawares by mp tragedy accident spot never mark a ' vulnerable ' - time of news,1
9724,tragedy,"san diego , ca",the tragedy of life be not that it end so soon but that we wait so long to begin it . w.m . lewis quote,0
9728,tragedy,,railway catch unawares by mp tragedy accident spot never mark a vulnerable,1
9729,tragedy,dubai,toiindianews ofcourse just 8 minute before tragedy another train have cross this place n a flash flood caused washing of track ...,1
9730,tragedy,,modiministry rly tragedy in mp some live to recount horror,1
9731,tragedy,,rly tragedy in mp some live to recount horror when i saw coach of my train plunging into water i call ...,1
9732,tragedy,stagger on tenement roof,tanehisicoates even the second half have that great greek tragedy lace monologue by charlie . could be so much more .,0
9733,tragedy,,this be a tragedy i add the wrong book to my tbr list now i can not find the right one . this be what come of browse just on gr homepage .,0
9734,tragedy,canada,dtn india rly tragedy in mp some live to recount horror when i saw coach of my train plunging into water ...,1
9736,tragedy,silicon valley,sriramk dlin71 pmarca tragedy of common pertains to public ownership . not property right base market . the opposite of what you say .,0
9737,tragedy,,breakingnews rly tragedy in mp some live to recount horror when i saw coach of my train plunging into wa ...,1
9738,tragedy,houston,itssselenaluna like a beautiful as tragedy laugh out loud,1
9739,tragedy,,rly tragedy in mp some live to recount horror when i saw coach of my train plunging into water i call ...,1
9741,tragedy,orlando,back home they mad cause i chill with the white boy .,0
9744,tragedy,,rly tragedy in mp some live to recount horror when i saw coach of my train plunging into water i call ...,1
9745,tragedy,,robert gagnon review the catastrophe of impose same-sex marriage and how christian should respond,1
9746,tragedy,"noida , ncr , india",rly tragedy in mp some live to recount horror when i saw coach of my train plunging into water i call my,1
9749,tragedy,mexico,I be gun down romance it never do a thing for me but heartache and misery be not nothing but a tragedy,0
9750,tragedy,india,rly tragedy in mp some live to recount horror when i saw coach of my train plunging into water i call my daughter and say t ...,1
9752,tragedy,new york city international,rly tragedy in mp some live to recount horror when i saw coach of my train plunging into water i call ...,1
9753,tragedy,,rly tragedy in mp some live to recount horror when i saw coach of my train plunging into water i call ...,1
9754,tragedy,,rly tragedy in mp some live to recount horror when i saw coach of my train plunging into water i call ...,1
9755,tragedy,jamaica,retweet hirochii0 there be no country that make fun of hiroshima 's tragedy but korea . indonesia malaysia jamaica,1
9756,tragedy,"los angels , ca",can not find my arian grand shirt this be a fucking tragedy,0
9757,tragedy,america,csaresu american tragedy,1
9759,trap,"pa , usa",leitchfield ky bella edward amp rosalie need rescueadoptionlocal foster homessponsorships . trap amp ...,1
9760,trap,"london , england",almusafirah you feel trap innit ?,0
9761,trap,call me peach or sam lo,im trap in the damn gas pump there be two suv on either side fuck you dickheads,0
9762,trap,"littleton , co , usa , terran",photo prettyboyshyflizzy laugh out loud she trap them into that so beautifully,0
9763,trap,orlando,hollywood movie about trapped miner release in chile ' the 33 ' hollywood movie about trapped miner star ...,0
9764,trap,shoujo hell,onihimedesu the whole city be trap ! you can not leave the city ! this be suppose to be a normal sport mango wit a love triangle c,1
9765,trap,10 step ahead . cloud 9,bomb head ? explosive decision dat produce more dead child than dead body trap tween building on that day in september there,1
9766,trap,central chazifornia,salute to all the kid still trap in adult body .,0
9769,trap,,battleroyalemod when they die they just get teleport into somewhere middle of ocean and stay trap in there unless they decide 26,0
9770,trap,,hollywood movie about trapped miner release in chile,0
9771,trap,,hollywood movie about trapped miner release in chile zippednews,0
9772,trap,new york city,billionaire have a plan to free half a billion dollar trap in venezuela for two year blakeschmidt report .,0
9774,trap,utah,hollywood movie about trapped miner release in chile,0
9775,trap,? s ? ? a,? eudrylantiqua ? hollywood movie about trapped miner release in chile ' the 33 ' holly ... ? eudrylantiqua ?,1
9776,trap,t e x a s what 8.24.14,i feel like that episode of victorious when they all get trap in an rv and almost die of heat stroke mtvhottest one direction,0
9778,trap,,entertainment hollywood movie about trapped miner release in chile santiago chile ap the hollow ... news,0
9779,trap,worldwide,hollywood movie about trapped miner release in chile,0
9780,trap,876 jamrock .,literally trap in my room cuz my bathroom be remodel . the only exit be through a window,1
9782,trap,,dramaallama but otherwise i will stay trap a the bad lilourry stan ever and without marry what be i left with ? marry . no thanks .,0
9783,trap,puerto rico,hollywood movie about trapped miner release in chile,1
9785,trap,,trap in it disappearance,0
9787,trap,"georgia , usa",i trap this cat in my room and It be go insane but It be not leave It be too pretty !,0
9788,trap,los mina city,hollywood movie about trapped miner release in chile ' the 33 ' hollywood movie about trapped miner star ...,0
9790,trap,,hollywood movie about trapped miner release in chile newsdict news chile,0
9791,trap,"st louis , mo",boyinahorsemask it a panda trap in a dog body,1
9794,trap,,hollywood movie about trapped miner release in chile ' the 33 ' hollywood movie about trapped miner star ...,1
9795,trap,worldwide !,nz hollywood movie about trapped miner release in chile hugomatz,0
9796,trap,"greensburg , pa",do you know lilithsaintcrow have a new release this week ? blood call ' an ancient evil have be trap ... ',0
9797,trap,,hollywood movie about trapped miner release in chile ' the 33 ' hollywood movie about trapped miner star ...,1
9800,trap,like u on face,hollywood movie about trapped miner release in chile ' the 33 ' hollywood movie about trapped miner star ...,0
9801,trap,,hollywood movie about trapped miner release in chile,0
9806,trap,florida,hollywood movie about trapped miner release in chile,0
9808,trauma,,photo lavenderpoetrycafe trauma memory be encode in image a trauma be a more sensory than cognitive ...,1
9810,trauma,"montgomery county , md",in response to trauma child of addict develop a defensive self - one that decrease vulnerability . 3,0
9812,trauma,"cambridge , massachusetts , u.s .",your brain be particularly vulnerable to trauma at two distinct age qz taraswart viviangiang,0
9813,trauma,"detroit , mi",nissannews trauma alert and 1 child among 6 hospitalized after 2-car wreck on a1a near being 's land the ...,1
9815,trauma,local atlanta news 42800 - 42815 freelancer,raabchar28 drphil morganlawgrp how do you self-inflict a wound to your side and blunt force trauma not consistent with fall dimension ? !,0
9816,trauma,your notification,game that i really hope to see in agdq trauma center second opinion kororinpa marble mania tloz oracle of age metroid ii,0
9818,trauma,,crazyindapeg vets78734 completely understandable consider the trauma ptsdchat,0
9819,trauma,"methville , ca",trauma team need to come to the american e-shop .,0
9820,trauma,i rap to burn shame .,ptsdchat yes . i feel the root of that be shame - which can be find in the rubble of most trauma . ptsdchat,1
9822,trauma,,hiroshima they tell me to paint my story eighty-nine year old man recall the terror and the trauma when the ...,1
9823,trauma,"houston , tx",photo lavenderpoetrycafe the forgotten history of sexual trauma hysteria be an affliction see primarily ...,1
9826,trauma,,trauma injury involve kid and sport usually cycle relate - cbc.ca,1
9828,trauma,,butt trauma extraordinaire,1
9829,trauma,los angels new york,author interview michele rosenthal-author of your life after trauma .,0
9830,trauma,,a1 i start write when i could not talk about my trauma in therapy it be the only way i could communicate gravitychat,0
9831,trauma,,ashghebranious civil right continue in the 60 . and what about trans-generational trauma ? if anything we should listen to the american .,0
9832,trauma,"little rock , ar",thetimepast salon i have childhood trauma more resolved than theirs . actual trauma . fricken baby .,0
9833,trauma,the jewfnited state,why marijuana be critical for research in treat ptsd hempoil cannabis marijuana,0
9834,trauma,,blood memory intragenerational trauma and the death of sandra bland,1
9835,trauma,"minneapolis , mn",both kid get haircut w minimal trauma . clearly that call for wine,0
9836,trauma,gumptown,arobotlegion so be it . you can not tell an oppressed group of people how to react to trauma . that would be stupid and ignorant .,0
9837,trauma,,i need to plan a trip to cleveland soon ! ?,0
9838,trauma,"nashville , tn",esteem journalist recall tragic effect of unaddressed childhood trauma . keithboykin randallpinkston pozarmy,1
9841,trauma,world,trauma can happen anywhere - school home etc . - at any time . learn the abc 's of trauma and how to parent ...,1
9842,trauma,,what be the role of usg in pads major trauma image decision tool ? foam foamcc,0
9846,trauma,the triskelion,it partially have something to do with my trauma as well . but that be a long story and honestly i do not like to talk about it .,0
9849,trauma,"texas , usa",mustachemurse dateswhitecoats the truth . i pull a 16 out . and apparently a 22 in the crazy adult trauma . and they mock me for the 22 .,0
9850,trauma,minneapolisst . paul,simmer beneath nhl good time the league 's own concussion issue pioneerpress,0
9853,trauma,,today be trauma on top of trauma on top of trauma in richmond so i know work be go to be crazy the next two day,0
9854,trauma,"chicago , illinois",80 chicago faculty member push university to overturn ban of trauma center protester,1
9857,trauma,colorado,what happen to u a sexual trauma survivor define u as much a we agree with the perpetrator who hurt u .,0
9858,traumatize,london,traumatize after see a baby literally fall out of that lady . she only go for a wee great catch ! oneborn,0
9859,traumatize,ireland,back in ireland v. sadtraumatised a be freeze and not beautiful parisian summer to which have become accustomed .,0
9860,traumatize,kirkwall,why the deep road though hahahaha im so traumatize by the deep road loll,0
9861,traumatize,,I be so traumatized .,0
9862,traumatize,uk,go easy on her paul the poor woman have be traumatize by a cake gabo,0
9864,traumatize,sweden,ruddyyyyyy jamiegriff97 jamie be too traumatized to answer,0
9865,traumatize,"portsmouth , uk",I be that traumatize that i can not even spell properly ! excuse the typo !,0
9866,traumatize,cork,annmarieronan niamhosullivanx i can not watch tat show it like a horror movie to me i get flashback an everything traumatize,0
9868,traumatize,scotland,pyramidhead76 one good thing come out of watch the film . be too traumatized to watch show so started halt amp catch fire on amazon . d,1
9869,traumatize,dublin,ianokavo96 he be still traumatize,0
9870,traumatize,envy,think I be traumatize for life,0
9872,traumatize,"hackney , london",america like south africa be a traumatized sick country - in different way of course - but still mess up .,0
9873,traumatize,,... the kid at the orphanage be obviously not too traumatize .,0
9874,traumatize,,mprnews 600 ! wow ! that be a lot of traumatized kid !,0
9875,traumatize,south africa,yessum I be traumatize ?,0
9877,traumatize,tunbridge well,perkpearl that be just not on . I would be traumatize be you ok ? the car have go and now for gabo and relax ...,0
9878,traumatize,lowestoft,viennabutcher it not funny im traumatize,0
9880,traumatize,,wrongdejavu I be traumatized,0
9881,traumatize,,malabamiandsons she be proper traumatize that pepper be ' dead ' i can not wait to see her face,0
9883,traumatize,,disneyirh so traumatized im ?,1
9884,traumatize,north east middlesbrough,send a snapchat to the wrong person instead of your brother about the toilet ? ? ? snapchatselfie wrongperson traumatize,0
9885,traumatize,,emily4everever hah It be alright ... but more than twice be just stupid he be traumatize ?,0
9886,traumatize,london,I be so sad kid company have close . after all the talk thousand of traumatized young people will suffer . but ...,0
9887,traumatize,,judemugabi not that all abortion get you traumatize . at time you be okay with the decision due to reason like rape,0
9888,traumatize,londonstan,kits livagotta get a gold chain you will understand one boy give me one and my neck go green it traumatize me,0
9889,traumatize,,ciaramckendry mine come on the day after my data renew this month i be traumatize,0
9890,traumatize,"thing , uk",a traumatized dog that be find bury up to it head in dirt in france be now in safe hand . this be such a ...,0
9894,traumatize,stage with trey song,a spider have legit just run across my chest . traumatize . for . life .,0
9896,traumatize,,vickybrush lol ! i be a traumatized child . on wednesday jimmyfallon release topic for thursday hashtag game . this be this week . xoxo,0
9897,traumatize,,I be slightly traumatize after this week 's one born !,0
9898,traumatize,"hampstead , london .",kushwush I be still traumatize by your driving . have flashback of the lane hogging ?,0
9901,traumatize,tamworth,cwheate hahaha I be half traumatized half hop my labor be that easy ?,0
9905,traumatize,,I be traumatize ? megancoopy laurathorne97,0
9906,traumatize,,argentaelite hah traumatize ! hell no i want a job ? xxx,0
9907,traumatize,,brookesddl i be traumatize the lil shit nearly hop in the bloody shower with me,0
9909,trouble,"kawartha lake , ontario , canad",budget ? oh i be in trouble ... but yes i would agree . varagesale candacedx,0
9910,trouble,"gold coast , australia",19 thing you will understand if you have trouble talk to people,0
9911,trouble,,have trouble understand the rotation within a left-leaning red black tree . my class be currently learn ...,0
9912,trouble,ya moth bed,lucysforsale funny cause my dumb as be the young one to get n trouble the most laughing out loud,1
9915,trouble,atlanta,a man a woman romance amp south afrikaans trouble - on sale reorder thebargain -,0
9916,trouble,canada,canagal good to hear It be back ... that storm 's be give you guy trouble though sj,1
9918,trouble,"indiana , usa",badastronomer ... i have a lot of trouble get both student and adult to understand that the moon be far away than they think .,0
9919,trouble,,noel back up,0
9920,trouble,illumination,trouble trouble when i do not get my way ?,0
9921,trouble,bathtub de best,smoakqueen ' i 'm go to be in so much trouble . ',0
9923,trouble,chase my dream wjass ?,jusstdoitgirl never say it be a problem and shit work trina stay out of trouble wbu big homie,0
9925,trouble,"boston , ma",comcastcares hey It be tapping again . any trouble shoot step for when this happen ?,0
9930,trouble,new york city,annajhm jcomanse paulstaubs rslm72254 blanktgt you must have get in trouble ? that be why you have fartanxiety now ?,0
9931,trouble,,oh my god ryan in trouble,1
9932,trouble,"rochester hill , mi",live update boyd get out of trouble in 5th via detroitnews,0
9933,trouble,"davis , california",strawberry be in big trouble . scientist race to find solution .,1
9934,trouble,displaced son of texas !,ymcglaun juliekragt wildwestsixgun you be a lot safer that way.yeah a lot more stable amp if i get in trouble i have a seat right there,0
9935,trouble,,the trouble in one of buffet 's favorite sector,0
9937,trouble,?,when there be trouble you know who to caaaaaall,0
9938,trouble,on twitter,why be it troubleniallhariss simplyvain live on,0
9940,trouble,,span prep . mr. president you be the big terrorist and trouble maker in the world . you create terrorist you sponsor terrorist .,1
9941,trouble,,the bad voice i can ever hear be the ' nikki your in trouble ' voice from my mom,0
9942,trouble,,charleyisqueen yeah well maybe if the barber do not cut my hair too short on top i would not of go through the egg trouble ?,0
9943,trouble,,love how i do not get in any trouble for have people over and the house still be trash,0
9944,trouble,wolverhampton,kerrykatona7 hello wud you kindly consider follow me back at keyboard please I be never any trouble laugh out loud many thanks -,0
9945,trouble,north carolina,tjrobertson2 no bc we always get in trouble for laugh too much ?,0
9946,trouble,manila city,charlieputh that song have a cool beat like nothing but trouble,0
9948,trouble,"palm alto , ca",reedit 's new content policy show that maybe reedit can not have it all via nkulw,0
9949,trouble,usa,astros stunningly poor defense It be not all on the pitcher . if our bat be mia like the top of 1st inning this team be in trouble .,0
9950,trouble,,princeoffencing frickin summer and it humidity building up and cause trouble,0
9952,trouble,,if you have trouble get motivate remember that time be go to pass and that regret be go to make it way around - matthew donnell,0
9953,trouble,,nothing but trouble - lil wayne amp charlie put ?,0
9955,trouble,"washington , dc",trouble with mental fog ? consider these test,0
9958,tsunami,,i feel so lucky rn,0
9960,tsunami,,so do we have a hurricane tornado tsunami ? someone please tell me what the hell happen nopower,1
9961,tsunami,in the word of god,heleneyancey godslove amp thank my sister helene for retweet of new video the come apocalyptic u earthquake amp tsunami,1
9963,tsunami,in the word of god,freefromwolves godslove amp thank brother danny for retweet of new video the come apocalyptic u earthquake amp tsunami,0
9965,tsunami,"washington , dc",I be at barn thai tsunami sushi in washington dc,0
9967,tsunami,,she keep it wet like tsunami .,0
9971,tsunami,"louavul , ky",bbshelli seem pretty sure she be the one that be go to stay ! bb17,0
9972,tsunami,,crptotech tsunami and bank . bank teach bitching blockchain,1
9973,tsunami,,sing tsunami beginner computer tutorial . everyone want to learn to build a pc . re,0
9974,tsunami,instagram sincerelytsunami,It be my senior year i just wan na go all out,0
9976,tsunami,kleenex factory,an optical illusion - cloud roll in over the mountain look like a tsunami - geneva - switzerland,1
9978,tsunami,?,earthquake and tsunami that occur in japan ' free speech ' be also swallow .,1
9979,tsunami,,tsunami - dvbbs amp gorgeous arleen festival trap remix via youtube,0
9980,tsunami,,sing tsunami beginner computer tutorial . everyone want to learn to build a pc . re,0
9982,tsunami,land of the king,tsunamiesh ? hey esh,0
9983,tsunami,"winter park , colorado",' anyway ' the old lady go on ' i have something to ask of you - and you alone . ' the come tsunami,0
9984,tsunami,,6 trend be drive a data tsunami for startup startup,0
9985,tsunami,the netherlands,? fukushima ? tepco ? mountain of debris from the japanese tsunami have float to the west coast,1
9986,tsunami,odu,tsunaminopeach ? I be weak af,0
9987,tsunami,ona block with my boy ?,man my stomach feel like a tsunami ? .,0
9988,tsunami,"east slip , ny",alone do the first world war ever truly end ? the ripple be with still and have be compound into low level tsunami,1
9989,tsunami,but i love kaylen ?,i hope this tsunami clear before i have to walk outside to my car ?,1
9990,tsunami,come soon,tsunamiesh esh please okay !,0
9991,tsunami,in the word of god,authormike amen today be the day of salvation . thank you brother mike for your great encouragement . - come u tsunami,1
9992,tsunami,,and i don't get wave of miss you anymore there more like tsunami tide in my eyesss,1
9994,tsunami,"austin , tx",dr. jim amp the tsunami the late new yorker warn u in no uncertain term . have not you hear ? the tsunami 's ...,0
9995,tsunami,"gotham city , usa",i do not get wave of miss you anymore ... they be more like tsunami tide in my eye,0
9998,tsunami,,kamunt holy crap It be be forever since i saw this movie but the nostalgia wave just hit me like a tsunami ! thank youuu !,0
10000,tsunami,,i like a youtube video call of duty ghost - campania - ep 6 ' tsunami ',0
10001,tsunami,hawaii,meet bronco your own personal earthquake snd tsunami early warning beacon .,1
10003,tsunami,broke nigga dream !,i want some tsunami take out,0
10004,tsunami,in the word of god,greenlacey godslove amp thank my sister for retweet of new video the come apocalyptic u earthquake amp tsunami,0
10005,tsunami,,all of this energy,0
10006,tsunami,,erictsunami worry about yourself,0
10008,twister,,It be all twister at tha end to ! i be like oh nah ?,1
10009,twister,"calgary , alberta",gail and russell saw lot of hail at their dalroy home - they have video of twister 12 mile from their home yyc,1
10010,twister,,want twister ticket and a chance at a vip experience to see sharia ! click here,0
10011,twister,everywhere,just stop fuck say a whole other . it just sound fucking stupid . you fuck mean a whole other . not a fucking tongue-twister .,0
10012,twister,"la vega , nv",950. if a landslide tumble down today 'm on your side and if a twister sweep it all away you be on your own bitch ! run into distance,1
10013,twister,united state,love 106.1 the twister 1061thetwister and laddie and tae oktxduo,0
10014,twister,,brain twister homefolk be opinionated over against proposal modernize canada on my way,0
10016,twister,detroit,crazy mom throw teen daughter a nude twister sex party accord to her friend59 more pic,0
10017,twister,geneva,the sharp image viper 24 ' hardside twister black,0
10018,twister,,twister be fun,0
10020,twister,,brain twister let drop up telly structure cast edcxo,0
10021,twister,london,I be in bed eat a twister and drink a cup of tea . i be not dunk the twister in the tea . that would be well weird .,0
10023,twister,midwest,sarahmcpants justjon I will give him a titty twister,0
10025,twister,,last second outbid rt ? 2 - callow c720 twister swivel 34 ' 3dc fuel line make in usa ? please favorite amp share,0
10027,twister,,reason brain twister oneself should discount redesign yours website itrawcwb,0
10028,twister,,check out ' want twister ticket and a vip experience to see sharia ? click here ' at i would love love love ! to win,0
10029,twister,"riverdale , ga",this be my jam riser by dirks bentley 1061thetwister ? iheartradio nowplaying,0
10030,twister,,bulgarian titties twister by noemotion produce by edk pathfinder hd m ... via youtube,0
10031,twister,,ellenfromnowon 7-speed nexus shifter 9 ! for community cargo bike ?,0
10032,twister,"calgary , alberta",anyone wan na come over and watch twister with me ? toosoon -,0
10034,twister,ny,crazy mom throw teen daughter a nude twister sex party accord to her friend50 gt,1
10035,twister,"plano , tx",briannafrost twister with bill paxton and helen hunt !,0
10036,twister,,carolinagutierr grand twister !,0
10037,twister,"midwest city , ok",happy 24 twister ! thank you for all the laugh sticking by my side no matter what and also for,0
10038,twister,,' how many men would a human hew if a human could hew men ? ' -popular tongue twister among woodchuck,0
10039,twister,,i like a youtube video extreme paint twister,0
10040,twister,,tornado el nine may give canada 's twister season a boost toronto,1
10041,twister,"lisbon , portugal",elianaraquel like good game be bad in the end ... but at least i care a little when good game be dan . cause it be a twister . i do not know widen i do not care,0
10042,twister,galata atlntico,you be listen to llegaste tu - twister el rey,0
10044,twister,,white twister black shift knob m6x1.00 thread size,0
10045,twister,,twister dance game dance console instruction cable 5 pre load song,0
10047,twister,,rodarmer21 10 dollar say wicked twister will not be run,0
10048,twister,stl ? nola,wish i have a personal hair twister,0
10049,twister,,do the opening scene of harry potter and the order of the phoenix remind anyone else of the movie twister ? just me ? okay,0
10050,twister,instagram bribriony,drunk twister be so hard ?,0
10052,twister,long island,mrsbinker emiliorivera48 davidlabrava mine be diesel and twister both small for the breed but very strong ! i have a beautiful pug too,0
10054,twister,downtown oklahoma city,thebuffshow thetwisterokc my boyfriend want too see shaniatwain too ! twisterlovesshania ?,0
10055,twister,,some curl come out so pretty and some look like i just finish shoot the movie twister,0
10056,twister,london,be now ripped by the fantastic laura milne thejonesesvoice for all your linguistic need . and that be some tongue twister tweet,0
10057,twister,"seattle native in prescott , az",jrlallo my narrator will have to say ' chemically interest lavatory ' for db5 . not quite the tongue twister but certainly odd . p,0
10058,typhoon,,breaking144 obama declare disaster for typhoon-devastated saipan obama sign disaster declarant ... acenewsdesk,1
10059,typhoon,savage state of america,map typhoon soudelor 's predicted path a it approach taiwan expect to make landfall over southern china by s,1
10060,typhoon,"calgary , ab , canada",find out how your fund be use for typhoon hainan in the philippine . see devpeace hainan relief fund report,1
10061,typhoon,whole world,global precipitation measurement satellite capture 3-d image of typhoon soudelor - nasahurricane . visit,1
10064,typhoon,"ibadan , oyo state",obama declare disaster for typhoon-devastated saipan obama sign disaster declaration for northern martians a ...,1
10066,typhoon,usa,break news global precipitation measurement satellite capture 3-d image of typhoon soudelor - nasahurricane,1
10067,typhoon,ngapain ?,obama declare disaster for typhoon-devastated saipan obama sign disaster declaration for northern martians a ...,1
10069,typhoon,"team , accra",obama declare disaster for typhoon-devastated saipan obama sign disaster declaration for northern martians a ...,1
10070,typhoon,phuket thailand,foxnews let me report it to you people instead mr.obama just declares cnmi federal disaster area post typhoon soudelor . you guy 2slow2report .,1
10071,typhoon,,abcnews - obama declare disaster for typhoon-devastated saipan obama sign disaster declaration for northern ...,1
10072,typhoon,,typhoon soudelor when will it hit taiwan and how bad will it be ? generalnews,1
10073,typhoon,,obama declare disaster for typhoon-devastated saipan obama sign disaster declaration for northern martians a ...,1
10074,typhoon,,rtamerica retweet rtcom eye of super typhoon soudelor see from space time-lapse,1
10075,typhoon,usa,typhoon soudelor take dead aim at taiwan,1
10076,typhoon,"houston , tx",global precipitation measurement satellite capture 3-d image of typhoon soudelor - nasahurricane,1
10077,typhoon,unites state,obama declare disaster for typhoon-devastated saipan international,1
10079,typhoon,,nbanews soudelor typhoon soudelor be take dead aim at taiwan and be expect to make landfall friday accord to the joint typhoon,1
10080,typhoon,republican dominican,losdelsonido obama declare disaster for typhoon-devastated saipan obama sign disaster declaration for northern ma ... ivanberroa,1
10081,typhoon,new york,obama declare disaster for typhoon-devastated saipan obama sign disaster declaration for northern martians a ...,1
10082,typhoon,"santiago , replica dominican",obama declare disaster for typhoon-devastated saipan obama sign disaster declaration for northern martians a ...,1
10083,typhoon,,obama declare disaster for typhoon-devastated saipan,1
10084,typhoon,,obama declare disaster for typhoon-devastated saipan obama sign disaster declaration for northern martians a ...,1
10085,typhoon,,price of vegetable rise on typhoon soudelor concern,1
10087,typhoon,"wilmington , delaware",map typhoon soudelor 's predicted path a it approach taiwan expect to make landfall over southern china by ...,1
10088,typhoon,,obama declare disaster for typhoon-devastated saipan obama sign disaster declaration for northern martians after typhoon hit u territory,1
10089,typhoon,iamdigitalent.com,photo typhoon soudelor have it aim set on taiwan andchina,1
10090,typhoon,evergreen colorado,satellite spy super typhoon soudelor from space photo,0
10091,typhoon,"washington , dc",massive typhoon head toward taiwan .,1
10092,typhoon,india,a gpm satellite ' bullseye ' in typhoon soudelor,1
10093,typhoon,sumo,global precipitation measurement satellite capture 3-d image of typhoon soudelor - nasahurricane,1
10098,typhoon,"anzio , italy",map typhoon soudelor 's predicted path a it approach taiwan expect to make landfall over southern china by s,1
10099,typhoon,,a gpm satellite ' bullseye ' in typhoon soudelor,1
10100,typhoon,,4yygb mhtw4fnet thousand evacuate a taiwan prepares for strong typhoon of 2015 - abc online,1
10101,typhoon,the peach state,i think a typhoon just pass through here laugh out loud,1
10102,typhoon,,please recover from the typhoon . ?,1
10105,typhoon,new york city ex- islamophobe,abcnews obama declare disaster for typhoon-devastated saipan obama sign disaster declaration for no ... world,1
10106,typhoon,dhaka,obama declare disaster for typhoon-devastated saipan obama sign disaster declaration for northern martians a ...,1
10107,typhoon,"halifax , nova scotia",typhoon soudelor take dead aim at taiwan,1
10109,upheaval,"deaden , uk",buddha be ' man for his time ' - massive urbanization and social upheaval also challenge brahman dominance ' genius of the ancient world ' .,0
10110,upheaval,oregon,a look at state action a year after ferguson 's upheaval,0
10111,upheaval,"washington , d.c .",usw ' the damage from abandon the deal could well create a new level of uncertainty ... economic upheaval amp military unrest ',0
10112,upheaval,,r'lyeh by upheaval,0
10113,upheaval,,a look at state action a year after ferguson upheaval,0
10114,upheaval,jamaica,series finale of thegame it survive so much upheaval but the audience get so much good story .,0
10115,upheaval,usa,newburg upheaval jacque bet responds ' look forward to the day ' she can answer news,0
10116,upheaval,chester,save the upset and stress of upheaval and let u help keep elderly people independent ! companionship care chester chestertweetsuk,0
10117,upheaval,"books , north america",medieval upheaval hardy boys the secret file book 18 franklin w. dixon - aladdin - kindle edition .,0
10118,upheaval,sydney worldwide,upheaval high note for bush opera sydney news au,0
10119,upheaval,"auckland , new zealand",an indepth look at the new world of work and how young people business and economy be cop with huge upheaval,0
10120,upheaval,new york city,ancient mayan tablet with hieroglyphic honor lowly king,0
10121,upheaval,"scouts valley , ca",in depth the new world of work and how young people business and economy be cop with huge upheaval via ft,0
10124,upheaval,oregon,a look at state action a year after ferguson 's upheaval,0
10125,upheaval,igscbjfordiani,but ... ! oh ! how rich the soil ? ! how wonderful the upheaval ! ? -entershikari,0
10126,upheaval,,tt kettlebell upheaval blueprint over chris lopez hindsight jhmnye,0
10127,upheaval,,how long o lord study 3 the sixth seal open the event of revelation 12. the political upheaval in the roman ...,1
10129,upheaval,,loan upheaval be the way in which oneself can save your house leave out be foreclose on ... tejc,0
10130,upheaval,"wisconsin , usa",ancient mayan tablet find in jungle temple,1
10132,upheaval,,acquire your postexistence straight a elevation in addition to upheaval idea yet perquisite brzjc,0
10136,upheaval,"east aurora , ny",tiger wonder how much the upheaval with team be affect different player tonight ?,0
10137,upheaval,woolley,ancient mayan tablet with hieroglyphic honor lowly king,0
10138,upheaval,,ancient mayan tablet with hieroglyphic honor lowly king,0
10139,upheaval,"london , uk",diageo 's ceo stress that a board revolt at united spirit have not impact indian operation,0
10140,upheaval,costa rica,retweet ' livescience ancient mayan tablet with hieroglyphic honor lowly king,0
10141,upheaval,"hamilton , ontario ca",ancient mayan tablet with hieroglyphic honor lowly king a 1600-year-old mayan stone tablet describe the ...,0
10142,upheaval,maryland,a look at state action a year after ferguson upheaval md be mention in the last group for a ' reporting ' bill,1
10143,upheaval,attack,ancient mayan tablet find via,0
10144,upheaval,"atlanta , ga",august 5 your daily horoscope a relationship upheaval over the next few month may be disruptive but in the ...,0
10146,upheaval,india,lyf need quality and a certain sense of security . be with a person you can not trust can only cause stress and emotional upheaval .,0
10147,upheaval,"milwaukee , wi",a look at state action a year after ferguson 's upheaval,1
10149,upheaval,,the great upheaval by wink jay,0
10150,upheaval,"cpt jhb , south africa",to navigate inevitable upheaval internal audit must lead the way,0
10151,upheaval,"london , uk",diageo 's ceo stress that a board revolt at united spirit have not impact indian operation,0
10152,upheaval,oregon and washington,newburg upheaval jacque bet responds ' look forward to the day ' she can answer question orcot orpol,0
10153,upheaval,karachi,nytimes due to upheaval create by the west in iraq syria libya etc .,1
10156,upheaval,connecticut,a look at state action a year after ferguson 's upheaval,1
10157,upheaval,"perth , western australia",abcnews uk scandal of 2009 cause major upheaval to parliamentary expense with subsequent sacking and prison . what be we wait for ?,0
10159,violent20storm,uk,terrify point of view footage capture violent land from inside a passenger jet during a storm in amsterdam travel,1
10163,violent20storm,yuuko-san 's shop,rather violent storm . possibility of no stream tonight .,1
10164,violent20storm,"watertown , mass .",violent storm cause damage flooding in watertown -,1
10168,violent20storm,toronto,thunder pound north go black a deep bruise on the sky 's chest wind cry it pain . a summer storm have a tough life short violent .,1
10169,violent20storm,,stormchase violent record break ef-5 el reno oklahoma tornado nearly run over ... -,1
10171,violent20storm,,amsterdam point of view video capture violent landing at amsterdam airport schiphol during a st ...,1
10172,violent20storm,,storm batter auckland and northland a violent overnight storm have batter auckland and northland uprooting ...,1
10173,violent20storm,worldwide,violent force radio now play agony - storm of the apocalypse tunein player,0
10174,violent20storm,,' nasasolarsystem jupiter 's great red spot be a violent storm large than the entire earth .,0
10175,violent20storm,"chicago , il",after a violent afternoon storm more severe weather head for chicago tonight . detail -gt,1
10176,violent20storm,milky way galaxy,jupiter 's great red spot be a violent storm large than the entire earth .,0
10177,violent20storm,,i do not understand ' take ' any life a a trophy . It be violent kill . cecilthelion badchoices bantrophyhunting,1
10179,violent20storm,worldwide,violent force radio now play acid storm - scourge of the god tunein player,1
10182,violent20storm,u,u.s.pacific command . i can see it ! they give their all in the peace unity festival it disappear when freedom a violent storm hit sea,1
10183,violent20storm,? ? ? f glory . ?,skarletan the storm . a violent swell of emotion then nothing .,0
10184,violent20storm,your six,vickie627 desert storm be an unqualified victory a treaty be sign . under clinton the situation only get bad and more violent . cot,1
10186,violent20storm,south africa,point of view footage capture violent land from inside plane during storm,1
10187,violent20storm,costa rica,retweet ' nasasolarsystem jupiter 's red spot be a violent storm large than the entire earth,0
10189,violent20storm,,teafrystlik - cause the entire sky around their battle to darken to a violent storm a an ungodly powerful bolt of lightning struck at-,0
10191,violent20storm,,dramatic video show plane land during violent storm -,1
10192,violent20storm,"t 1.50225,103.742992",dramatic video show plane land during violent storm,1
10193,violent20storm,"newcastle , ok",i think that none of u know the impact we have on the life of those around u . even the slight stirring can create a violent storm .,0
10194,violent20storm,united kingdom,point of view video capture violent landing at amsterdam airport schiphol during a storm ...,1
10195,violent20storm,,storm blitz traverse city disrupts management briefing seminars a violent summer storm blitz through tra ...,1
10197,violent20storm,oshawatoronto,this be one violent and belligerent storm . I be enjoy watch it unfold,1
10198,violent20storm,"very sw ca , usa ... draenor",iateyourfood yikes . poor pup . what a weird violent storm .,1
10199,violent20storm,,a brief violent storm sweep through the chicago area sunday afternoon lead to one death and an evacuation of lollapalooza and more,1
10201,violent20storm,new zealand,storm batter top half of north island a violent overnight storm have batter the upper north island uprooting ...,1
10202,violent20storm,kenya,slow clap for this pilot . dramatic video show plane land during violent storm,1
10203,violent20storm,,if you be the nws wth a rotate storm with a report of a ' huge ' ' massive ' ' violent ' tornado what would you do ?,1
10204,violent20storm,barbados,dramatic video show plane land during violent storm,1
10206,violent20storm,amsterdam worldwide,point of view video capture violent landing at amsterdam airport schiphol during a storm - daily mail amsterdam news,1
10207,violent20storm,3rd eye chakra,violent video ukraine rioter brutally beat police storm local admit building we be all fight back,1
10208,volcano,"perth , australia",jetstar and virgin force to cancel bali flight again because of ash from mount rang volcano,1
10209,volcano,? ? ? ? ? ? ?,inside a dragon 's belly . or an ice cave under a volcano in kamchatka photography by daniel korzhonov,1
10210,volcano,usa,japan aogashima volcano . by unknown - check it out ! aogashima japan photography volcano,1
10212,volcano,argentina,earthquake gismo m 1.9 - 5km s of volcano hawaii time2015-08-06 010401 utc2015-08-05 150401 -1000 at ...,1
10213,volcano,,maailiss diaporama sixpenceee karymsky lake be a crater lake locate in the karymsky volcanoinrussia . with a,0
10214,volcano,earth,1.94 earthquake occur 5km s of volcano hawaii at 0104 utc ! earthquake volcano,1
10215,volcano,,1.9 earthquake in 5km s of volcano hawaii iphone user download the earthquake application for more information,1
10217,volcano,,eruption of indonesian volcano spark transport chaos in this picture do from video mount rang in ?,1
10218,volcano,,shoe basics gt-ii super red 2.0 11 ronnie fig kith red white 3m x gel grey volcano 2,0
10220,volcano,"hawaii , usa",uses report a m1.94 earthquake 5km s of volcano hawaii on 8615 10401 coordinate universal time quake,1
10222,volcano,"hawaii , usa",uses eq m 1.9 - 5km s of volcano hawaii time2015-08-06 010401 utc2015-08-05 150401 -1000 a ... earthquake,1
10223,volcano,,uses m 1.9 - 5km s of volcano hawaii time2015-08-06 010401 utc2015-08-05 150401 -1000 at epicenter ... sm,1
10224,volcano,,mrmikeeaton muazimusprime hill hill mountain volcano of hell mountain hill hil .,1
10226,volcano,paris,diaporama sixpenceee karymsky lake be a crater lake locate in the karymsky volcanoinrussia . with a ...,0
10229,volcano,,m1.94 0104 utc ? 5km s of volcano hawaii .,1
10231,volcano,"california , usa",shoe basics gt-ii super red 2.0 11 ronnie fig kith red white 3m x gel grey volcano 2,0
10234,volcano,"tedqz inc , ireland , europe",songhey89 well I be also gay but girls like some too . so . i predict tsunami amp volcano amp earthquake . a gift from god ? be christian but,0
10236,volcano,santiago de cmpostela galicia,i add a video to a youtube playlist doc volcano and earthquake - inside the volcano,1
10237,volcano,massachusetts,not only do he know the late research the kiddo 's gi specialist sing the volcano number from inside out . now that be whole person care .,1
10239,volcano,"cleveland , oh",alextucker volcano bowl drink,1
10241,volcano,northern colorado,brian shaw j.j. dickson kenneth fried try to defend lamarcus aldridge be a blood volcano,0
10243,volcano,"west coast , cali usa",the architect behind kane west volcano,0
10244,volcano,indonesia,zeal be a volcano the peak of which the grass of indecisiveness do not grow,1
10245,volcano,,lexipurduee the volcano by it ?,0
10246,volcano,right here,volcanotornado live somewhere else for a while and da mill be not too bad son ! perspective,1
10247,volcano,,gismo m 1.9 - 5km s of volcano hawaii time2015-08-06 010401 utc2015-08-05 150401 -1000 at ep ... csismica,1
10249,volcano,,this la startup be so hot that their flower come straight from a volcano via latechwatch,0
10250,war20zone,"nashville , tn",sit still in the cityofmemphis traffic be like sit in a war zone ! they do not move for the police ... they do not care,0
10251,war20zone,incognito,zone of the enters mgs2 god of war . retweet dpagexxi quote this with your favorite ps2 game,0
10252,war20zone,,bedroom clean bathroom clean laundry do ... shit be look like a war zone in here ?,0
10253,war20zone,somewhere else ...,this bed look like a war zone .,0
10255,war20zone,"columbia , sc",thank you to scegnews ! our neighborhood look like a war zone but we have power back in 4 hour !,1
10256,war20zone,in a graveyard,rip mama but I be still thuggin cause the world be a war zone,0
10258,war20zone,"downtown churubusco , indiana",camp in a war zone with rove raccoon toughens city slicker,0
10259,war20zone,"california , usa",gear of war 1 ! preview member come chat ! xb1 ! welcome to the danger zone !,0
10260,war20zone,,they turn jasmine house into a war zone . ? littlewomenla,0
10263,war20zone,louisiana,sunday during football seasonfrom about 9 be - 11 prime minister woman should not even log onshit be a complete war zone,0
10264,war20zone,,mama I be still hugging the world be a war zone,0
10265,war20zone,host of mindmoverspodcast,the war on drug have turn the u.s. into a war zone .,1
10268,war20zone,the d,debatequestionswewanttohear if you start another war would you b willing 2 go 2 the war-zone yourself or send ur son candor daughter 2 fight ?,1
10269,war20zone,still . ? s.a.n.d.o.s ?,mama I be still thuggin the world be a war zone my homies be inmate and most of em dead wrong .,0
10270,war20zone,,worldwatchesferguson florida govjaynixon clairecmc how dare you turn our street into a war zone -a war against citizen ?,1
10272,war20zone,we be all mad here,pack for ct aka my room look like a war zone,0
10273,war20zone,southern california,kasiakosek the drive suck in my case because i know my desk look like a war zone and then everyone go into the ' i need this ' mode,0
10274,war20zone,,look and sound like a war zone,1
10275,war20zone,,how do people bake without turn their kitchen into a war zone of egg and flour,0
10276,war20zone,,greedy have me in the war zone ! laugh my as off,0
10278,war20zone,,robertoneill31 get hit by a foul ball while sit there be hardly a freak accident . It be a war zone .,0
10280,war20zone,"new hampshire , usa",growingupblack walk past chicken frying be like enter a war zone .,0
10283,war20zone,canada,this be a one direction concert not a war zone what be this otrametlife,1
10284,war20zone,t-ville,look like a war zone outside . what be go on ?,1
10286,weapon,pennsylvania,70 year ago today the u.s. drop a nuclear weapon on japan . here be some article that share my opinion on that decision,1
10287,weapon,rp ot mort3mer,-honey you be not no angel . you like to scream these word a a weapon . well go ahead take your best shot woman . i wan na leave you It be,0
10288,weapon,?,abe government say the missile be not ' weapon ' so jsdf could provide them to the ally when collective self defense right be exercise .,1
10289,weapon,"brooklyn , new york city",please allow me to reiterate It be not the weapon It be the mindset of the individual ! professional help ! -legion !,1
10290,weapon,,fur leather coat sprite amp weapon of choice be a lifestyle chosen back in ' 02,0
10291,weapon,,roguewatson nothing wrong with that . the lethal weapon series be great . yes they be all great .,0
10293,weapon,?,junsuisengen change my weapon !,0
10294,weapon,new york 2099,dwarfonjetpack i guess i can say you and me might have one thing in common my biological father make me this way to be his weapon,0
10295,weapon,?,fuck nuclear weapon,0
10296,weapon,,cat of nine iron xii this nightmarishly brutal weapon be use in ritualistic country club de,1
10297,weapon,massachusetts,but i will be upload these video as soon a possible so you guy get to see the new weapon type in action !,0
10299,weapon,,gun firearm weapon vector clip art for vinyl sign cutter rifle gun weapon,0
10301,weapon,"halifax , ns , canada",rosemarytravale do we all use the same weapon ? ' cause we might be screw xd,0
10302,weapon,"uk , singer , songwriter , ? 2 act",weaponxmusic hey guy thanks for a rock in my world and for the follow ?,0
10303,weapon,"kediri , jaw timur",muttatek m believe my ' blue ' not isis kwwwkwwwk without weapon ' blue ' will hug me jiahahahha yeyeulala ...,0
10304,weapon,mi - ca,iranian warship point weapon at u.s. helicopter official say cot,1
10305,weapon,central florida,break obama official give muslim terrorist the weapon use in texas attack,1
10306,weapon,"de mines , ia",i ... i might buy my esoteric weapon for astrologian ...,0
10307,weapon,,abcnews a nuclear bomb be a terrible weapon !,1
10308,weapon,,pulse rifle after weapon tuning ?,0
10310,weapon,washington dc,rare insight into terror and how to fight it cameroon usa whitehorse e fr nigeria uk africa de ca au jp,1
10313,weapon,,back to back like I be on the cover of lethal weapon,0
10314,weapon,"california , united state",insanelimits plugin enable ' tps tdm 400t hardcore locker weapon rule ' use 3 limit,0
10315,weapon,?,abe 's government make clear that grenade be not ' weapon . ',1
10316,weapon,,only weapon im scar off be karma,0
10317,weapon,"ct , usa",camilla33 craykain hate to shatter your delusion but a hatchet be a deadly weapon justify lethal force . gunsense,0
10318,weapon,,even if you have your weapon and your badge we gon na put them choppas on your as ?,1
10320,weapon,,slasher be goat . freak love that weapon . can not wait to do an episode of splatdown with it . switch to the splatting gun now .,0
10321,weapon,statesborovidalia,thatrussianman you be too busy finish those weapon design,0
10322,weapon,"new jersey , usually",so yeah platoon be still lot of fun and default splattershot jr be still the only weapon layout I be good at,0
10323,weapon,"manchester , england",' education be the most powerful weapon which you can use to change the world . ' nelson mandela quote,0
10325,weapon,"havel , maharashtra",salmanmydarling i will watch your dub again it will be 100 again ? i also have other 3 ... will use one weapon today p,0
10327,weapon,"slateport city , hoenn",snazzychipz omg ... what be the sub weapon,0
10329,weapon,,weapon 's catalogue,0
10330,weapon,jayankondacholapuram.tamilnadu,that day remember the nuclear weapon power ... hiroshima 70th,1
10331,weapon,"new york , ny",030811 police stop a 41-year-old in the bronx cite ' case a victim or location . ' no weapon be find .,1
10332,weapon,denver colorado . fun time,laugh out loud look how tough some people talk that live in some of the most gang infested city in america your mouth be not a weapon you fuck wimp,1
10333,weapon,,I be servicing in my section I be lurking I be with my weapon,0
10334,weapon,not of this world,iranian warship point weapon at american helicopter ...,1
10335,weapon,ohio,danagould waynesteratl i agree with background check . i just think gun or weapon in general be the great equalizer .,0
10336,weapon,"california , united state",kick hendrixonfire ' blackcaps big noon conquest mixed map all weapon ' for violated kdr limit server max 3,0
10337,weapon,proud buckmasonusa supporter !,agree there - especially on automatic weapon . there be no legitimate reason for need one argus99 heidia1438,1
10338,weapon,"odawara , japan",the thing with rule be break it once it become easy the next time .,0
10339,weapon,"houston , tx",I be sorry but if you have to resort to weapon to settle something you be a pussy win or lose take your shit like a man amp leave it at that,1
10340,weapon,"ely , cambridgeshire",incredulous at continued outcry of welfare be a waste of taxpayer money but never similar objection to 100bn on nuclear weapon,1
10341,weapon,,since the chemical-weapons ' red line ' warn on 20 august 2012 lcc have confirm that at least 96355 people have be kill in syria .,1
10342,weapon,"grc founder , 8,000 subscriber",weapon steal from national guard armory in new albany still miss gunsense,0
10344,weapon,beiruttoronto,friendly reminder that the only country to ever use nuclear weapon be the u.s. and it be against civilian .,1
10345,weapon,los angels,hello twitter i need some book blogger and interview regard my book weapon form against me ineedexposure,0
10348,weapon,,i like a youtube video from dannyonpc battlefield hardline - 11 new weapon - new map - throwingknifes !,0
10349,weapon,england,hiroshima and nagasaki i remember all those kill in alleged u war crime use nuclear weapon uswarcrimes,1
10350,weapon,incognito,wooooooo retweet gamerant call of duty black ops 3 sports mode let player ban weapon,0
10351,weapon,,a thought on not dismantle our weapon ' yet ',0
10352,weapon,regal island,weapon twin knife ojoubot,0
10355,weapon,,nro except when order not to carry unauthorized weapon while on duty or in military uniform . that the rule fool,1
10358,weapon,,ukraine argues for u weapon during pelosi 's visit to kiev,1
10359,weapon,california oregon peru,dorismatsui thank you for support the president . the irandeal take nuclear weapon out of the hand of iran and keep everyone safer .,0
10360,weapon,n. california usa,mere sight of a gun make police and public more aggressive expert say,0
10361,weapon,multinational,jamesmelville some old testimony of weapon use to promote conflict tactic - corruption amp infiltration of group,0
10364,weapon,,your router be one of the late dos attack weapon phone game tv news,0
10365,weapon,rural ohio fuck,eyecups erasuterism i love 96 get a life deco to death even if It be a bit tricky to be great with . glad more weapon be get splash wall,1
10366,weapon,?,battlefield 1942 forgotten hope secret weapon,1
10367,weapon,west,wii memory plus lesson of hiroshima we still need nuclear weapon denver billing rapidity seattle cheyenne,1
10368,weapon,"vermont , usa",i think this be my plan for retirement . check out the weapon of mass instruction ! bookmobile library read,0
10369,weapon,,bigbrother ch4 the x-37b 's big brother reveal boeing bag 6.6m contract to design ... - daily mail,0
10371,weapon,"hawthorne , ne",prime minister abe pledge to make every effort to seek a world without nuclear weapon .,1
10372,weapon,,davidhurn tokteacher why be there something in place to prevent skynet ? because perhaps there should be !,0
10374,weapon,? ?,i will adamantly oppose to nuclear weapon .,1
10375,weapon,rocky mountain,wii memory plus lesson of hiroshima we still need nuclear weapon denver billing rapidity seattle cheyenne,1
10376,weapon,"? ? ? ,",i like a youtube video from dannyonpc battlefield hardline - 11 new weapon - new map - throwingknifes !,0
10377,weapon,,kirstiealley animaladvocate or pay it for a photo safari no weapon allow . otherwisethey just like to kill something .,0
10378,weapon,kernow,slightly do not help that he have suh and wake in practice . but think he will get there . a lot of weapon ! finsup,0
10379,weapon,,glosblue66 no idea what this mean . look at our violent crime rate without weapon . ban gun we become like mexico not australia,0
10380,weapon,london,death certificate safes weapon and tesla def con 23 security,0
10381,weapon,"nottingham , england",i like a youtube video from dannyonpc battlefield hardline - 11 new weapon - new map - throwingknifes !,0
10382,weapon,california,navy no charge against officer for weapon violation in chattanooga attack,1
10383,weapon,the netherlands,' the reagan administration have arrange for israeli weapon to be send to the guatemalan army,1
10384,weapon,st. louis,in memory of the victim of hiroshima and nagasaki . never again ! ban nuclear weapon !,1
10385,whirlwind,"holly , mi",hey all you love bird ! we have be get submission for the whirlwind wedding war and they be so fantastic ! keep send them guy !,0
10387,whirlwind,somewhere between here there,i stand alone do not piss and moan about my choice make if i must reap the whirlwind so be it I will do so with demeanor calm and staid,0
10390,whirlwind,chicago,a quarter whirlwind . they do not see it come .,1
10392,whirlwind,frostburg,help I be in a whirlwind of nostalgia,0
10393,whirlwind,,sit in a café enjoy a bite and cramming for my meeting during my whirlwind 14-hours in nyc !,0
10394,whirlwind,thailand,weather forecast for thailand a whirlwind be come ... 2 september,1
10395,whirlwind,canterbury kent,only be back 10 amp a whirlwind have hit maiden start open his present straight away do not even get chance get in amp sit down laugh out loud,0
10396,whirlwind,,life can wild when ... you be catch in a whirlwind ?,1
10398,whirlwind,the sun 's corona,it be a whirlwind love affair that begin over back fat and grow into much more .,0
10399,whirlwind,140920-21 150718-19 beijing,eye smile . pretty smile . good hair . miss lucan in exo . ?,0
10401,whirlwind,london,new york a whirlwind day of activity in new york . breakfast at the millennium hotel united nation plaza . lunch ...,0
10402,whirlwind,world,pawsox owner public return from whirlwind trip to durham - knoxville news sentinel,0
10405,whirlwind,"harbor height , fl",drmartyfox in the u.s. government and lies make evil good and good evil . we will reap the whirlwind . lord have mercy on u .,0
10406,whirlwind,new york,back from seattle tacoma and portland . whirlwind !,1
10407,whirlwind,sheffbangorsalamancamadrid,vixmeldrew sound like a whirlwind life !,0
10409,whirlwind,stamford cork shropshire,i move to england five year ago today . what a whirlwind of time it have be !,1
10410,whirlwind,,whirlwind medusa audio snake 16 microphone input 0 return 150 feature,1
10411,whirlwind,140920-21 150718-19 beijing,info baekhyun and sumo will be attend the idol sport championship on august 10th cr syjexo,0
10412,whirlwind,kaumelitef ? vorsmofc,byuwnbeki the sad eye and tacit story in your heart that night in which the whirlwind be rag,1
10413,whirlwind,"orlando , fl",my mantra this morning ! head out to make a whirlwind trip down south,0
10414,whirlwind,"nairobi , kenya",whirlwind that have last for more than an hour and still strong . a standstill in part of middle east .,1
10415,whirlwind,richardson tx,? throwback thurs ? ? will you still love me tomorrow ? lucymayofficial ? ? whirlwind,0
10416,whirlwind,,last second outbid rt ? 30pcs 12mm ab resin flower whirlwind fatback rhinestone wed decoration ? please fa,0
10418,whirlwind,"london , sydney",two hour to get to a client meeting . whirlwind of emotion with this tubestrike,1
10419,whirlwind,la vega,whirlwind head scissor on alexhammerstone kttape ktfounder remymarcel frofrofro,0
10420,whirlwind,,feel like I have get no control of anything that go on in my life at the minute . whirlwind drain,1
10421,whirlwind,internet,richard return after whirlwind few day mlb,1
10422,whirlwind,florida,set a new record ... 7 state in 4 day . i do not even know where i be when i wake up anymore . what a whirlwind ! love every minute though .,0
10423,whirlwind,pittsburgh,reap the whirlwind,0
10424,whirlwind,where i need to be,theemobrago back do another jitsu make a hexagon on the ground a you lay there . 64 palm of whirlwind i yell a air begin to,0
10426,whirlwind,"here , unless there .",ckosova read whirlwind about this subject amongst others . the bomb save million of life yes that be true .,1
10427,whirlwind,manchester,in edfringe ? we highly recommend m00nf00l titania summerhallery a whirlwind reimagining shakespeare 's midsummer,0
10428,whirlwind,nepa570,the whirlwind ! scourge of europe ! retweet whedonesque or you could just watch the fanged four,0
10429,whirlwind,,whirlwind weekend 1 start in 12 hour cantwaittoplayinminneapolis,0
10430,whirlwind,"pettyville , usa",this week have be a whirlwind but this be exactly what i imagine the new york city version of my career to be like,0
10431,whirlwind,phil .,my girl get a girlfriend chevy blue like whirlwind .,0
10432,whirlwind,"brooklyn , new york city",picthis and im off ! thank you so much toronto . it have be such a whirlwind of amazingness . so glad i finally,0
10433,whirlwind,atlanta - fau class of ' 18,this past week have be an absolute whirlwind ... athens bound,1
10434,whirlwind,"bristol , england",win lisowski whitewash the whirlwind 5-0 in round 2 of shanghai master equals ! snooker,1
10436,wild20fires,houston,a wild fire blacken northern california parch harris county become tinder box .,1
10439,wild20fires,twitterville,collection of articals and video of west coast wild fire by abc,1
10441,wild20fires,,my brother-n-law riooooos get the call to head up north and fight the wild fire . dudes a beast at,1
10443,wild20fires,eastern iowa,several wild fire have burn a lot of land in california . here be one of the large fire .,1
10444,wild20fires,"los angels , ca",map show where all of california 's wildfire be burn this map create by cal fire,1
10445,wild20fires,,some great footage of strong work from san bernardine county fire who be also work the wild fire right now ...,1
10446,wild20fires,,god forbid this be true california have enough problem with severe drought amp wild fire . nuclear power sanonofre,1
10448,wild20fires,"fort walton beach , fl",firefighter head to california to fight wild fire,1
10449,wild20fires,usa,foxdebatequestions to what degree have obama 's effort to institute sharia law exacerbate the california wild fire ?,1
10450,wild20fires,"dallas , tx",prayer for my cousin ! he be in california help with the wild fire .,1
10451,wild20fires,"toronto , bob-lo , miami beach",catastrophic wild fire threaten u.s. mid west amp republicans fight new climate change rule i guess this be the ultimate in darwinism,1
10455,wild20fires,"north carolina , usa",jennife29916207 i be think about you today when i be read about the wild fire,1
10456,wild20fires,planet earth,cnni prisonplanet climate change cnn weather ' specialist ' warningwild fire rain flood note about the sun ?,1
10457,wild20fires,"los angels , ca",senfeinstein thanks sen. einstein now hurry home because california be a huge uncontrolled wild fire . lightening be start new fire .,1
10458,wild20fires,nap central,wild fire freak me the fuck out . like hell no,1
10461,wild20fires,"loathe , ks",man ! what i would give to be in ca right now to help with the wild fire .,1
10462,wild20fires,madrid,in europe nature be kind while in u they have tornados hurricane wild fire earthquakes flash flood mega snow drought .,1
10464,wild20fires,"johannesburg , south africa",they should just have load shed permanently and we will all just live like we in the wild and have camp fire cook with fire and so on,0
10466,wild20fires,"hartford , connecticut",firefighter from connecticut be head to california to fight wild fire,1
10467,wild20fires,new jersey,these wild fire out west be crazy .,1
10468,wild20fires,"cedar island , clinton ct 06413",deep crew to help with california wild fire via thedayct,1
10470,wild20fires,,ariaahrary thetawniest the out of control wild fire in california even in the northern part of the state . very troubling .,1
10471,wild20fires,,full episode wn 080215 california wild fire force 12000 to evacuate worldnews,1
10472,wild20fires,"west vancouver , b.c .",man sell wild morel at ambleside farm mart.sun.-mushroom foragesecret be to know what tree they grow under amp best after forest fire,0
10473,wild20fires,"london , uk",randerson62 watch news of wild fire and hope all be ok .,1
10478,wild20fires,indiana,' your love will surely come find u like blaze wild fire sing your name ',0
10479,wild20fires,,enzasbargains a5 donate some fruit snack amp hands wipe to our fire fighter battle wild fire ! profittothepeople,1
10481,wild20fires,,wild land fire ... here i come . ?,1
10482,wild20fires,canada,wbcshirl2 yes god doessnt change he say not to rejoice over the fall of people or calamity like wild fire ect you wan na be punish ?,0
10483,wild20fires,,my heart go out to all those effect by the wild fire in cali ?,1
10484,wild20fires,united state of america,wild fire in california ... must be global warming . can not just be extreme heat combine with dry foliage ignite by some douchebag hiker .,1
10485,wildfire,"tucson , az",do the fingerrockfire make you wonder ' be i prepare for a wildfire ' . find out at azwx,1
10486,wildfire,,kc5kh mhtw4fnet crew gain on huge northern california wildfire - cbs news,1
10487,wildfire,get our application,fire in pisgah national forest grow to 375 acre - soc charlotte,1
10488,wildfire,,route complex be fire update route complex wildfire fire update route complex thursday morning aug ... afire,1
10489,wildfire,,parker ridge fact sheet aug 6 2015 parker ridge wildfire information phone 208-267-6773 email pa ... idfire,1
10490,wildfire,vail valley,we should all have a fire safety plan . retweet mattkroschel mock wildfire near vail a agency prepare for the bad .,0
10492,wildfire,amsterdam san francisco,' some hearth they burn like a wildfire ' by bee knee,1
10496,wildfire,australia,nowplaying gt amp wildfire feat . freak in love feel like it should original mix massive dance radio listenlive,0
10498,wildfire,,drone under fire official offer 75000 reward lead to pilot who fly over wildfire photography art,1
10499,wildfire,"ashland , oregon",be ember aware !,1
10500,wildfire,worldwide,california wildfire destroy more home but crew advance free tool online,1
10502,wildfire,,idfire parker ridge fact sheet aug 6 2015 parker ridge wildfire information phone 208-267-6773 email pa ...,1
10503,wildfire,"riverside , california .",be la at risk for a giant wildfire ? - which way l.a. ? on kcrw,1
10505,wildfire,"oakland , ca",california be battle it scariest 2015 wildfire so far .,1
10506,wildfire,,wildfire burn on california u.s. china economic net,1
10508,wildfire,"ottawa , canada",dr. bengston on wildfire management number and size of fire area affect and cost of fight them all show upward trend . seem,1
10511,wildfire,usa,the late washington wildfire miss town evacuation end - khq right now,1
10513,wildfire,"columbus , oh",i honestly wonder what it be that i have to do so wrong to lose everyone .,0
10515,wildfire,around the world,photo the rocky fire have grow into california 's most destructive wildfire this year .,1
10516,wildfire,washington state,wildfire near columbia river town be 50 percent contain firenews wa,1
10517,wildfire,,! resident return to destroy home a washington wildfire burn on,1
10518,wildfire,"california , usa",california be battle it scariest 2015 wildfire so far - the rocky fire,1
10519,wildfire,,solitude fire update august 6 2015 solitude wildfire summary this lightning-caused fire be be ... utfire,1
10520,wildfire,lancaster california,the late more home raze by northern california wildfire - lancasteronline lancaster,1
10521,wildfire,,reuters top news photos the rocky fire have grow into california 's most ... - newsintweets,1
10522,wildfire,,this machine really capture my attention . helicopter firefighting wildfire oregon easternoregon,1
10523,wildfire,? cloud mafia ?,wildfire ? brush that be the lady from milan !,0
10524,wildfire,,for those impact by the calwildfires here be some great recovery tip to help you in the aftermath,1
10525,wildfire,,idfire cherokee road and road 22 three sister wildfire there be two road close to the general public ...,1
10527,wildfire,"eddyville , oregon 97343",oregon 's big wildfire slow growth via katunews,1
10529,wildfire,,medium release - firefighter ask hiker to sign-in at local railhead parker ridge wildfire parker ... idfire,1
10533,wildfire,usa,the late wildfire destroy more home but crew advance - wow tv news 18,1
10534,wildfire,"bakersfield , california",california wildfire destroy more home but crew advance .,1
10535,windstorm,"galveston , texas",for sixth year in a row premium cost for windstorm insurance to climb . this time by 5 percent . galvnews,0
10536,windstorm,,windstorm lastingness perquisite - acquiesce in a twister retreat ziuw,1
10537,windstorm,chicago,' my fifty online date and why I be still single ' by michael windstorm 2.99 bampn nook book thebachelorette,0
10540,windstorm,"palm beach county , fl",reality training train fall off elevated track during windstorm paramedic em,1
10541,windstorm,,texas seek comment on rule for change to windstorm insurer insurance,0
10543,windstorm,,ij texas seek comment on rule for change to windstorm insurer,1
10544,windstorm,"victoria , bc",look outside at the windstorm niiiice,1
10545,windstorm,,texas seek comment on rule for change to windstorminsurer,1
10546,windstorm,georgia ? tennessee,when i breathe it sound like a windstorm . hah cool,0
10548,windstorm,,windstorm wsvr1686b cover for v-hull runabout boat include euro-style with wi,0
10550,windstorm,"lagos , nigeria",enema ekiti distribute relief material to affected victim of rainwindstorm disaster at ode-ekiti in gbonyin lga .,1
10551,windstorm,puerto rico,reality training train fall off elevated track during windstorm,1
10552,windstorm,,insurance texas seek comment on rule for change to windstorm insurer the texas department of insurance be ...,1
10553,windstorm,"gettysburg , pa",nowplaying school of seven bell - windstorm wzbt,0
10554,windstorm,"austin , texas",windstorm board oks rate hike before change politics txlege twin,0
10555,windstorm,,reality training train fall off elevated track during windstorm fire em,1
10557,windstorm,florida usa,one thing i wan na see before i diet trump standing in a good windstorm with no hat on ! hardball,0
10558,windstorm,"hermitage , pa",chriscesq the average gop voter would go to a big-tent circus in a hailstormwindstorm no ? -,0
10559,windstorm,,charlesadler ian lee 's word be like ' a fart in a windstorm ' . such a browner .,0
10560,windstorm,"jakarta , indonesia",texas seek comment on rule for change to windstorm insurer,0
10561,windstorm,puerto rico,reality training train fall off elevated track during windstorm,1
10562,windstorm,"san diego , ca",texas seek comment on rule for change to windstorm insurer,0
10563,windstorm,"calgary , ab",my precious olive tree lose this battle ... another crazy windstorm in yyc ! weathernetwork,1
10564,windstorm,"newton , nj 07860",shirley caesar - windstorm nowplaying listenlive,0
10565,windstorm,,if you find your patio table umbrella and chair flip over and suspect foul play instead of windstorm you may be a suspense writer .,0
10566,windstorm,sheheryour majestyempress,i like the weird one like rain of mystical or windstorm or ocean wave,0
10567,windstorm,,a fierce windstorm can not take place without da calmstillness of the eyecenter so with that say ur internal aspect weigh more than external,0
10568,windstorm,,nw michigan windstorm sheer recovery update leelanau amp grand traverse - state of emergency 2b extend besafe,1
10570,windstorm,houston,new roof and hardy up ... windstorm inspection tomorrow,0
10571,windstorm,,school of seven bell - windstorm nowplaying,0
10573,windstorm,lynbrook,insurance texas seek comment on rule for change to windstorm insurer,0
10574,windstorm,argus industry m666m,damn ... be wonder where my drone end up after the freak windstorm ... ?,1
10575,windstorm,,blakeshelton do not be a fart ? in a windstorm.follow me already . jeez .,1
10576,windstorm,"friendswood , tx",twin board approve 5 percent rate hike the texas windstorm insurance association twin board of director v ...,0
10578,windstorm,"sugar land , tx",texas seek comment on rule for change to windstorm insurer via journal,0
10580,windstorm,a property of the universe,the windstorm blew thru my open window and now my bong be in piece just another example of nature 's indifference to human suffering,0
10581,windstorm,chicago,' my fifty online date and why I be still single ' by michael windstorm 2.99 amazon kindle datingtips goodreads,0
10582,windstorm,home be where we park it !,rangerkaitimay have major windstorm thunder and some rain down here near jackson ... calm now .,1
10583,windstorm,"webster , tx",twin board approve 5 percent rate hike the texas windstorm insurance association twin board of director v ...,1
10584,windstorm,,texas seek comment on rule for change to windstorm insurer,0
10585,wound,,gunman kill four in el salvador bus attack suspect salvadoran gang member kill four people and wound s ...,1
10587,wound,"maracay y nirgua , venezuela",police officer wound suspect dead after exchange shot,1
10588,wound,north cack919,i also love ' bury my heart at wounded knee ' too ! thegame,0
10589,wound,"scottsdale , az",the whole food stamp gov . assistance program need to be retool for wounded veteran retiree and handicap only . nomorehandouts,0
10590,wound,united state,gunman open fire on bus near el salvador 's capital kill 4 a week after gang attack kill 8 bus driver bite,1
10591,wound,"paterson , new jersey",officer wound suspect kill in exchange of gunfire richmond police officer wound suspect kill in exc ...,1
10592,wound,new york,one man fatally shoot another wound on vermont street buffalo -,1
10593,wound,venezuela,richmond police officer wound suspect kill,1
10596,wound,"victoria , canada",twilight 's encore wound heart book 3 by jacque bigger via amazon kindlecountdown sale mfrwauthor mgtab,0
10598,wound,film out late 2015,prince phillip say of the number of those murder by the british at amritsar ... that a bit exaggerated it must include the wounded .,1
10599,wound,"miami , fla",california cop have sketch of gunman who kill one wound two deputy via the foxnews application,1
10600,wound,santa domingo,police officer wound suspect dead after exchange shot richmond police officer wound suspect kill after exchange of gunfire,1
10601,wound,"illinois , usa",let u not forget our wounded female veteran .,1
10603,wound,worldwide - global,gunman kill four in el salvador bus attack suspect salvadoran gang member kill four people and wound s ...,1
10605,wound,,have you ever see the president who kill your wounded child ? or the man that crash your sister 's plane claiming ' he be send of god ?,0
10606,wound,usa,one man fatally shoot another wound on vermont street buffalo -,1
10607,wound,"suva , fiji island .",general audience on wounded family zenith - the world see from rome,0
10608,wound,,description of ' wounded cat be ' excite ',0
10609,wound,,love be the weapon for this wounded generation lt3,0
10610,wound,,asterpuppet wound and carry her back to where his brother and sister be and enter the air ship to go back to academia,0
10611,wound,america newsroom,police officer wound suspect dead after exchange shot richmond va. ap a richmond police officer wa ...,1
10612,wound,,police officer wound suspect dead after exchange shot -,1
10613,wound,usa,police officer wound suspect dead after exchange shot abc news an247,1
10615,wound,yoga berhati nyeman,wocowae police officer wound suspect dead after exchange shot used,1
10616,wound,"washington , d.c .",the police chief assure the crowd that this officer-related shooting would be investigate,1
10620,wound,,police officer wound suspect dead after exchange shot richmond police officer wound suspect kill a ...,1
10621,wound,"brooklyn , ny",I be liable to sound like a wounded animal during sex if the ? be good laugh out loud,0
10622,wound,worldwide,officer wound suspect kill in exchange of gunfire richmond police officer wound suspect kill in exc ...,1
10623,wound,,police officer wound suspect dead after exchange shot,1
10625,wound,,officer wound suspect kill in exchange of gunfire richmond police say an officer have be wound and a ...,1
10626,wound,"fredericksburg , virginia",.wwp be serve more than 75k veteran . 52k oifoef vet have physical wound many more have invisible one client,1
10627,wound,"england , united kingdom",latestnews police officer wound suspect dead after exchange shot richmond va. ap a richmond pol ...,1
10628,wound,usa,abc news police officer wound suspect dead after exchange shot . more news -,1
10629,wound,,national free root beer float day be tomorrow at aampw from 2pm-close ! help support the wounded warrior project with donation !,0
10630,wound,wherever I be need,- small bag from the bottom the wounded hero shake it . a senzu bean fall from it . gohans surprise . shake the pouch once more but -,0
10631,wound,yoga berhati nyeman,wocowae officer wound suspect kill in exchange of gunfire used,1
10632,wound,"paterson , new jersey",police officer wound suspect dead after exchange shot richmond police officer wound suspect kill a ...,1
10636,wound,charlotte,gunshot wound 9 be in the bicep . the only one of the ten wound that be not in the chesttorso area . kerricktrial jonathanferrell,1
10637,wound,"sale , england",charlesdagnall he be get 50 here i think . salt . wound . rub . in .,0
10640,wound,"newcastle , england",not like rubbing salt in the wound dad ... ?,0
10641,wound,kashmir !,read the unhealed wound of an unending conflict kashmir pakistan india endoccupation endconflict freekashmir,1
10644,wound,,we would become the mirror that reflect each other 's most private wound and desire .,0
10647,wound,kashmir !,acc to the study conduct by skim morethan 50 population in kashmir suffer psychiatric disorder kashmirconflict,1
10648,wound,in my head,you be equally a scar cause this somehow start to heal you fill your wound that you once think be permanent .,0
10650,wound,earth,retweet dianne gunshot wound 9 be in the bicep . only 1 of the 10 wound that be not in the chesttorso area . kerricktrial jonathanferrell,0
10651,wound,,white people bruise easily ... where ur bullet wound at ?,0
10655,wound,"rutherfordton , nc",help yourself or those you love who suffer from self-esteem wound . you can today !,0
10656,wound,lake highland,crack in the path where i wipe out this morning during beach run . surface wound on left elbow and right knee .,0
10657,wound,"charlotte , n.c .",dr. owen say four of ferrell 's ten bullet wound be ' rapidly lethal ' kerricktrial twcnewsclt,1
10658,wound,"iphone 33.104393 , -96.628624",mattmosley post a pic of your wound please,0
10659,wound,,11 puncture wound,0
10660,wound,united state,have your wound kiss by someone who do not see them a disaster in your soul but rather crack to pour their love into be amazing .,0
10662,wound,the american wasteland mv,fevwarrior -in the vault that could take a look at those wound of yours if You would like to go to one of these place first . ' marry have had,0
10663,wound,,cut for some celebrity and then post the wound online be a no-go .,0
10665,wound,"cleveland , oh",if time heals all wound how come the belly button stay the same ?,0
10666,wound,cape town,and i think my surgical wound be heal ! this weather be not help either,0
10667,wound,,woodlawn shoot wound 79-year-old woman teen - woodlawn - chicago,1
10669,wound,"kaduna , nigeria",it be not always friendship when kiss show up neither be it always enmity that show up when wound show up . bishopfred,0
10671,wound,shady pine,i keep scroll to find out what he say or do ... but there seem to be no exact start point . wound run deep .,0
10672,wound,"wale , united kingdom",britishbakeoff this have open up old bake alaskan shape wound . too soon gabo too soon ... neverforget,0
10673,wound,alexmikaleo18heshethey,egoresolution im glad . my gay can heal 1000 wound,0
10675,wound,north carolina,court back in session . testimony continue with med . examiner discuss gunshot wound kerricktrial,0
10676,wound,? gangsta original content mv rp 18. ?,icymagistrate her upper arm those frigging icicle projectile and leg from various other wound the girl look like a miniature more,1
10677,wound,earth senseless nonsense,explosion in gaza strip kill four wound 30 cause unknown via reuters,1
10678,wound,"tampa , fl",nicolaclements4 im not sure that cover my head in wound and scab be the solution,0
10679,wound,not steven yen amc .,dauntedpsyche - man gently dab the cotton rag across each one of his wound the pain a lot more bad than glenn have ever -,0
10680,wound,"cody , austin follow ?",crawl in my skin these wound they will not hea,1
10681,wound,"paterson , new jersey",driver ram car into israeli soldier wound 3 military a driver ram a car into a group of israeli sold ...,1
10682,wound,,borrower - fresh wound over old scar 2015 death metal,1
10684,wound,charlotte,me say many of these wound could be fatal some rather quickly others slow and a couple not lethal at all . kerricktrial,0
10685,wreck,moss chamber b,squeaker just hanging out in star buck watching my boy wreck this septic tank,0
10686,wreck,,captainnmorgan car wreck ?,1
10687,wreck,,i be a wreck,0
10688,wreck,110 baron squad,season 3 of new girl be such a emotional train wreck i just want to cry laugh and eat a lot of ice cream,0
10689,wreck,,wreck ? wreck wreck wreck wreck wreck wreck wreck wreck wreck wreck wreck wreck ?,0
10690,wreck,argentina,do i drink too much ? be i lose touch ? do i build a ship to wreck ?,0
10691,wreck,? currently write a book ?,I be a frigging wreck destiel suck read the vine description,0
10692,wreck,"lebanon , tennessee",watertown gazette owner charge in wreck,1
10693,wreck,pratt-on-wye,how many car do those cyclist wreck go past scratch with pedal . they should be ban c4news,0
10695,wreck,"somerset , uk",large ship wreck fish tank ornament for sale large ship wreck fish tank aqua ...,0
10696,wreck,"victoria , bc",memenaar but the design decision to ' let 's make something fresh and beautiful and wonderful and then wreck it ' be kindof odd in retrospect,0
10698,wreck,united state,pokemoncards icequeenfroslas why do they have to wreck it with on sale here -,0
10700,wreck,,rank artectura pop2015 n36 florence the machine - ship to wreck music playlist youtube,0
10702,wreck,,the sunset boys wreck my bed original 1979 usa gimp label vinyl 7 ' 45 newave,1
10704,wreck,"atlanta , georgia",trump debate will be most highly watched show tonight even among progressive . i too will watch hop for a spectacular flaming wreck .,0
10705,wreck,"sf bay area , california great phoenix , az",anyone know if fox news will be live-streaming tonight republican debate online ? i want to watch the train wreck .,0
10706,wreck,baltimore,girlthatsrio have my uncle wreck their shit,0
10707,wreck,"alabama , usa",first wreck today . so so glad me and mom be okay . could have be a lot bad . so happy the lord be with u today ?,0
10708,wreck,,I be an emotional wreck right now .,0
10709,wreck,,my emotion be a train wreck . my body be a train wreck . I be a wreck,0
10710,wreck,new york,act my age be a mess everyone be so wild it be so fun my video a wreck,0
10711,wreck,primus non nocere,georgefoster72 and the wreck of the edmund fitzgerald,1
10712,wreck,"orlando , fl",gop debate drinking game . for anyone look for a bit of fun while watch this train wreck .,0
10715,wreck,,wreck with road blockage woodward avenue northbound at davidson in m.s . shoalstraffic,1
10718,wreck,"arlington , tx",got in a car wreck . the car in front of me do not put their blinker on - but it really do feel great outside so laugh out loud,0
10720,wreck,"gwersyllt , wale",do not think i can take anymore emotional wreck watch emmerdale summerfate mikeparractor misscharleywebb,0
10721,wreck,grenville,the court system be truly broken indeed ! but then it no surprise base on who It be run by !,0
10722,wreck,"grenville , s.c .",greer man die in wreck,1
10723,wreck,united state,amazondeals skylanders trap team flip wreck character pack - down 4.53 0.45 to 9.49 from 9.94 sale,0
10724,wreck,"innsmouth , mass .",a staged locomotive wreck what could possibly go wrong ?,0
10726,wreck,,i still do not see the point of a frozen sequel like where be the wreck it ralph sequel,0
10727,wreck,709 ?,i still need to finish the lover but I be watch this other drama for 8 hour now and I be an emotional wreck so the lover need to wait,0
10729,wreck,norwich,oh my god if cain dy i will be an emotional wreck emmerdale,1
10730,wreck,,titortau the loretta lynch one be fucking ' hilarious to watch in mealtime . it be like a train wreck of fact-checking and ombudsmanship .,0
10731,wreck,canada bc,raineishida lol ... im just a nervous wreck p,0
10732,wreck,"plano , il",amazon prime day 12 quick takeaway from amazon magnificent train wreck -,0
10733,wreck,scumbernauld,I be an emotional wreck watch emmerdale,0
10735,wreckage,mumbai,wreckage ' conclusively confirm ' a from mh370 malaysia pm investigator and the family of those who be ...,1
10736,wreckage,tokyo,wreckage confirm a part of miss malaysia airline flight mh370 vice news,1
10737,wreckage,,wreckage ' conclusively confirm ' a from mh370 malaysia pm investigator and the family of those who be ...,1
10739,wreckage,sydney,mh370 victim 's family furious the medium be tell about wreckage confirmation first,1
10741,wreckage,,wreckage ' conclusively confirm ' a from mh370 malaysia pm investigator and the family of those who be ...,1
10743,wreckage,worldwide,australia news retweet janeenorman ' high probability ' aircraft wreckage be from mh370 accord to deputy prime,1
10744,wreckage,mumbai,wreckage ' conclusively confirm ' a from mh370 malaysia pm investigator and the family of those who be ...,1
10745,wreckage,hanna,wreckage ' conclusively confirm ' a from mh370 malaysia pm investigator and the family of those who be ...,1
10746,wreckage,,koala lumper reuters - a piece of a wing that wash up on an indian ocean island beach last week be part of the wreckage of malaysian a,1
10747,wreckage,,science now that a piece of wreckage from flight mh370 have be confirm on union island be it possible t ...,1
10748,wreckage,africa,malaysia prime minister confirms wreckage belongs to mh370,1
10749,wreckage,,wreckage ' conclusively confirm ' a from mh370 malaysia pm investigator and the family of those who be ...,1
10750,wreckage,"mumbai , maharashtra",wreckage ' conclusively confirm ' a from mh370 malaysia pm investigator and the family of those who be ...,1
10751,wreckage,bangkok,central intelligence agency plot ! roll eyes retweet ajabrown chinese relative of mh370 victim say reunion island wreckage be plant,1
10752,wreckage,mumbai,wreckage ' conclusively confirm ' a from mh370 malaysia pm investigator and the family of those who be ...,1
10753,wreckage,mumbai,wreckage ' conclusively confirm ' a from mh370 malaysia pm investigator and the family of those who be ...,1
10754,wreckage,punjab,wreckage ' conclusively confirm ' a from mh370 malaysia prime minister,1
10755,wreckage,,relate news plane wreckage find be part of miss mh370 malaysia prime minister ? say - world - buzzfeed,1
10759,wreckage,southern california,malaysian prime minister say reunion island wreckage be from mh370 via slate,1
10760,wreckage,,wreckage ' conclusively confirm ' a from mh370 malaysia pm investigator and the family of those who be ...,1
10763,wreckage,,the first piece of wreckage from the first-ever lose boeing 777 which vanish back in early march along with the 239 people on board have,1
10764,wreckage,"dublin city , ireland",wreckage ' conclusively confirm ' a from mh370 malaysia pm investigator and the family of those who be ...,1
10765,wreckage,itunes,science now that a piece of wreckage from flight mh370 have be confirm on union island be it possible t ...,1
10766,wreckage,mumbai,wreckage ' conclusively confirm ' a from mh370 malaysia pm investigator and the family of those who be ...,1
10767,wreckage,uk,wreckage ' conclusively confirm ' a from mh370 malaysia pm investigator and the family of those who be ...,1
10768,wreckage,,wreckage be mh370 najib mh370 najibrazak malaysiaairlines,1
10769,wreckage,"no id , no vote !",check out ' malaysia confirms plane wreckage be from flight mh370 ' at,1
10770,wreckage,itunes,science now that a piece of wreckage from flight mh370 have be confirm on union island be it possible t ...,1
10771,wreckage,mumbai,wreckage ' conclusively confirm ' a from mh370 malaysia prime minister,1
10772,wreckage,mumbai,wreckage ' conclusively confirm ' a from mh370 malaysia pm investigator and the family of those who be ...,1
10774,wreckage,,wreckage ' conclusively confirm ' a from mh370 malaysia prime minister,1
10775,wreckage,mumbai,wreckage ' conclusively confirm ' a from mh370 malaysia pm investigator and the family of those who be ...,1
10776,wreckage,india,wreckage ' conclusively confirm ' a from mh370 malaysia prime minister,1
10777,wreckage,,wreckage ' conclusively confirm ' a from mh370 malaysia pm investigator and the family of those who be ...,1
10779,wreckage,maharashtra,wreckage ' conclusively confirm ' a from mh370 malaysia pm investigator and the family of those who be ...,1
10780,wreckage,mumbai,wreckage ' conclusively confirm ' a from mh370 malaysia pm investigator and the family of those who be ...,1
10782,wreckage,"new delhi , india",wreckage ' conclusively confirm ' a from mh370 malaysia pm investigator and the family of those who be ...,1
10783,wreckage,"xi'an , china",wreckage ' conclusively confirm ' a from miss flight mh370 via yahoonewsdigest,1
10784,wreckage,mumbai,wreckage ' conclusively confirm ' a from mh370 malaysia pm investigator and the family of those who be ...,1
10785,wreck,"brooklyn , ny",wreck an hour on youtube with julianlage grantgordy amp rossmartin7 and now It be practice time again .,0
10786,wreck,robin hood 's county,late night mcdonald's with friend hilarious although my car be wreck and there be half a steak paste in the industrial estate,0
10787,wreck,,good luck to everyone who have school soon but your sleeping schedule be wreck beyond repair,0
10788,wreck,united state,i wonder how time someone have wreck try to do the ' stare and drive ' move from 2 fast 2 furious,0
10789,wreck,pennsylvania,four hundred wrecked car cost 100 apiece be purchase for the making of this 1986 film -,0
10790,wreck,,crater tigers 3 word that wreck disney stock cnbc,0
10793,wreck,,poor liv and i get our phone wreck on the same day oliviaapalmerr thatswhatfriendsarefor,0
10794,wreck,,on the freeway to africa today i learn i wreck my audi,0
10795,wreck,"santa cruz , ca",israel wreck my home . now it want my land .,1
10798,wreck,,news crater tiger 's 3 word that wreck disney 's stock tilnow cnbc,0
10799,wreck,,james kunstler how bad architecture wreck city residualincome mlm,0
10800,wreck,milwaukee county,tiger 's 3 word that wreck disney 's stock,0
10802,wreck,"click the link below , okay",the twitter update pretty much wreck the application,0
10803,wreck,,you wreck me . never felt so low in my life . but It be okay god get me,0
10805,wreck,probably not home,coleslaw wreck,0
10808,wreck,,300k exotic car wreck in train accident,1
10809,wreck,,the twin pitcher 's ego be now wrecked,0
10810,wreck,6,tuneswgg lol . you get wreck,0
10811,wreck,,you wreck my whole world,0
10812,wreck,,i wreck my stomach help,0
10813,wreck,,ohhmyjoshh stevenrulles he not gon na be think that when he get his shit wreck on the first day of school ?,0
10814,wreck,,wreck tired but not gon na be asleep before 3 ?,0
10815,wreck,united state,crater tiger 's 3 word that wreck disney 's stock,0
10817,wreck,at your back,wrecked emotion .,0
10818,wreck,,the riddler would be the best early-exit primary presidential wannabe ever all certain of his chance until he get wreck by a rich guy,0
10819,wreck,"livingston , mt",marynmck that be beyond adorable . i hope it will not be wreck now that It be be noticed ...,0
10821,wreck,california,crater tiger 's 3 word that wreck disney 's stock cnbc topnews,0
10822,wreck,glasgow,caitsroberts see you the night wee barry to get absolutely wreck ?,0
10823,wreck,"manhattan , ny",kirafrog mountwario do you get wreck again ?,1
10824,wreck,"denton , texas",have an awesome time getting wreck at bowl last night !,0
10825,wreck,global,crater 3 word that wreck dis stock -,0
10826,wreck,tn,on the bright side i wreck,0
10827,wreck,,he just wreck all of you,0
10829,wreck,newcastleupontyne uk,widda16 ... he be go . you can relax . i think the wife who wreck her cake be a goner mind laugh out loud whoop,0
10830,wreck,,jtruff23 cameronhacker and i wreck you both,0
10831,wreck,"vancouver , canada",three day off from work and they have pretty much all be wreck hahaha shootout to my family for that one,0
10832,wreck,london,fx fore trading crater tiger 's 3 word that wreck disney 's stock,0
10833,wreck,lincoln,engineshed great atmosphere at the british lion gig tonight . hearing be wreck .,0
10834,wreck,,crater tiger 's 3 word that wreck disney 's stock - cnbc,0
10835,,,pic of 16yr old pkk suicide bomber who detonate bomb in turkey army trench release,1
10837,,,these box be ready to explode ! explode kitten finally arrive ! gameofkittens explodingkittens,0
10839,,,calgary police flood road closure in calgary .,1
10840,,,gismo detectado japs 154107 seismic intensity 0 irate miyagi jst ?,1
10841,,,siren everywhere !,0
10842,,,break isi claim responsibility for mosque attack in saudi arabia that kill 13,1
10843,,,oh my god earthquake,1
10844,,,severe weather bulletin no . 5 for typhoon hannah soudelor tropical cyclone warn issue at 500 prime minister 06 ...,1
10846,,,heat wave warn aa ? ayyo dei . just when i plan to visit friend after a year .,1
10847,,,an be group suicide bomber detonate an explosives-packed vest in a mosque inside a saudi special force headquarters kill 15 people .,1
10848,,,i just hear a really loud bang and everyone be asleep great,0
10849,,,a gas thing just explode and i heard scream and now the whole street smell of gas ... ?,1
10850,,,nws flash flood warn continue for shelby county until 0800 prime minister wednesday . tnwx,1
10851,,,retweet livingsafely nws issue severe thunderstorm warning for part of ar nc ok. expect more trauma case,1
10852,,,? ? ? ? mh370 aircraft debris find on la reunion be from miss malaysia airline ...,1
10853,,,father-of-three lose control of car after overtake and collide bathandnortheastsomerset,1
10854,,,1.3 earthquake in 9km ssw of anna california iphone user download the earthquake application for more information,1
10855,,,evacuation order lift for town of roosevelt,1
10859,,,break la refugio oil spill may have be costly big than project,1
10860,,,a siren just go off and it be not the horney tornado warning ?,1
10862,,,official say a quarantine be in place at an alabama home over a possible ebola case after develop symptom ...,1
10863,,,worldnews fall powerlines on link tram update fire crew have evacuate up to 30 passenger who be tr ...,1
10864,,,on the flip side I be at walmart and there be a bomb and everyone have to evacuate so stay tuned if i blow up or not,1
10866,,,suicide bomber kill 15 in saudi security site mosque - reuters via world - google news - wall ...,1
10867,,,stormchase violent record break ef-5 el reno oklahoma tornado nearly run over ... -,1
10869,,,two giant crane hold a bridge collapse into nearby home,1
10870,,,ariaahrary thetawniest the out of control wild fire in california even in the northern part of the state . very troubling .,1
10871,,,m1.94 0104 utc ? 5km s of volcano hawaii .,1
10872,,,police investigate after an e-bike collided with a car in little portugal . e-bike rider suffer serious non-life threatening injury .,1
10873,,,the late more home raze by northern california wildfire - abc news,1
